condition_code,run,seed,scientific_status,final_generation,final_population_size,latest_checkpoint,latest_checkpoint_generation,provenance_file,git_commit
HHHHHHH-HH,1,15993074244531042095,host_extinction,11,0,state-001-001-0000000.gz,0,TE-Interaction-Experiments/HHHHHHH-HH/provenance-001-001.json,ee6a78f884798442b70624bf215292b2aadfdf8d
HHHHHHH-HH,2,5230014347539899032,host_extinction,10,0,state-002-001-0000000.gz,0,TE-Interaction-Experiments/HHHHHHH-HH/provenance-002-001.json,ee6a78f884798442b70624bf215292b2aadfdf8d
HHHHHHH-HH,3,11193307786945781508,host_extinction,10,0,state-003-001-0000000.gz,0,TE-Interaction-Experiments/HHHHHHH-HH/provenance-003-001.json,ee6a78f884798442b70624bf215292b2aadfdf8d
HHHHHHH-HL,1,3244083580825990857,host_extinction,8,0,state-001-001-0000000.gz,0,TE-Interaction-Experiments/HHHHHHH-HL/provenance-001-001.json,ee6a78f884798442b70624bf215292b2aadfdf8d
HHHHHHH-HL,2,17245834549017499285,maximum_generations,1500,290,state-002-001-0001500.gz,1500,TE-Interaction-Experiments/HHHHHHH-HL/provenance-002-001.json,ee6a78f884798442b70624bf215292b2aadfdf8d
HHHHHHH-HL,3,6124166682259072156,host_extinction,9,0,state-003-001-0000000.gz,0,TE-Interaction-Experiments/HHHHHHH-HL/provenance-003-001.json,ee6a78f884798442b70624bf215292b2aadfdf8d
HHHHHHH-LH,1,16979071254088669592,host_extinction,7,0,state-001-001-0000000.gz,0,TE-Interaction-Experiments/HHHHHHH-LH/provenance-001-001.json,ee6a78f884798442b70624bf215292b2aadfdf8d
HHHHHHH-LH,2,7325005567567938532,host_extinction,8,0,state-002-001-0000000.gz,0,TE-Interaction-Experiments/HHHHHHH-LH/provenance-002-001.json,ee6a78f884798442b70624bf215292b2aadfdf8d
HHHHHHH-LH,3,15640330169327450503,host_extinction,9,0,state-003-001-0000000.gz,0,TE-Interaction-Experiments/HHHHHHH-LH/provenance-003-001.json,ee6a78f884798442b70624bf215292b2aadfdf8d
HHHHHHH-LL,1,16076405122821654518,maximum_generations,1500,295,state-001-001-0001500.gz,1500,TE-Interaction-Experiments/HHHHHHH-LL/provenance-001-001.json,ee6a78f884798442b70624bf215292b2aadfdf8d
HHHHHHH-LL,2,8201068975408213014,host_extinction,7,0,state-002-001-0000000.gz,0,TE-Interaction-Experiments/HHHHHHH-LL/provenance-002-001.json,ee6a78f884798442b70624bf215292b2aadfdf8d
HHHHHHH-LL,3,4348321397016168332,host_extinction,7,0,state-003-001-0000000.gz,0,TE-Interaction-Experiments/HHHHHHH-LL/provenance-003-001.json,ee6a78f884798442b70624bf215292b2aadfdf8d
HHHHHHH-Z,1,3382078402168537404,host_extinction,7,0,state-001-001-0000000.gz,0,TE-Interaction-Experiments/HHHHHHH-Z/provenance-001-001.json,f9d0537629a4cacb6ed147d796121c399c460656
HHHHHHH-Z,2,15398525192689100522,host_extinction,7,0,state-002-001-0000000.gz,0,TE-Interaction-Experiments/HHHHHHH-Z/provenance-002-001.json,f9d0537629a4cacb6ed147d796121c399c460656
HHHHHHH-Z,3,4150903101802928525,host_extinction,7,0,state-003-001-0000000.gz,0,TE-Interaction-Experiments/HHHHHHH-Z/provenance-003-001.json,f9d0537629a4cacb6ed147d796121c399c460656
HHHHHHL-HH,1,6924761734454760855,host_extinction,9,0,state-001-001-0000000.gz,0,TE-Interaction-Experiments/HHHHHHL-HH/provenance-001-001.json,ee6a78f884798442b70624bf215292b2aadfdf8d
HHHHHHL-HH,2,9551077334488180806,host_extinction,8,0,state-002-001-0000000.gz,0,TE-Interaction-Experiments/HHHHHHL-HH/provenance-002-001.json,ee6a78f884798442b70624bf215292b2aadfdf8d
HHHHHHL-HH,3,6467514733128011624,host_extinction,7,0,state-003-001-0000000.gz,0,TE-Interaction-Experiments/HHHHHHL-HH/provenance-003-001.json,ee6a78f884798442b70624bf215292b2aadfdf8d
HHHHHHL-HL,1,17172014033702084604,host_extinction,7,0,state-001-001-0000000.gz,0,TE-Interaction-Experiments/HHHHHHL-HL/provenance-001-001.json,ee6a78f884798442b70624bf215292b2aadfdf8d
HHHHHHL-HL,2,11892586664391310726,host_extinction,8,0,state-002-001-0000000.gz,0,TE-Interaction-Experiments/HHHHHHL-HL/provenance-002-001.json,ee6a78f884798442b70624bf215292b2aadfdf8d
HHHHHHL-HL,3,8793265962681512542,host_extinction,6,0,state-003-001-0000000.gz,0,TE-Interaction-Experiments/HHHHHHL-HL/provenance-003-001.json,ee6a78f884798442b70624bf215292b2aadfdf8d
HHHHHHL-LH,1,15299953410935192624,host_extinction,7,0,state-001-001-0000000.gz,0,TE-Interaction-Experiments/HHHHHHL-LH/provenance-001-001.json,ee6a78f884798442b70624bf215292b2aadfdf8d
HHHHHHL-LH,2,16377488477243602076,host_extinction,6,0,state-002-001-0000000.gz,0,TE-Interaction-Experiments/HHHHHHL-LH/provenance-002-001.json,ee6a78f884798442b70624bf215292b2aadfdf8d
HHHHHHL-LH,3,11224201108290975895,host_extinction,7,0,state-003-001-0000000.gz,0,TE-Interaction-Experiments/HHHHHHL-LH/provenance-003-001.json,ee6a78f884798442b70624bf215292b2aadfdf8d
HHHHHHL-LL,1,17889599391604932396,host_extinction,6,0,state-001-001-0000000.gz,0,TE-Interaction-Experiments/HHHHHHL-LL/provenance-001-001.json,ee6a78f884798442b70624bf215292b2aadfdf8d
HHHHHHL-LL,2,12237571142639217398,host_extinction,6,0,state-002-001-0000000.gz,0,TE-Interaction-Experiments/HHHHHHL-LL/provenance-002-001.json,ee6a78f884798442b70624bf215292b2aadfdf8d
HHHHHHL-LL,3,1661280424787811274,host_extinction,6,0,state-003-001-0000000.gz,0,TE-Interaction-Experiments/HHHHHHL-LL/provenance-003-001.json,ee6a78f884798442b70624bf215292b2aadfdf8d
HHHHHHL-Z,1,7593100963827600450,host_extinction,6,0,state-001-001-0000000.gz,0,TE-Interaction-Experiments/HHHHHHL-Z/provenance-001-001.json,023a8f88fe52b0b77d91cc3ef72caf45cabbbecf
HHHHHHL-Z,2,5977579466654773253,host_extinction,6,0,state-002-001-0000000.gz,0,TE-Interaction-Experiments/HHHHHHL-Z/provenance-002-001.json,023a8f88fe52b0b77d91cc3ef72caf45cabbbecf
HHHHHHL-Z,3,9329410517337618700,host_extinction,6,0,state-003-001-0000000.gz,0,TE-Interaction-Experiments/HHHHHHL-Z/provenance-003-001.json,023a8f88fe52b0b77d91cc3ef72caf45cabbbecf
HHHHHLH-HH,1,2328565420139043864,host_extinction,9,0,state-001-001-0000000.gz,0,TE-Interaction-Experiments/HHHHHLH-HH/provenance-001-001.json,ee6a78f884798442b70624bf215292b2aadfdf8d
HHHHHLH-HH,2,18376054660193938757,maximum_generations,1500,305,state-002-001-0001500.gz,1500,TE-Interaction-Experiments/HHHHHLH-HH/provenance-002-001.json,ee6a78f884798442b70624bf215292b2aadfdf8d
HHHHHLH-HH,3,7313343097941809590,host_extinction,11,0,state-003-001-0000000.gz,0,TE-Interaction-Experiments/HHHHHLH-HH/provenance-003-001.json,ee6a78f884798442b70624bf215292b2aadfdf8d
HHHHHLH-HL,1,16950438504563556657,host_extinction,9,0,state-001-001-0000000.gz,0,TE-Interaction-Experiments/HHHHHLH-HL/provenance-001-001.json,ee6a78f884798442b70624bf215292b2aadfdf8d
HHHHHLH-HL,2,11570864935315273518,host_extinction,8,0,state-002-001-0000000.gz,0,TE-Interaction-Experiments/HHHHHLH-HL/provenance-002-001.json,ee6a78f884798442b70624bf215292b2aadfdf8d
HHHHHLH-HL,3,13257854901350587617,host_extinction,8,0,state-003-001-0000000.gz,0,TE-Interaction-Experiments/HHHHHLH-HL/provenance-003-001.json,ee6a78f884798442b70624bf215292b2aadfdf8d
HHHHHLH-LH,1,4884201591967782311,host_extinction,8,0,state-001-001-0000000.gz,0,TE-Interaction-Experiments/HHHHHLH-LH/provenance-001-001.json,ee6a78f884798442b70624bf215292b2aadfdf8d
HHHHHLH-LH,2,3138107185503223465,host_extinction,7,0,state-002-001-0000000.gz,0,TE-Interaction-Experiments/HHHHHLH-LH/provenance-002-001.json,ee6a78f884798442b70624bf215292b2aadfdf8d
HHHHHLH-LH,3,9322800828374530010,host_extinction,7,0,state-003-001-0000000.gz,0,TE-Interaction-Experiments/HHHHHLH-LH/provenance-003-001.json,ee6a78f884798442b70624bf215292b2aadfdf8d
HHHHHLH-LL,1,14995372131690110354,host_extinction,8,0,state-001-001-0000000.gz,0,TE-Interaction-Experiments/HHHHHLH-LL/provenance-001-001.json,ee6a78f884798442b70624bf215292b2aadfdf8d
HHHHHLH-LL,2,9124106029108139514,host_extinction,7,0,state-002-001-0000000.gz,0,TE-Interaction-Experiments/HHHHHLH-LL/provenance-002-001.json,ee6a78f884798442b70624bf215292b2aadfdf8d
HHHHHLH-LL,3,10279126157215178953,host_extinction,6,0,state-003-001-0000000.gz,0,TE-Interaction-Experiments/HHHHHLH-LL/provenance-003-001.json,ee6a78f884798442b70624bf215292b2aadfdf8d
HHHHHLH-Z,1,14490510062020758870,host_extinction,7,0,state-001-001-0000000.gz,0,TE-Interaction-Experiments/HHHHHLH-Z/provenance-001-001.json,023a8f88fe52b0b77d91cc3ef72caf45cabbbecf
HHHHHLH-Z,2,32503914418396960,host_extinction,7,0,state-002-001-0000000.gz,0,TE-Interaction-Experiments/HHHHHLH-Z/provenance-002-001.json,023a8f88fe52b0b77d91cc3ef72caf45cabbbecf
HHHHHLH-Z,3,6536328706896973667,host_extinction,6,0,state-003-001-0000000.gz,0,TE-Interaction-Experiments/HHHHHLH-Z/provenance-003-001.json,023a8f88fe52b0b77d91cc3ef72caf45cabbbecf
HHHHHLL-HH,1,8439841094568060065,host_extinction,7,0,state-001-001-0000000.gz,0,TE-Interaction-Experiments/HHHHHLL-HH/provenance-001-001.json,ee6a78f884798442b70624bf215292b2aadfdf8d
HHHHHLL-HH,2,17164682618813477950,host_extinction,9,0,state-002-001-0000000.gz,0,TE-Interaction-Experiments/HHHHHLL-HH/provenance-002-001.json,ee6a78f884798442b70624bf215292b2aadfdf8d
HHHHHLL-HH,3,16839272349776834380,host_extinction,7,0,state-003-001-0000000.gz,0,TE-Interaction-Experiments/HHHHHLL-HH/provenance-003-001.json,ee6a78f884798442b70624bf215292b2aadfdf8d
HHHHHLL-HL,1,17860005826406292710,host_extinction,6,0,state-001-001-0000000.gz,0,TE-Interaction-Experiments/HHHHHLL-HL/provenance-001-001.json,ee6a78f884798442b70624bf215292b2aadfdf8d
HHHHHLL-HL,2,15023379523339365131,host_extinction,6,0,state-002-001-0000000.gz,0,TE-Interaction-Experiments/HHHHHLL-HL/provenance-002-001.json,ee6a78f884798442b70624bf215292b2aadfdf8d
HHHHHLL-HL,3,17215671106081220768,host_extinction,8,0,state-003-001-0000000.gz,0,TE-Interaction-Experiments/HHHHHLL-HL/provenance-003-001.json,ee6a78f884798442b70624bf215292b2aadfdf8d
HHHHHLL-LH,1,10288817787817283492,host_extinction,6,0,state-001-001-0000000.gz,0,TE-Interaction-Experiments/HHHHHLL-LH/provenance-001-001.json,ee6a78f884798442b70624bf215292b2aadfdf8d
HHHHHLL-LH,2,10706444671235273895,host_extinction,6,0,state-002-001-0000000.gz,0,TE-Interaction-Experiments/HHHHHLL-LH/provenance-002-001.json,ee6a78f884798442b70624bf215292b2aadfdf8d
HHHHHLL-LH,3,8875717174859589363,host_extinction,7,0,state-003-001-0000000.gz,0,TE-Interaction-Experiments/HHHHHLL-LH/provenance-003-001.json,ee6a78f884798442b70624bf215292b2aadfdf8d
HHHHHLL-LL,1,4911749273378168663,host_extinction,6,0,state-001-001-0000000.gz,0,TE-Interaction-Experiments/HHHHHLL-LL/provenance-001-001.json,ee6a78f884798442b70624bf215292b2aadfdf8d
HHHHHLL-LL,2,5613099237269798916,host_extinction,6,0,state-002-001-0000000.gz,0,TE-Interaction-Experiments/HHHHHLL-LL/provenance-002-001.json,ee6a78f884798442b70624bf215292b2aadfdf8d
HHHHHLL-LL,3,1912490695735369583,host_extinction,7,0,state-003-001-0000000.gz,0,TE-Interaction-Experiments/HHHHHLL-LL/provenance-003-001.json,ee6a78f884798442b70624bf215292b2aadfdf8d
HHHHHLL-Z,1,18404620867719218522,host_extinction,7,0,state-001-001-0000000.gz,0,TE-Interaction-Experiments/HHHHHLL-Z/provenance-001-001.json,023a8f88fe52b0b77d91cc3ef72caf45cabbbecf
HHHHHLL-Z,2,8568677192590087110,host_extinction,6,0,state-002-001-0000000.gz,0,TE-Interaction-Experiments/HHHHHLL-Z/provenance-002-001.json,023a8f88fe52b0b77d91cc3ef72caf45cabbbecf
HHHHHLL-Z,3,773468618167774753,host_extinction,7,0,state-003-001-0000000.gz,0,TE-Interaction-Experiments/HHHHHLL-Z/provenance-003-001.json,023a8f88fe52b0b77d91cc3ef72caf45cabbbecf
HHHHLHH-HH,1,1471236350123873738,host_extinction,6,0,state-001-001-0000000.gz,0,TE-Interaction-Experiments/HHHHLHH-HH/provenance-001-001.json,ee6a78f884798442b70624bf215292b2aadfdf8d
HHHHLHH-HH,2,12565127808748490828,host_extinction,6,0,state-002-001-0000000.gz,0,TE-Interaction-Experiments/HHHHLHH-HH/provenance-002-001.json,ee6a78f884798442b70624bf215292b2aadfdf8d
HHHHLHH-HH,3,4631935670542906332,host_extinction,6,0,state-003-001-0000000.gz,0,TE-Interaction-Experiments/HHHHLHH-HH/provenance-003-001.json,ee6a78f884798442b70624bf215292b2aadfdf8d
HHHHLHH-HL,1,2531700406893932526,host_extinction,6,0,state-001-001-0000000.gz,0,TE-Interaction-Experiments/HHHHLHH-HL/provenance-001-001.json,ee6a78f884798442b70624bf215292b2aadfdf8d
HHHHLHH-HL,2,3515036232055787158,maximum_generations,1500,302,state-002-001-0001500.gz,1500,TE-Interaction-Experiments/HHHHLHH-HL/provenance-002-001.json,ee6a78f884798442b70624bf215292b2aadfdf8d
HHHHLHH-HL,3,11526753245159001705,host_extinction,5,0,state-003-001-0000000.gz,0,TE-Interaction-Experiments/HHHHLHH-HL/provenance-003-001.json,ee6a78f884798442b70624bf215292b2aadfdf8d
HHHHLHH-LH,1,7075235700420566189,host_extinction,6,0,state-001-001-0000000.gz,0,TE-Interaction-Experiments/HHHHLHH-LH/provenance-001-001.json,ee6a78f884798442b70624bf215292b2aadfdf8d
HHHHLHH-LH,2,13760188514895927720,host_extinction,5,0,state-002-001-0000000.gz,0,TE-Interaction-Experiments/HHHHLHH-LH/provenance-002-001.json,ee6a78f884798442b70624bf215292b2aadfdf8d
HHHHLHH-LH,3,12777723534486069584,host_extinction,5,0,state-003-001-0000000.gz,0,TE-Interaction-Experiments/HHHHLHH-LH/provenance-003-001.json,ee6a78f884798442b70624bf215292b2aadfdf8d
HHHHLHH-LL,1,17953848021728693909,host_extinction,5,0,state-001-001-0000000.gz,0,TE-Interaction-Experiments/HHHHLHH-LL/provenance-001-001.json,ee6a78f884798442b70624bf215292b2aadfdf8d
HHHHLHH-LL,2,16406553943749321554,maximum_generations,1500,287,state-002-001-0001500.gz,1500,TE-Interaction-Experiments/HHHHLHH-LL/provenance-002-001.json,ee6a78f884798442b70624bf215292b2aadfdf8d
HHHHLHH-LL,3,4041599614866359800,host_extinction,5,0,state-003-001-0000000.gz,0,TE-Interaction-Experiments/HHHHLHH-LL/provenance-003-001.json,ee6a78f884798442b70624bf215292b2aadfdf8d
HHHHLHH-Z,1,13400184778538414572,host_extinction,5,0,state-001-001-0000000.gz,0,TE-Interaction-Experiments/HHHHLHH-Z/provenance-001-001.json,023a8f88fe52b0b77d91cc3ef72caf45cabbbecf
HHHHLHH-Z,2,3024408735103651874,host_extinction,5,0,state-002-001-0000000.gz,0,TE-Interaction-Experiments/HHHHLHH-Z/provenance-002-001.json,023a8f88fe52b0b77d91cc3ef72caf45cabbbecf
HHHHLHH-Z,3,16799829688929764870,host_extinction,5,0,state-003-001-0000000.gz,0,TE-Interaction-Experiments/HHHHLHH-Z/provenance-003-001.json,023a8f88fe52b0b77d91cc3ef72caf45cabbbecf
HHHHLHL-HH,1,12545257008093431114,host_extinction,5,0,state-001-001-0000000.gz,0,TE-Interaction-Experiments/HHHHLHL-HH/provenance-001-001.json,ee6a78f884798442b70624bf215292b2aadfdf8d
HHHHLHL-HH,2,612330336247751876,host_extinction,5,0,state-002-001-0000000.gz,0,TE-Interaction-Experiments/HHHHLHL-HH/provenance-002-001.json,ee6a78f884798442b70624bf215292b2aadfdf8d
HHHHLHL-HH,3,16500468207298043631,host_extinction,5,0,state-003-001-0000000.gz,0,TE-Interaction-Experiments/HHHHLHL-HH/provenance-003-001.json,ee6a78f884798442b70624bf215292b2aadfdf8d
HHHHLHL-HL,1,16267360674747590401,host_extinction,6,0,state-001-001-0000000.gz,0,TE-Interaction-Experiments/HHHHLHL-HL/provenance-001-001.json,ee6a78f884798442b70624bf215292b2aadfdf8d
HHHHLHL-HL,2,6108683555429096635,host_extinction,5,0,state-002-001-0000000.gz,0,TE-Interaction-Experiments/HHHHLHL-HL/provenance-002-001.json,ee6a78f884798442b70624bf215292b2aadfdf8d
HHHHLHL-HL,3,11132552909956980657,host_extinction,5,0,state-003-001-0000000.gz,0,TE-Interaction-Experiments/HHHHLHL-HL/provenance-003-001.json,ee6a78f884798442b70624bf215292b2aadfdf8d
HHHHLHL-LH,1,4737257199488835184,host_extinction,5,0,state-001-001-0000000.gz,0,TE-Interaction-Experiments/HHHHLHL-LH/provenance-001-001.json,ee6a78f884798442b70624bf215292b2aadfdf8d
HHHHLHL-LH,2,14998947537604770236,host_extinction,4,0,state-002-001-0000000.gz,0,TE-Interaction-Experiments/HHHHLHL-LH/provenance-002-001.json,ee6a78f884798442b70624bf215292b2aadfdf8d
HHHHLHL-LH,3,18081245896217453311,host_extinction,5,0,state-003-001-0000000.gz,0,TE-Interaction-Experiments/HHHHLHL-LH/provenance-003-001.json,ee6a78f884798442b70624bf215292b2aadfdf8d
HHHHLHL-LL,1,3895029521627228901,host_extinction,4,0,state-001-001-0000000.gz,0,TE-Interaction-Experiments/HHHHLHL-LL/provenance-001-001.json,ee6a78f884798442b70624bf215292b2aadfdf8d
HHHHLHL-LL,2,656530594077584792,host_extinction,5,0,state-002-001-0000000.gz,0,TE-Interaction-Experiments/HHHHLHL-LL/provenance-002-001.json,ee6a78f884798442b70624bf215292b2aadfdf8d
HHHHLHL-LL,3,14540382531460830862,host_extinction,4,0,state-003-001-0000000.gz,0,TE-Interaction-Experiments/HHHHLHL-LL/provenance-003-001.json,ee6a78f884798442b70624bf215292b2aadfdf8d
HHHHLHL-Z,1,17447493529573489420,host_extinction,4,0,state-001-001-0000000.gz,0,TE-Interaction-Experiments/HHHHLHL-Z/provenance-001-001.json,023a8f88fe52b0b77d91cc3ef72caf45cabbbecf
HHHHLHL-Z,2,11760414040803526538,host_extinction,4,0,state-002-001-0000000.gz,0,TE-Interaction-Experiments/HHHHLHL-Z/provenance-002-001.json,023a8f88fe52b0b77d91cc3ef72caf45cabbbecf
HHHHLHL-Z,3,1892882073282890957,host_extinction,4,0,state-003-001-0000000.gz,0,TE-Interaction-Experiments/HHHHLHL-Z/provenance-003-001.json,023a8f88fe52b0b77d91cc3ef72caf45cabbbecf
HHHHLLH-HH,1,1825367890063721210,host_extinction,7,0,state-001-001-0000000.gz,0,TE-Interaction-Experiments/HHHHLLH-HH/provenance-001-001.json,ee6a78f884798442b70624bf215292b2aadfdf8d
HHHHLLH-HH,2,10291440574166092284,maximum_generations,1500,287,state-002-001-0001500.gz,1500,TE-Interaction-Experiments/HHHHLLH-HH/provenance-002-001.json,ee6a78f884798442b70624bf215292b2aadfdf8d
HHHHLLH-HH,3,10541731195243326551,host_extinction,7,0,state-003-001-0000000.gz,0,TE-Interaction-Experiments/HHHHLLH-HH/provenance-003-001.json,ee6a78f884798442b70624bf215292b2aadfdf8d
HHHHLLH-HL,1,6969365009564242064,host_extinction,6,0,state-001-001-0000000.gz,0,TE-Interaction-Experiments/HHHHLLH-HL/provenance-001-001.json,ee6a78f884798442b70624bf215292b2aadfdf8d
HHHHLLH-HL,2,16409358029259842544,host_extinction,6,0,state-002-001-0000000.gz,0,TE-Interaction-Experiments/HHHHLLH-HL/provenance-002-001.json,ee6a78f884798442b70624bf215292b2aadfdf8d
HHHHLLH-HL,3,7526138761010551808,host_extinction,6,0,state-003-001-0000000.gz,0,TE-Interaction-Experiments/HHHHLLH-HL/provenance-003-001.json,ee6a78f884798442b70624bf215292b2aadfdf8d
HHHHLLH-LH,1,5256204754291870769,host_extinction,5,0,state-001-001-0000000.gz,0,TE-Interaction-Experiments/HHHHLLH-LH/provenance-001-001.json,ee6a78f884798442b70624bf215292b2aadfdf8d
HHHHLLH-LH,2,9945710548139866585,host_extinction,6,0,state-002-001-0000000.gz,0,TE-Interaction-Experiments/HHHHLLH-LH/provenance-002-001.json,ee6a78f884798442b70624bf215292b2aadfdf8d
HHHHLLH-LH,3,5050729828272426263,host_extinction,5,0,state-003-001-0000000.gz,0,TE-Interaction-Experiments/HHHHLLH-LH/provenance-003-001.json,ee6a78f884798442b70624bf215292b2aadfdf8d
HHHHLLH-LL,1,9315681069455335615,host_extinction,5,0,state-001-001-0000000.gz,0,TE-Interaction-Experiments/HHHHLLH-LL/provenance-001-001.json,ee6a78f884798442b70624bf215292b2aadfdf8d
HHHHLLH-LL,2,4630162997391336980,host_extinction,5,0,state-002-001-0000000.gz,0,TE-Interaction-Experiments/HHHHLLH-LL/provenance-002-001.json,ee6a78f884798442b70624bf215292b2aadfdf8d
HHHHLLH-LL,3,1272026123467555928,host_extinction,5,0,state-003-001-0000000.gz,0,TE-Interaction-Experiments/HHHHLLH-LL/provenance-003-001.json,ee6a78f884798442b70624bf215292b2aadfdf8d
HHHHLLH-Z,1,12560573396593507318,te_extinction,5,7,state-001-001-0000000.gz,0,TE-Interaction-Experiments/HHHHLLH-Z/provenance-001-001.json,023a8f88fe52b0b77d91cc3ef72caf45cabbbecf
HHHHLLH-Z,2,16559493265125655820,host_extinction,5,0,state-002-001-0000000.gz,0,TE-Interaction-Experiments/HHHHLLH-Z/provenance-002-001.json,023a8f88fe52b0b77d91cc3ef72caf45cabbbecf
HHHHLLH-Z,3,7486198635583216926,host_extinction,5,0,state-003-001-0000000.gz,0,TE-Interaction-Experiments/HHHHLLH-Z/provenance-003-001.json,023a8f88fe52b0b77d91cc3ef72caf45cabbbecf
HHHHLLL-HH,1,9555277913374342121,host_extinction,5,0,state-001-001-0000000.gz,0,TE-Interaction-Experiments/HHHHLLL-HH/provenance-001-001.json,ee6a78f884798442b70624bf215292b2aadfdf8d
HHHHLLL-HH,2,13515468598323801831,host_extinction,5,0,state-002-001-0000000.gz,0,TE-Interaction-Experiments/HHHHLLL-HH/provenance-002-001.json,ee6a78f884798442b70624bf215292b2aadfdf8d
HHHHLLL-HH,3,8624440187918562866,host_extinction,5,0,state-003-001-0000000.gz,0,TE-Interaction-Experiments/HHHHLLL-HH/provenance-003-001.json,ee6a78f884798442b70624bf215292b2aadfdf8d
HHHHLLL-HL,1,14905238951378061589,host_extinction,5,0,state-001-001-0000000.gz,0,TE-Interaction-Experiments/HHHHLLL-HL/provenance-001-001.json,ee6a78f884798442b70624bf215292b2aadfdf8d
HHHHLLL-HL,2,1061349140884537597,host_extinction,5,0,state-002-001-0000000.gz,0,TE-Interaction-Experiments/HHHHLLL-HL/provenance-002-001.json,ee6a78f884798442b70624bf215292b2aadfdf8d
HHHHLLL-HL,3,5203017252211669594,host_extinction,6,0,state-003-001-0000000.gz,0,TE-Interaction-Experiments/HHHHLLL-HL/provenance-003-001.json,ee6a78f884798442b70624bf215292b2aadfdf8d
HHHHLLL-LH,1,12350992445447047670,host_extinction,5,0,state-001-001-0000000.gz,0,TE-Interaction-Experiments/HHHHLLL-LH/provenance-001-001.json,ee6a78f884798442b70624bf215292b2aadfdf8d
HHHHLLL-LH,2,15602933078543318380,host_extinction,5,0,state-002-001-0000000.gz,0,TE-Interaction-Experiments/HHHHLLL-LH/provenance-002-001.json,ee6a78f884798442b70624bf215292b2aadfdf8d
HHHHLLL-LH,3,7104018235911323869,host_extinction,5,0,state-003-001-0000000.gz,0,TE-Interaction-Experiments/HHHHLLL-LH/provenance-003-001.json,ee6a78f884798442b70624bf215292b2aadfdf8d
HHHHLLL-LL,1,15264769710404788928,host_extinction,5,0,state-001-001-0000000.gz,0,TE-Interaction-Experiments/HHHHLLL-LL/provenance-001-001.json,ee6a78f884798442b70624bf215292b2aadfdf8d
HHHHLLL-LL,2,12324829522912578528,host_extinction,4,0,state-002-001-0000000.gz,0,TE-Interaction-Experiments/HHHHLLL-LL/provenance-002-001.json,ee6a78f884798442b70624bf215292b2aadfdf8d
HHHHLLL-LL,3,5709968735237148279,host_extinction,4,0,state-003-001-0000000.gz,0,TE-Interaction-Experiments/HHHHLLL-LL/provenance-003-001.json,ee6a78f884798442b70624bf215292b2aadfdf8d
HHHHLLL-Z,1,8582212012794690660,host_extinction,4,0,state-001-001-0000000.gz,0,TE-Interaction-Experiments/HHHHLLL-Z/provenance-001-001.json,023a8f88fe52b0b77d91cc3ef72caf45cabbbecf
HHHHLLL-Z,2,2311909451227266239,host_extinction,4,0,state-002-001-0000000.gz,0,TE-Interaction-Experiments/HHHHLLL-Z/provenance-002-001.json,023a8f88fe52b0b77d91cc3ef72caf45cabbbecf
HHHHLLL-Z,3,6532285907786878779,host_extinction,5,0,state-003-001-0000000.gz,0,TE-Interaction-Experiments/HHHHLLL-Z/provenance-003-001.json,023a8f88fe52b0b77d91cc3ef72caf45cabbbecf
HHHLHHH-HH,1,5794005017653953011,checkpointed,1269,296,state-001-002-0001269.gz,1269,TE-Interaction-Experiments/HHHLHHH-HH/provenance-001-002.json,6d7e1d3095ad5913aa6640d26f7b0a69d284dacb
HHHLHHH-HH,2,15973900469986237867,checkpointed,1118,288,state-002-002-0001118.gz,1118,TE-Interaction-Experiments/HHHLHHH-HH/provenance-002-002.json,6d7e1d3095ad5913aa6640d26f7b0a69d284dacb
HHHLHHH-HH,3,2228305148157226386,checkpointed,1120,290,state-003-002-0001120.gz,1120,TE-Interaction-Experiments/HHHLHHH-HH/provenance-003-002.json,6d7e1d3095ad5913aa6640d26f7b0a69d284dacb
HHHLHHH-HL,1,10371869786144772323,checkpointed,1163,303,state-001-002-0001163.gz,1163,TE-Interaction-Experiments/HHHLHHH-HL/provenance-001-002.json,6d7e1d3095ad5913aa6640d26f7b0a69d284dacb
HHHLHHH-HL,2,10125701898877761769,checkpointed,1176,297,state-002-002-0001176.gz,1176,TE-Interaction-Experiments/HHHLHHH-HL/provenance-002-002.json,6d7e1d3095ad5913aa6640d26f7b0a69d284dacb
HHHLHHH-HL,3,13702024204775144701,checkpointed,1164,281,state-003-002-0001164.gz,1164,TE-Interaction-Experiments/HHHLHHH-HL/provenance-003-002.json,6d7e1d3095ad5913aa6640d26f7b0a69d284dacb
HHHLHHH-LH,1,13884339987733348212,checkpointed,682,298,state-001-002-0000682.gz,682,TE-Interaction-Experiments/HHHLHHH-LH/provenance-001-002.json,6d7e1d3095ad5913aa6640d26f7b0a69d284dacb
HHHLHHH-LH,2,8850208695205261113,checkpointed,711,322,state-002-002-0000711.gz,711,TE-Interaction-Experiments/HHHLHHH-LH/provenance-002-002.json,6d7e1d3095ad5913aa6640d26f7b0a69d284dacb
HHHLHHH-LH,3,1494691151533869463,checkpointed,650,298,state-003-002-0000650.gz,650,TE-Interaction-Experiments/HHHLHHH-LH/provenance-003-002.json,6d7e1d3095ad5913aa6640d26f7b0a69d284dacb
HHHLHHH-LL,1,5291795744849602171,host_extinction,20,0,state-001-001-0000000.gz,0,TE-Interaction-Experiments/HHHLHHH-LL/provenance-001-001.json,ee6a78f884798442b70624bf215292b2aadfdf8d
HHHLHHH-LL,2,14289811733649691530,host_extinction,16,0,state-002-001-0000000.gz,0,TE-Interaction-Experiments/HHHLHHH-LL/provenance-002-001.json,ee6a78f884798442b70624bf215292b2aadfdf8d
HHHLHHH-LL,3,11717276504683813312,checkpointed,634,305,state-003-002-0000634.gz,634,TE-Interaction-Experiments/HHHLHHH-LL/provenance-003-002.json,6d7e1d3095ad5913aa6640d26f7b0a69d284dacb
HHHLHHH-Z,1,6947690209191965335,host_extinction,12,0,state-001-001-0000000.gz,0,TE-Interaction-Experiments/HHHLHHH-Z/provenance-001-001.json,023a8f88fe52b0b77d91cc3ef72caf45cabbbecf
HHHLHHH-Z,2,14074682567148743403,running,,,state-002-002-0000000.gz,0,TE-Interaction-Experiments/HHHLHHH-Z/provenance-002-002.json,023a8f88fe52b0b77d91cc3ef72caf45cabbbecf
HHHLHHH-Z,3,16634973096080023813,host_extinction,11,0,state-003-001-0000000.gz,0,TE-Interaction-Experiments/HHHLHHH-Z/provenance-003-001.json,023a8f88fe52b0b77d91cc3ef72caf45cabbbecf
HHHLHHL-HH,1,5261981505075342630,maximum_generations,1500,27,state-001-002-0001500.gz,1500,TE-Interaction-Experiments/HHHLHHL-HH/provenance-001-002.json,6d7e1d3095ad5913aa6640d26f7b0a69d284dacb
HHHLHHL-HH,2,11052718319518632953,maximum_generations,1500,31,state-002-002-0001500.gz,1500,TE-Interaction-Experiments/HHHLHHL-HH/provenance-002-002.json,6d7e1d3095ad5913aa6640d26f7b0a69d284dacb
HHHLHHL-HH,3,16829768650732900373,maximum_generations,1500,25,state-003-002-0001500.gz,1500,TE-Interaction-Experiments/HHHLHHL-HH/provenance-003-002.json,6d7e1d3095ad5913aa6640d26f7b0a69d284dacb
HHHLHHL-HL,1,15025071934536278694,maximum_generations,1500,30,state-001-002-0001500.gz,1500,TE-Interaction-Experiments/HHHLHHL-HL/provenance-001-002.json,6d7e1d3095ad5913aa6640d26f7b0a69d284dacb
HHHLHHL-HL,2,12957760501587402868,maximum_generations,1500,31,state-002-002-0001500.gz,1500,TE-Interaction-Experiments/HHHLHHL-HL/provenance-002-002.json,6d7e1d3095ad5913aa6640d26f7b0a69d284dacb
HHHLHHL-HL,3,7423156516835260567,maximum_generations,1500,29,state-003-002-0001500.gz,1500,TE-Interaction-Experiments/HHHLHHL-HL/provenance-003-002.json,6d7e1d3095ad5913aa6640d26f7b0a69d284dacb
HHHLHHL-LH,1,6899320883623807114,host_extinction,15,0,state-001-001-0000000.gz,0,TE-Interaction-Experiments/HHHLHHL-LH/provenance-001-001.json,ee6a78f884798442b70624bf215292b2aadfdf8d
HHHLHHL-LH,2,16909397106481209887,host_extinction,12,0,state-002-001-0000000.gz,0,TE-Interaction-Experiments/HHHLHHL-LH/provenance-002-001.json,ee6a78f884798442b70624bf215292b2aadfdf8d
HHHLHHL-LH,3,12755258967492997184,host_extinction,18,0,state-003-001-0000000.gz,0,TE-Interaction-Experiments/HHHLHHL-LH/provenance-003-001.json,ee6a78f884798442b70624bf215292b2aadfdf8d
HHHLHHL-LL,1,10678659066450601927,host_extinction,11,0,state-001-001-0000000.gz,0,TE-Interaction-Experiments/HHHLHHL-LL/provenance-001-001.json,ee6a78f884798442b70624bf215292b2aadfdf8d
HHHLHHL-LL,2,4723030132819578165,host_extinction,11,0,state-002-001-0000000.gz,0,TE-Interaction-Experiments/HHHLHHL-LL/provenance-002-001.json,ee6a78f884798442b70624bf215292b2aadfdf8d
HHHLHHL-LL,3,15799665390455036234,host_extinction,11,0,state-003-001-0000000.gz,0,TE-Interaction-Experiments/HHHLHHL-LL/provenance-003-001.json,ee6a78f884798442b70624bf215292b2aadfdf8d
HHHLHHL-Z,1,12547683864962871281,host_extinction,10,0,state-001-001-0000000.gz,0,TE-Interaction-Experiments/HHHLHHL-Z/provenance-001-001.json,023a8f88fe52b0b77d91cc3ef72caf45cabbbecf
HHHLHHL-Z,2,8542219897089858512,host_extinction,9,0,state-002-001-0000000.gz,0,TE-Interaction-Experiments/HHHLHHL-Z/provenance-002-001.json,023a8f88fe52b0b77d91cc3ef72caf45cabbbecf
HHHLHHL-Z,3,9517331188071268257,checkpointed,20,25,state-003-002-0000020.gz,20,TE-Interaction-Experiments/HHHLHHL-Z/provenance-003-002.json,023a8f88fe52b0b77d91cc3ef72caf45cabbbecf
HHHLHLH-HH,1,16432675867134873045,maximum_generations,1500,293,state-001-002-0001500.gz,1500,TE-Interaction-Experiments/HHHLHLH-HH/provenance-001-002.json,6d7e1d3095ad5913aa6640d26f7b0a69d284dacb
HHHLHLH-HH,2,18210729053455928968,checkpointed,1300,290,state-002-002-0001300.gz,1300,TE-Interaction-Experiments/HHHLHLH-HH/provenance-002-002.json,6d7e1d3095ad5913aa6640d26f7b0a69d284dacb
HHHLHLH-HH,3,3503646171664480728,checkpointed,1206,311,state-003-002-0001206.gz,1206,TE-Interaction-Experiments/HHHLHLH-HH/provenance-003-002.json,6d7e1d3095ad5913aa6640d26f7b0a69d284dacb
HHHLHLH-HL,1,1900754393766061945,checkpointed,1135,296,state-001-002-0001135.gz,1135,TE-Interaction-Experiments/HHHLHLH-HL/provenance-001-002.json,6d7e1d3095ad5913aa6640d26f7b0a69d284dacb
HHHLHLH-HL,2,473056264589390456,checkpointed,1233,315,state-002-002-0001233.gz,1233,TE-Interaction-Experiments/HHHLHLH-HL/provenance-002-002.json,6d7e1d3095ad5913aa6640d26f7b0a69d284dacb
HHHLHLH-HL,3,7716816564135544625,checkpointed,1301,305,state-003-002-0001301.gz,1301,TE-Interaction-Experiments/HHHLHLH-HL/provenance-003-002.json,6d7e1d3095ad5913aa6640d26f7b0a69d284dacb
HHHLHLH-LH,1,7859684939126437311,checkpointed,703,289,state-001-002-0000703.gz,703,TE-Interaction-Experiments/HHHLHLH-LH/provenance-001-002.json,6d7e1d3095ad5913aa6640d26f7b0a69d284dacb
HHHLHLH-LH,2,9828291382488041102,checkpointed,737,318,state-002-002-0000737.gz,737,TE-Interaction-Experiments/HHHLHLH-LH/provenance-002-002.json,6d7e1d3095ad5913aa6640d26f7b0a69d284dacb
HHHLHLH-LH,3,9577014703095569538,checkpointed,681,305,state-003-002-0000681.gz,681,TE-Interaction-Experiments/HHHLHLH-LH/provenance-003-002.json,6d7e1d3095ad5913aa6640d26f7b0a69d284dacb
HHHLHLH-LL,1,14920499640636864885,host_extinction,23,0,state-001-001-0000000.gz,0,TE-Interaction-Experiments/HHHLHLH-LL/provenance-001-001.json,ee6a78f884798442b70624bf215292b2aadfdf8d
HHHLHLH-LL,2,5770915119502729563,checkpointed,790,290,state-002-002-0000790.gz,790,TE-Interaction-Experiments/HHHLHLH-LL/provenance-002-002.json,6d7e1d3095ad5913aa6640d26f7b0a69d284dacb
HHHLHLH-LL,3,5358489878268918692,checkpointed,690,269,state-003-002-0000690.gz,690,TE-Interaction-Experiments/HHHLHLH-LL/provenance-003-002.json,6d7e1d3095ad5913aa6640d26f7b0a69d284dacb
HHHLHLH-Z,1,15965173726224279259,running,,,state-001-002-0000000.gz,0,TE-Interaction-Experiments/HHHLHLH-Z/provenance-001-002.json,023a8f88fe52b0b77d91cc3ef72caf45cabbbecf
HHHLHLH-Z,2,5905655470850905633,host_extinction,12,0,state-002-001-0000000.gz,0,TE-Interaction-Experiments/HHHLHLH-Z/provenance-002-001.json,023a8f88fe52b0b77d91cc3ef72caf45cabbbecf
HHHLHLH-Z,3,6257793727655040052,host_extinction,11,0,state-003-001-0000000.gz,0,TE-Interaction-Experiments/HHHLHLH-Z/provenance-003-001.json,023a8f88fe52b0b77d91cc3ef72caf45cabbbecf
HHHLHLL-HH,1,13071231303364515835,maximum_generations,1500,31,state-001-002-0001500.gz,1500,TE-Interaction-Experiments/HHHLHLL-HH/provenance-001-002.json,6d7e1d3095ad5913aa6640d26f7b0a69d284dacb
HHHLHLL-HH,2,11030137564189444999,maximum_generations,1500,26,state-002-002-0001500.gz,1500,TE-Interaction-Experiments/HHHLHLL-HH/provenance-002-002.json,6d7e1d3095ad5913aa6640d26f7b0a69d284dacb
HHHLHLL-HH,3,15861105162988309996,maximum_generations,1500,23,state-003-002-0001500.gz,1500,TE-Interaction-Experiments/HHHLHLL-HH/provenance-003-002.json,6d7e1d3095ad5913aa6640d26f7b0a69d284dacb
HHHLHLL-HL,1,240269956292337646,maximum_generations,1500,25,state-001-002-0001500.gz,1500,TE-Interaction-Experiments/HHHLHLL-HL/provenance-001-002.json,6d7e1d3095ad5913aa6640d26f7b0a69d284dacb
HHHLHLL-HL,2,17030790232956269574,maximum_generations,1500,24,state-002-002-0001500.gz,1500,TE-Interaction-Experiments/HHHLHLL-HL/provenance-002-002.json,6d7e1d3095ad5913aa6640d26f7b0a69d284dacb
HHHLHLL-HL,3,3513992739544036928,maximum_generations,1500,28,state-003-002-0001500.gz,1500,TE-Interaction-Experiments/HHHLHLL-HL/provenance-003-002.json,6d7e1d3095ad5913aa6640d26f7b0a69d284dacb
HHHLHLL-LH,1,12620316816877886541,maximum_generations,1500,28,state-001-002-0001500.gz,1500,TE-Interaction-Experiments/HHHLHLL-LH/provenance-001-002.json,6d7e1d3095ad5913aa6640d26f7b0a69d284dacb
HHHLHLL-LH,2,11550312850183890549,maximum_generations,1500,30,state-002-002-0001500.gz,1500,TE-Interaction-Experiments/HHHLHLL-LH/provenance-002-002.json,6d7e1d3095ad5913aa6640d26f7b0a69d284dacb
HHHLHLL-LH,3,6873978274476445701,host_extinction,12,0,state-003-001-0000000.gz,0,TE-Interaction-Experiments/HHHLHLL-LH/provenance-003-001.json,ee6a78f884798442b70624bf215292b2aadfdf8d
HHHLHLL-LL,1,4123854720453221470,host_extinction,14,0,state-001-001-0000000.gz,0,TE-Interaction-Experiments/HHHLHLL-LL/provenance-001-001.json,ee6a78f884798442b70624bf215292b2aadfdf8d
HHHLHLL-LL,2,15056310386418738064,host_extinction,17,0,state-002-001-0000000.gz,0,TE-Interaction-Experiments/HHHLHLL-LL/provenance-002-001.json,ee6a78f884798442b70624bf215292b2aadfdf8d
HHHLHLL-LL,3,17901786372899728306,host_extinction,11,0,state-003-001-0000000.gz,0,TE-Interaction-Experiments/HHHLHLL-LL/provenance-003-001.json,ee6a78f884798442b70624bf215292b2aadfdf8d
HHHLHLL-Z,1,11895928781872096241,host_extinction,9,0,state-001-001-0000000.gz,0,TE-Interaction-Experiments/HHHLHLL-Z/provenance-001-001.json,023a8f88fe52b0b77d91cc3ef72caf45cabbbecf
HHHLHLL-Z,2,8131240926108600039,host_extinction,10,0,state-002-001-0000000.gz,0,TE-Interaction-Experiments/HHHLHLL-Z/provenance-002-001.json,023a8f88fe52b0b77d91cc3ef72caf45cabbbecf
HHHLHLL-Z,3,593452523397991222,running,,,state-003-002-0000019.gz,19,TE-Interaction-Experiments/HHHLHLL-Z/provenance-003-002.json,023a8f88fe52b0b77d91cc3ef72caf45cabbbecf
HHHLLHH-HH,1,10410560313609777610,host_extinction,23,0,state-001-001-0000000.gz,0,TE-Interaction-Experiments/HHHLLHH-HH/provenance-001-001.json,ee6a78f884798442b70624bf215292b2aadfdf8d
HHHLLHH-HH,2,3708192554509522807,host_extinction,16,0,state-002-001-0000000.gz,0,TE-Interaction-Experiments/HHHLLHH-HH/provenance-002-001.json,ee6a78f884798442b70624bf215292b2aadfdf8d
HHHLLHH-HH,3,4709110685420351606,host_extinction,14,0,state-003-001-0000000.gz,0,TE-Interaction-Experiments/HHHLLHH-HH/provenance-003-001.json,ee6a78f884798442b70624bf215292b2aadfdf8d
HHHLLHH-HL,1,14699735321019721804,host_extinction,13,0,state-001-001-0000000.gz,0,TE-Interaction-Experiments/HHHLLHH-HL/provenance-001-001.json,ee6a78f884798442b70624bf215292b2aadfdf8d
HHHLLHH-HL,2,14972593576211393580,host_extinction,13,0,state-002-001-0000000.gz,0,TE-Interaction-Experiments/HHHLLHH-HL/provenance-002-001.json,ee6a78f884798442b70624bf215292b2aadfdf8d
HHHLLHH-HL,3,12783047731122270021,host_extinction,11,0,state-003-001-0000000.gz,0,TE-Interaction-Experiments/HHHLLHH-HL/provenance-003-001.json,ee6a78f884798442b70624bf215292b2aadfdf8d
HHHLLHH-LH,1,1192840672893215727,host_extinction,11,0,state-001-001-0000000.gz,0,TE-Interaction-Experiments/HHHLLHH-LH/provenance-001-001.json,ee6a78f884798442b70624bf215292b2aadfdf8d
HHHLLHH-LH,2,18325496326639211482,host_extinction,12,0,state-002-001-0000000.gz,0,TE-Interaction-Experiments/HHHLLHH-LH/provenance-002-001.json,ee6a78f884798442b70624bf215292b2aadfdf8d
HHHLLHH-LH,3,10179341596585115167,maximum_generations,1500,310,state-003-001-0001500.gz,1500,TE-Interaction-Experiments/HHHLLHH-LH/provenance-003-001.json,ee6a78f884798442b70624bf215292b2aadfdf8d
HHHLLHH-LL,1,9183086990741272508,host_extinction,9,0,state-001-001-0000000.gz,0,TE-Interaction-Experiments/HHHLLHH-LL/provenance-001-001.json,ee6a78f884798442b70624bf215292b2aadfdf8d
HHHLLHH-LL,2,10249710313914503384,host_extinction,8,0,state-002-001-0000000.gz,0,TE-Interaction-Experiments/HHHLLHH-LL/provenance-002-001.json,ee6a78f884798442b70624bf215292b2aadfdf8d
HHHLLHH-LL,3,8762352689263815625,maximum_generations,1500,296,state-003-001-0001500.gz,1500,TE-Interaction-Experiments/HHHLLHH-LL/provenance-003-001.json,ee6a78f884798442b70624bf215292b2aadfdf8d
HHHLLHH-Z,1,12847591374706248621,host_extinction,8,0,state-001-001-0000000.gz,0,TE-Interaction-Experiments/HHHLLHH-Z/provenance-001-001.json,023a8f88fe52b0b77d91cc3ef72caf45cabbbecf
HHHLLHH-Z,2,15640282955198683034,host_extinction,8,0,state-002-001-0000000.gz,0,TE-Interaction-Experiments/HHHLLHH-Z/provenance-002-001.json,023a8f88fe52b0b77d91cc3ef72caf45cabbbecf
HHHLLHH-Z,3,5453739033117675497,host_extinction,8,0,state-003-001-0000000.gz,0,TE-Interaction-Experiments/HHHLLHH-Z/provenance-003-001.json,023a8f88fe52b0b77d91cc3ef72caf45cabbbecf
HHHLLHL-HH,1,18157149957161321284,host_extinction,13,0,state-001-001-0000000.gz,0,TE-Interaction-Experiments/HHHLLHL-HH/provenance-001-001.json,ee6a78f884798442b70624bf215292b2aadfdf8d
HHHLLHL-HH,2,1425139908635654920,host_extinction,13,0,state-002-001-0000000.gz,0,TE-Interaction-Experiments/HHHLLHL-HH/provenance-002-001.json,ee6a78f884798442b70624bf215292b2aadfdf8d
HHHLLHL-HH,3,13981469652208698632,host_extinction,10,0,state-003-001-0000000.gz,0,TE-Interaction-Experiments/HHHLLHL-HH/provenance-003-001.json,ee6a78f884798442b70624bf215292b2aadfdf8d
HHHLLHL-HL,1,4352134276560273741,host_extinction,8,0,state-001-001-0000000.gz,0,TE-Interaction-Experiments/HHHLLHL-HL/provenance-001-001.json,ee6a78f884798442b70624bf215292b2aadfdf8d
HHHLLHL-HL,2,7912062598552506880,host_extinction,8,0,state-002-001-0000000.gz,0,TE-Interaction-Experiments/HHHLLHL-HL/provenance-002-001.json,ee6a78f884798442b70624bf215292b2aadfdf8d
HHHLLHL-HL,3,9445789021442528721,host_extinction,8,0,state-003-001-0000000.gz,0,TE-Interaction-Experiments/HHHLLHL-HL/provenance-003-001.json,ee6a78f884798442b70624bf215292b2aadfdf8d
HHHLLHL-LH,1,11034978306968904742,host_extinction,10,0,state-001-001-0000000.gz,0,TE-Interaction-Experiments/HHHLLHL-LH/provenance-001-001.json,ee6a78f884798442b70624bf215292b2aadfdf8d
HHHLLHL-LH,2,5512534769685978433,host_extinction,10,0,state-002-001-0000000.gz,0,TE-Interaction-Experiments/HHHLLHL-LH/provenance-002-001.json,ee6a78f884798442b70624bf215292b2aadfdf8d
HHHLLHL-LH,3,10758926704184305277,host_extinction,6,0,state-003-001-0000000.gz,0,TE-Interaction-Experiments/HHHLLHL-LH/provenance-003-001.json,ee6a78f884798442b70624bf215292b2aadfdf8d
HHHLLHL-LL,1,3590689935526241383,host_extinction,7,0,state-001-001-0000000.gz,0,TE-Interaction-Experiments/HHHLLHL-LL/provenance-001-001.json,ee6a78f884798442b70624bf215292b2aadfdf8d
HHHLLHL-LL,2,17610238314084886112,host_extinction,7,0,state-002-001-0000000.gz,0,TE-Interaction-Experiments/HHHLLHL-LL/provenance-002-001.json,ee6a78f884798442b70624bf215292b2aadfdf8d
HHHLLHL-LL,3,16696229577472731926,host_extinction,7,0,state-003-001-0000000.gz,0,TE-Interaction-Experiments/HHHLLHL-LL/provenance-003-001.json,ee6a78f884798442b70624bf215292b2aadfdf8d
HHHLLHL-Z,1,13182432893197945572,host_extinction,7,0,state-001-001-0000000.gz,0,TE-Interaction-Experiments/HHHLLHL-Z/provenance-001-001.json,023a8f88fe52b0b77d91cc3ef72caf45cabbbecf
HHHLLHL-Z,2,6272070825737352321,host_extinction,8,0,state-002-001-0000000.gz,0,TE-Interaction-Experiments/HHHLLHL-Z/provenance-002-001.json,023a8f88fe52b0b77d91cc3ef72caf45cabbbecf
HHHLLHL-Z,3,15513925292434168879,host_extinction,7,0,state-003-001-0000000.gz,0,TE-Interaction-Experiments/HHHLLHL-Z/provenance-003-001.json,023a8f88fe52b0b77d91cc3ef72caf45cabbbecf
HHHLLLH-HH,1,11881338635198149685,maximum_generations,1500,306,state-001-001-0001500.gz,1500,TE-Interaction-Experiments/HHHLLLH-HH/provenance-001-001.json,ee6a78f884798442b70624bf215292b2aadfdf8d
HHHLLLH-HH,2,11075876484963813285,host_extinction,18,0,state-002-001-0000000.gz,0,TE-Interaction-Experiments/HHHLLLH-HH/provenance-002-001.json,ee6a78f884798442b70624bf215292b2aadfdf8d
HHHLLLH-HH,3,7674914821065842344,host_extinction,16,0,state-003-001-0000000.gz,0,TE-Interaction-Experiments/HHHLLLH-HH/provenance-003-001.json,ee6a78f884798442b70624bf215292b2aadfdf8d
HHHLLLH-HL,1,7508192799199589960,host_extinction,14,0,state-001-001-0000000.gz,0,TE-Interaction-Experiments/HHHLLLH-HL/provenance-001-001.json,ee6a78f884798442b70624bf215292b2aadfdf8d
HHHLLLH-HL,2,4217053784118232822,host_extinction,11,0,state-002-001-0000000.gz,0,TE-Interaction-Experiments/HHHLLLH-HL/provenance-002-001.json,ee6a78f884798442b70624bf215292b2aadfdf8d
HHHLLLH-HL,3,13276550736893484933,te_extinction,1186,285,state-003-001-0001150.gz,1150,TE-Interaction-Experiments/HHHLLLH-HL/provenance-003-001.json,ee6a78f884798442b70624bf215292b2aadfdf8d
HHHLLLH-LH,1,17406283331930662042,host_extinction,8,0,state-001-001-0000000.gz,0,TE-Interaction-Experiments/HHHLLLH-LH/provenance-001-001.json,ee6a78f884798442b70624bf215292b2aadfdf8d
HHHLLLH-LH,2,5707652122764496001,host_extinction,9,0,state-002-001-0000000.gz,0,TE-Interaction-Experiments/HHHLLLH-LH/provenance-002-001.json,ee6a78f884798442b70624bf215292b2aadfdf8d
HHHLLLH-LH,3,4291797687866487268,maximum_generations,1500,298,state-003-001-0001500.gz,1500,TE-Interaction-Experiments/HHHLLLH-LH/provenance-003-001.json,ee6a78f884798442b70624bf215292b2aadfdf8d
HHHLLLH-LL,1,16993210580758637933,te_extinction,1124,321,state-001-001-0001100.gz,1100,TE-Interaction-Experiments/HHHLLLH-LL/provenance-001-001.json,ee6a78f884798442b70624bf215292b2aadfdf8d
HHHLLLH-LL,2,18056931864067361105,te_extinction,1006,296,state-002-001-0001000.gz,1000,TE-Interaction-Experiments/HHHLLLH-LL/provenance-002-001.json,ee6a78f884798442b70624bf215292b2aadfdf8d
HHHLLLH-LL,3,4729073869321349409,host_extinction,8,0,state-003-001-0000000.gz,0,TE-Interaction-Experiments/HHHLLLH-LL/provenance-003-001.json,ee6a78f884798442b70624bf215292b2aadfdf8d
HHHLLLH-Z,1,4557269218106977702,host_extinction,7,0,state-001-001-0000000.gz,0,TE-Interaction-Experiments/HHHLLLH-Z/provenance-001-001.json,023a8f88fe52b0b77d91cc3ef72caf45cabbbecf
HHHLLLH-Z,2,17173336967489697238,host_extinction,8,0,state-002-001-0000000.gz,0,TE-Interaction-Experiments/HHHLLLH-Z/provenance-002-001.json,023a8f88fe52b0b77d91cc3ef72caf45cabbbecf
HHHLLLH-Z,3,5414608026792496405,host_extinction,8,0,state-003-001-0000000.gz,0,TE-Interaction-Experiments/HHHLLLH-Z/provenance-003-001.json,023a8f88fe52b0b77d91cc3ef72caf45cabbbecf
HHHLLLL-HH,1,3247865376454073325,maximum_generations,1500,32,state-001-001-0001500.gz,1500,TE-Interaction-Experiments/HHHLLLL-HH/provenance-001-001.json,ee6a78f884798442b70624bf215292b2aadfdf8d
HHHLLLL-HH,2,856156266802743467,host_extinction,13,0,state-002-001-0000000.gz,0,TE-Interaction-Experiments/HHHLLLL-HH/provenance-002-001.json,ee6a78f884798442b70624bf215292b2aadfdf8d
HHHLLLL-HH,3,6416446756192179883,host_extinction,10,0,state-003-001-0000000.gz,0,TE-Interaction-Experiments/HHHLLLL-HH/provenance-003-001.json,ee6a78f884798442b70624bf215292b2aadfdf8d
HHHLLLL-HL,1,11037681449023252576,host_extinction,8,0,state-001-001-0000000.gz,0,TE-Interaction-Experiments/HHHLLLL-HL/provenance-001-001.json,ee6a78f884798442b70624bf215292b2aadfdf8d
HHHLLLL-HL,2,5064336709359554790,host_extinction,9,0,state-002-001-0000000.gz,0,TE-Interaction-Experiments/HHHLLLL-HL/provenance-002-001.json,ee6a78f884798442b70624bf215292b2aadfdf8d
HHHLLLL-HL,3,2357285761506995795,host_extinction,10,0,state-003-001-0000000.gz,0,TE-Interaction-Experiments/HHHLLLL-HL/provenance-003-001.json,ee6a78f884798442b70624bf215292b2aadfdf8d
HHHLLLL-LH,1,12178065686812210298,host_extinction,8,0,state-001-001-0000000.gz,0,TE-Interaction-Experiments/HHHLLLL-LH/provenance-001-001.json,ee6a78f884798442b70624bf215292b2aadfdf8d
HHHLLLL-LH,2,7530222847808887194,host_extinction,7,0,state-002-001-0000000.gz,0,TE-Interaction-Experiments/HHHLLLL-LH/provenance-002-001.json,ee6a78f884798442b70624bf215292b2aadfdf8d
HHHLLLL-LH,3,2891639633373916274,host_extinction,7,0,state-003-001-0000000.gz,0,TE-Interaction-Experiments/HHHLLLL-LH/provenance-003-001.json,ee6a78f884798442b70624bf215292b2aadfdf8d
HHHLLLL-LL,1,5125661605100131783,host_extinction,8,0,state-001-001-0000000.gz,0,TE-Interaction-Experiments/HHHLLLL-LL/provenance-001-001.json,ee6a78f884798442b70624bf215292b2aadfdf8d
HHHLLLL-LL,2,6789499810408921289,host_extinction,7,0,state-002-001-0000000.gz,0,TE-Interaction-Experiments/HHHLLLL-LL/provenance-002-001.json,ee6a78f884798442b70624bf215292b2aadfdf8d
HHHLLLL-LL,3,5943205136135820195,maximum_generations,1500,31,state-003-001-0001500.gz,1500,TE-Interaction-Experiments/HHHLLLL-LL/provenance-003-001.json,ee6a78f884798442b70624bf215292b2aadfdf8d
HHHLLLL-Z,1,14804021641593156175,host_extinction,7,0,state-001-001-0000000.gz,0,TE-Interaction-Experiments/HHHLLLL-Z/provenance-001-001.json,023a8f88fe52b0b77d91cc3ef72caf45cabbbecf
HHHLLLL-Z,2,17674061430814240828,host_extinction,6,0,state-002-001-0000000.gz,0,TE-Interaction-Experiments/HHHLLLL-Z/provenance-002-001.json,023a8f88fe52b0b77d91cc3ef72caf45cabbbecf
HHHLLLL-Z,3,721161071496461531,host_extinction,7,0,state-003-001-0000000.gz,0,TE-Interaction-Experiments/HHHLLLL-Z/provenance-003-001.json,023a8f88fe52b0b77d91cc3ef72caf45cabbbecf
HHLHHHH-HH,1,15526184744466755705,host_extinction,9,0,state-001-001-0000000.gz,0,TE-Interaction-Experiments/HHLHHHH-HH/provenance-001-001.json,ee6a78f884798442b70624bf215292b2aadfdf8d
HHLHHHH-HH,2,16553432996303308445,host_extinction,10,0,state-002-001-0000000.gz,0,TE-Interaction-Experiments/HHLHHHH-HH/provenance-002-001.json,ee6a78f884798442b70624bf215292b2aadfdf8d
HHLHHHH-HH,3,16322089654832534987,host_extinction,9,0,state-003-001-0000000.gz,0,TE-Interaction-Experiments/HHLHHHH-HH/provenance-003-001.json,ee6a78f884798442b70624bf215292b2aadfdf8d
HHLHHHH-HL,1,920967063975804254,te_extinction,1351,307,state-001-001-0001350.gz,1350,TE-Interaction-Experiments/HHLHHHH-HL/provenance-001-001.json,ee6a78f884798442b70624bf215292b2aadfdf8d
HHLHHHH-HL,2,14182895619910177306,host_extinction,7,0,state-002-001-0000000.gz,0,TE-Interaction-Experiments/HHLHHHH-HL/provenance-002-001.json,ee6a78f884798442b70624bf215292b2aadfdf8d
HHLHHHH-HL,3,14585301045044624578,host_extinction,7,0,state-003-001-0000000.gz,0,TE-Interaction-Experiments/HHLHHHH-HL/provenance-003-001.json,ee6a78f884798442b70624bf215292b2aadfdf8d
HHLHHHH-LH,1,5561853223774021046,host_extinction,7,0,state-001-001-0000000.gz,0,TE-Interaction-Experiments/HHLHHHH-LH/provenance-001-001.json,ee6a78f884798442b70624bf215292b2aadfdf8d
HHLHHHH-LH,2,9298960896503527474,host_extinction,6,0,state-002-001-0000000.gz,0,TE-Interaction-Experiments/HHLHHHH-LH/provenance-002-001.json,ee6a78f884798442b70624bf215292b2aadfdf8d
HHLHHHH-LH,3,17027340509236671169,host_extinction,6,0,state-003-001-0000000.gz,0,TE-Interaction-Experiments/HHLHHHH-LH/provenance-003-001.json,ee6a78f884798442b70624bf215292b2aadfdf8d
HHLHHHH-LL,1,12384876290211448912,host_extinction,6,0,state-001-001-0000000.gz,0,TE-Interaction-Experiments/HHLHHHH-LL/provenance-001-001.json,ee6a78f884798442b70624bf215292b2aadfdf8d
HHLHHHH-LL,2,16896376858160520802,host_extinction,6,0,state-002-001-0000000.gz,0,TE-Interaction-Experiments/HHLHHHH-LL/provenance-002-001.json,ee6a78f884798442b70624bf215292b2aadfdf8d
HHLHHHH-LL,3,2069729054222978240,host_extinction,6,0,state-003-001-0000000.gz,0,TE-Interaction-Experiments/HHLHHHH-LL/provenance-003-001.json,ee6a78f884798442b70624bf215292b2aadfdf8d
HHLHHHH-Z,1,6777498741312465430,host_extinction,6,0,state-001-001-0000000.gz,0,TE-Interaction-Experiments/HHLHHHH-Z/provenance-001-001.json,023a8f88fe52b0b77d91cc3ef72caf45cabbbecf
HHLHHHH-Z,2,2864580110382983013,host_extinction,6,0,state-002-001-0000000.gz,0,TE-Interaction-Experiments/HHLHHHH-Z/provenance-002-001.json,023a8f88fe52b0b77d91cc3ef72caf45cabbbecf
HHLHHHH-Z,3,10507565101462724038,host_extinction,6,0,state-003-001-0000000.gz,0,TE-Interaction-Experiments/HHLHHHH-Z/provenance-003-001.json,023a8f88fe52b0b77d91cc3ef72caf45cabbbecf
HHLHHHL-HH,1,5644666666061614523,host_extinction,5,0,state-001-001-0000000.gz,0,TE-Interaction-Experiments/HHLHHHL-HH/provenance-001-001.json,ee6a78f884798442b70624bf215292b2aadfdf8d
HHLHHHL-HH,2,7871269057151532447,host_extinction,6,0,state-002-001-0000000.gz,0,TE-Interaction-Experiments/HHLHHHL-HH/provenance-002-001.json,ee6a78f884798442b70624bf215292b2aadfdf8d
HHLHHHL-HH,3,8791409317447953296,host_extinction,6,0,state-003-001-0000000.gz,0,TE-Interaction-Experiments/HHLHHHL-HH/provenance-003-001.json,ee6a78f884798442b70624bf215292b2aadfdf8d
HHLHHHL-HL,1,4966146378902025957,host_extinction,5,0,state-001-001-0000000.gz,0,TE-Interaction-Experiments/HHLHHHL-HL/provenance-001-001.json,ee6a78f884798442b70624bf215292b2aadfdf8d
HHLHHHL-HL,2,18216231090140538493,host_extinction,7,0,state-002-001-0000000.gz,0,TE-Interaction-Experiments/HHLHHHL-HL/provenance-002-001.json,ee6a78f884798442b70624bf215292b2aadfdf8d
HHLHHHL-HL,3,9066416650201296212,host_extinction,6,0,state-003-001-0000000.gz,0,TE-Interaction-Experiments/HHLHHHL-HL/provenance-003-001.json,ee6a78f884798442b70624bf215292b2aadfdf8d
HHLHHHL-LH,1,15256542500363613507,host_extinction,6,0,state-001-001-0000000.gz,0,TE-Interaction-Experiments/HHLHHHL-LH/provenance-001-001.json,ee6a78f884798442b70624bf215292b2aadfdf8d
HHLHHHL-LH,2,11105499867252707761,host_extinction,6,0,state-002-001-0000000.gz,0,TE-Interaction-Experiments/HHLHHHL-LH/provenance-002-001.json,ee6a78f884798442b70624bf215292b2aadfdf8d
HHLHHHL-LH,3,15844439723570030304,host_extinction,5,0,state-003-001-0000000.gz,0,TE-Interaction-Experiments/HHLHHHL-LH/provenance-003-001.json,ee6a78f884798442b70624bf215292b2aadfdf8d
HHLHHHL-LL,1,15538764963982642488,host_extinction,5,0,state-001-001-0000000.gz,0,TE-Interaction-Experiments/HHLHHHL-LL/provenance-001-001.json,ee6a78f884798442b70624bf215292b2aadfdf8d
HHLHHHL-LL,2,4805292565503579566,host_extinction,6,0,state-002-001-0000000.gz,0,TE-Interaction-Experiments/HHLHHHL-LL/provenance-002-001.json,ee6a78f884798442b70624bf215292b2aadfdf8d
HHLHHHL-LL,3,5380437013971554953,host_extinction,6,0,state-003-001-0000000.gz,0,TE-Interaction-Experiments/HHLHHHL-LL/provenance-003-001.json,ee6a78f884798442b70624bf215292b2aadfdf8d
HHLHHHL-Z,1,4023096239727648050,host_extinction,6,0,state-001-001-0000000.gz,0,TE-Interaction-Experiments/HHLHHHL-Z/provenance-001-001.json,023a8f88fe52b0b77d91cc3ef72caf45cabbbecf
HHLHHHL-Z,2,5868670213868257950,host_extinction,5,0,state-002-001-0000000.gz,0,TE-Interaction-Experiments/HHLHHHL-Z/provenance-002-001.json,023a8f88fe52b0b77d91cc3ef72caf45cabbbecf
HHLHHHL-Z,3,6698990195346487895,host_extinction,5,0,state-003-001-0000000.gz,0,TE-Interaction-Experiments/HHLHHHL-Z/provenance-003-001.json,023a8f88fe52b0b77d91cc3ef72caf45cabbbecf
HHLHHLH-HH,1,11973959064937589160,host_extinction,8,0,state-001-001-0000000.gz,0,TE-Interaction-Experiments/HHLHHLH-HH/provenance-001-001.json,ee6a78f884798442b70624bf215292b2aadfdf8d
HHLHHLH-HH,2,14352832853575013904,host_extinction,11,0,state-002-001-0000000.gz,0,TE-Interaction-Experiments/HHLHHLH-HH/provenance-002-001.json,ee6a78f884798442b70624bf215292b2aadfdf8d
HHLHHLH-HH,3,712692391111565968,host_extinction,9,0,state-003-001-0000000.gz,0,TE-Interaction-Experiments/HHLHHLH-HH/provenance-003-001.json,ee6a78f884798442b70624bf215292b2aadfdf8d
HHLHHLH-HL,1,2854929607283534312,host_extinction,7,0,state-001-001-0000000.gz,0,TE-Interaction-Experiments/HHLHHLH-HL/provenance-001-001.json,ee6a78f884798442b70624bf215292b2aadfdf8d
HHLHHLH-HL,2,10660283888378630850,host_extinction,9,0,state-002-001-0000000.gz,0,TE-Interaction-Experiments/HHLHHLH-HL/provenance-002-001.json,ee6a78f884798442b70624bf215292b2aadfdf8d
HHLHHLH-HL,3,1082529081217348764,maximum_generations,1500,278,state-003-001-0001500.gz,1500,TE-Interaction-Experiments/HHLHHLH-HL/provenance-003-001.json,ee6a78f884798442b70624bf215292b2aadfdf8d
HHLHHLH-LH,1,4311363902651013838,host_extinction,7,0,state-001-001-0000000.gz,0,TE-Interaction-Experiments/HHLHHLH-LH/provenance-001-001.json,ee6a78f884798442b70624bf215292b2aadfdf8d
HHLHHLH-LH,2,18232361037564864815,host_extinction,6,0,state-002-001-0000000.gz,0,TE-Interaction-Experiments/HHLHHLH-LH/provenance-002-001.json,ee6a78f884798442b70624bf215292b2aadfdf8d
HHLHHLH-LH,3,3211702964493502153,host_extinction,6,0,state-003-001-0000000.gz,0,TE-Interaction-Experiments/HHLHHLH-LH/provenance-003-001.json,ee6a78f884798442b70624bf215292b2aadfdf8d
HHLHHLH-LL,1,1469424693971050242,host_extinction,6,0,state-001-001-0000000.gz,0,TE-Interaction-Experiments/HHLHHLH-LL/provenance-001-001.json,ee6a78f884798442b70624bf215292b2aadfdf8d
HHLHHLH-LL,2,10122018408147917066,host_extinction,6,0,state-002-001-0000000.gz,0,TE-Interaction-Experiments/HHLHHLH-LL/provenance-002-001.json,ee6a78f884798442b70624bf215292b2aadfdf8d
HHLHHLH-LL,3,6599523903913489099,host_extinction,5,0,state-003-001-0000000.gz,0,TE-Interaction-Experiments/HHLHHLH-LL/provenance-003-001.json,ee6a78f884798442b70624bf215292b2aadfdf8d
HHLHHLH-Z,1,5114438043094596193,host_extinction,6,0,state-001-001-0000000.gz,0,TE-Interaction-Experiments/HHLHHLH-Z/provenance-001-001.json,023a8f88fe52b0b77d91cc3ef72caf45cabbbecf
HHLHHLH-Z,2,1914076886345388573,host_extinction,6,0,state-002-001-0000000.gz,0,TE-Interaction-Experiments/HHLHHLH-Z/provenance-002-001.json,023a8f88fe52b0b77d91cc3ef72caf45cabbbecf
HHLHHLH-Z,3,978545202244953413,host_extinction,6,0,state-003-001-0000000.gz,0,TE-Interaction-Experiments/HHLHHLH-Z/provenance-003-001.json,023a8f88fe52b0b77d91cc3ef72caf45cabbbecf
HHLHHLL-HH,1,16501863282643407510,host_extinction,8,0,state-001-001-0000000.gz,0,TE-Interaction-Experiments/HHLHHLL-HH/provenance-001-001.json,ee6a78f884798442b70624bf215292b2aadfdf8d
HHLHHLL-HH,2,10206748611512755848,host_extinction,6,0,state-002-001-0000000.gz,0,TE-Interaction-Experiments/HHLHHLL-HH/provenance-002-001.json,ee6a78f884798442b70624bf215292b2aadfdf8d
HHLHHLL-HH,3,3752317423925701613,host_extinction,6,0,state-003-001-0000000.gz,0,TE-Interaction-Experiments/HHLHHLL-HH/provenance-003-001.json,ee6a78f884798442b70624bf215292b2aadfdf8d
HHLHHLL-HL,1,14174494623706205108,host_extinction,5,0,state-001-001-0000000.gz,0,TE-Interaction-Experiments/HHLHHLL-HL/provenance-001-001.json,ee6a78f884798442b70624bf215292b2aadfdf8d
HHLHHLL-HL,2,8504938704966892411,host_extinction,6,0,state-002-001-0000000.gz,0,TE-Interaction-Experiments/HHLHHLL-HL/provenance-002-001.json,ee6a78f884798442b70624bf215292b2aadfdf8d
HHLHHLL-HL,3,13087479616332418382,host_extinction,6,0,state-003-001-0000000.gz,0,TE-Interaction-Experiments/HHLHHLL-HL/provenance-003-001.json,ee6a78f884798442b70624bf215292b2aadfdf8d
HHLHHLL-LH,1,5067845788863462554,host_extinction,6,0,state-001-001-0000000.gz,0,TE-Interaction-Experiments/HHLHHLL-LH/provenance-001-001.json,ee6a78f884798442b70624bf215292b2aadfdf8d
HHLHHLL-LH,2,12507450610614289928,host_extinction,6,0,state-002-001-0000000.gz,0,TE-Interaction-Experiments/HHLHHLL-LH/provenance-002-001.json,ee6a78f884798442b70624bf215292b2aadfdf8d
HHLHHLL-LH,3,11658416003357310517,host_extinction,5,0,state-003-001-0000000.gz,0,TE-Interaction-Experiments/HHLHHLL-LH/provenance-003-001.json,ee6a78f884798442b70624bf215292b2aadfdf8d
HHLHHLL-LL,1,596196186962736120,host_extinction,5,0,state-001-001-0000000.gz,0,TE-Interaction-Experiments/HHLHHLL-LL/provenance-001-001.json,ee6a78f884798442b70624bf215292b2aadfdf8d
HHLHHLL-LL,2,13746763171448559899,host_extinction,5,0,state-002-001-0000000.gz,0,TE-Interaction-Experiments/HHLHHLL-LL/provenance-002-001.json,ee6a78f884798442b70624bf215292b2aadfdf8d
HHLHHLL-LL,3,16244778356494227184,host_extinction,5,0,state-003-001-0000000.gz,0,TE-Interaction-Experiments/HHLHHLL-LL/provenance-003-001.json,ee6a78f884798442b70624bf215292b2aadfdf8d
HHLHHLL-Z,1,4576761033127677513,host_extinction,6,0,state-001-001-0000000.gz,0,TE-Interaction-Experiments/HHLHHLL-Z/provenance-001-001.json,023a8f88fe52b0b77d91cc3ef72caf45cabbbecf
HHLHHLL-Z,2,13794052343800745752,host_extinction,6,0,state-002-001-0000000.gz,0,TE-Interaction-Experiments/HHLHHLL-Z/provenance-002-001.json,023a8f88fe52b0b77d91cc3ef72caf45cabbbecf
HHLHHLL-Z,3,16662816429712694920,host_extinction,6,0,state-003-001-0000000.gz,0,TE-Interaction-Experiments/HHLHHLL-Z/provenance-003-001.json,023a8f88fe52b0b77d91cc3ef72caf45cabbbecf
HHLHLHH-HH,1,12339705479446189460,host_extinction,7,0,state-001-001-0000000.gz,0,TE-Interaction-Experiments/HHLHLHH-HH/provenance-001-001.json,ee6a78f884798442b70624bf215292b2aadfdf8d
HHLHLHH-HH,2,5631907909158487475,host_extinction,7,0,state-002-001-0000000.gz,0,TE-Interaction-Experiments/HHLHLHH-HH/provenance-002-001.json,ee6a78f884798442b70624bf215292b2aadfdf8d
HHLHLHH-HH,3,18357409772957063861,host_extinction,5,0,state-003-001-0000000.gz,0,TE-Interaction-Experiments/HHLHLHH-HH/provenance-003-001.json,ee6a78f884798442b70624bf215292b2aadfdf8d
HHLHLHH-HL,1,5062950315137980626,host_extinction,5,0,state-001-001-0000000.gz,0,TE-Interaction-Experiments/HHLHLHH-HL/provenance-001-001.json,ee6a78f884798442b70624bf215292b2aadfdf8d
HHLHLHH-HL,2,2801497815305187494,host_extinction,5,0,state-002-001-0000000.gz,0,TE-Interaction-Experiments/HHLHLHH-HL/provenance-002-001.json,ee6a78f884798442b70624bf215292b2aadfdf8d
HHLHLHH-HL,3,8615345786482562397,host_extinction,5,0,state-003-001-0000000.gz,0,TE-Interaction-Experiments/HHLHLHH-HL/provenance-003-001.json,ee6a78f884798442b70624bf215292b2aadfdf8d
HHLHLHH-LH,1,3657265019113682140,host_extinction,5,0,state-001-001-0000000.gz,0,TE-Interaction-Experiments/HHLHLHH-LH/provenance-001-001.json,ee6a78f884798442b70624bf215292b2aadfdf8d
HHLHLHH-LH,2,16422215199375653793,maximum_generations,1500,288,state-002-001-0001500.gz,1500,TE-Interaction-Experiments/HHLHLHH-LH/provenance-002-001.json,ee6a78f884798442b70624bf215292b2aadfdf8d
HHLHLHH-LH,3,5372649378990129583,host_extinction,5,0,state-003-001-0000000.gz,0,TE-Interaction-Experiments/HHLHLHH-LH/provenance-003-001.json,ee6a78f884798442b70624bf215292b2aadfdf8d
HHLHLHH-LL,1,3617789420448340494,host_extinction,5,0,state-001-001-0000000.gz,0,TE-Interaction-Experiments/HHLHLHH-LL/provenance-001-001.json,ee6a78f884798442b70624bf215292b2aadfdf8d
HHLHLHH-LL,2,18150775635560745226,host_extinction,5,0,state-002-001-0000000.gz,0,TE-Interaction-Experiments/HHLHLHH-LL/provenance-002-001.json,ee6a78f884798442b70624bf215292b2aadfdf8d
HHLHLHH-LL,3,16512196462604987752,host_extinction,5,0,state-003-001-0000000.gz,0,TE-Interaction-Experiments/HHLHLHH-LL/provenance-003-001.json,ee6a78f884798442b70624bf215292b2aadfdf8d
HHLHLHH-Z,1,10873243888778026291,te_extinction,5,7,state-001-001-0000000.gz,0,TE-Interaction-Experiments/HHLHLHH-Z/provenance-001-001.json,023a8f88fe52b0b77d91cc3ef72caf45cabbbecf
HHLHLHH-Z,2,14110077414123922046,host_extinction,4,0,state-002-001-0000000.gz,0,TE-Interaction-Experiments/HHLHLHH-Z/provenance-002-001.json,023a8f88fe52b0b77d91cc3ef72caf45cabbbecf
HHLHLHH-Z,3,11623921041217483486,te_extinction,5,17,state-003-001-0000000.gz,0,TE-Interaction-Experiments/HHLHLHH-Z/provenance-003-001.json,023a8f88fe52b0b77d91cc3ef72caf45cabbbecf
HHLHLHL-HH,1,10315688955345273673,host_extinction,4,0,state-001-001-0000000.gz,0,TE-Interaction-Experiments/HHLHLHL-HH/provenance-001-001.json,ee6a78f884798442b70624bf215292b2aadfdf8d
HHLHLHL-HH,2,17830345195523422433,host_extinction,4,0,state-002-001-0000000.gz,0,TE-Interaction-Experiments/HHLHLHL-HH/provenance-002-001.json,ee6a78f884798442b70624bf215292b2aadfdf8d
HHLHLHL-HH,3,7153960355742212746,host_extinction,4,0,state-003-001-0000000.gz,0,TE-Interaction-Experiments/HHLHLHL-HH/provenance-003-001.json,ee6a78f884798442b70624bf215292b2aadfdf8d
HHLHLHL-HL,1,8765645300652934363,host_extinction,3,0,state-001-001-0000000.gz,0,TE-Interaction-Experiments/HHLHLHL-HL/provenance-001-001.json,ee6a78f884798442b70624bf215292b2aadfdf8d
HHLHLHL-HL,2,5772762072641603724,host_extinction,4,0,state-002-001-0000000.gz,0,TE-Interaction-Experiments/HHLHLHL-HL/provenance-002-001.json,ee6a78f884798442b70624bf215292b2aadfdf8d
HHLHLHL-HL,3,18095538680335803183,maximum_generations,1500,30,state-003-001-0001500.gz,1500,TE-Interaction-Experiments/HHLHLHL-HL/provenance-003-001.json,ee6a78f884798442b70624bf215292b2aadfdf8d
HHLHLHL-LH,1,12674740309748924097,host_extinction,4,0,state-001-001-0000000.gz,0,TE-Interaction-Experiments/HHLHLHL-LH/provenance-001-001.json,ee6a78f884798442b70624bf215292b2aadfdf8d
HHLHLHL-LH,2,8597723221899177823,host_extinction,4,0,state-002-001-0000000.gz,0,TE-Interaction-Experiments/HHLHLHL-LH/provenance-002-001.json,ee6a78f884798442b70624bf215292b2aadfdf8d
HHLHLHL-LH,3,13666984953151811360,host_extinction,4,0,state-003-001-0000000.gz,0,TE-Interaction-Experiments/HHLHLHL-LH/provenance-003-001.json,ee6a78f884798442b70624bf215292b2aadfdf8d
HHLHLHL-LL,1,14300344540364613343,host_extinction,4,0,state-001-001-0000000.gz,0,TE-Interaction-Experiments/HHLHLHL-LL/provenance-001-001.json,ee6a78f884798442b70624bf215292b2aadfdf8d
HHLHLHL-LL,2,17191984455148934512,host_extinction,4,0,state-002-001-0000000.gz,0,TE-Interaction-Experiments/HHLHLHL-LL/provenance-002-001.json,ee6a78f884798442b70624bf215292b2aadfdf8d
HHLHLHL-LL,3,18131201397398048554,host_extinction,4,0,state-003-001-0000000.gz,0,TE-Interaction-Experiments/HHLHLHL-LL/provenance-003-001.json,ee6a78f884798442b70624bf215292b2aadfdf8d
HHLHLHL-Z,1,10318810851695646463,host_extinction,4,0,state-001-001-0000000.gz,0,TE-Interaction-Experiments/HHLHLHL-Z/provenance-001-001.json,023a8f88fe52b0b77d91cc3ef72caf45cabbbecf
HHLHLHL-Z,2,3810221852654395294,host_extinction,4,0,state-002-001-0000000.gz,0,TE-Interaction-Experiments/HHLHLHL-Z/provenance-002-001.json,023a8f88fe52b0b77d91cc3ef72caf45cabbbecf
HHLHLHL-Z,3,8399693913202421080,host_extinction,4,0,state-003-001-0000000.gz,0,TE-Interaction-Experiments/HHLHLHL-Z/provenance-003-001.json,023a8f88fe52b0b77d91cc3ef72caf45cabbbecf
HHLHLLH-HH,1,9266116594386014005,host_extinction,5,0,state-001-001-0000000.gz,0,TE-Interaction-Experiments/HHLHLLH-HH/provenance-001-001.json,ee6a78f884798442b70624bf215292b2aadfdf8d
HHLHLLH-HH,2,6593425166010386719,host_extinction,6,0,state-002-001-0000000.gz,0,TE-Interaction-Experiments/HHLHLLH-HH/provenance-002-001.json,ee6a78f884798442b70624bf215292b2aadfdf8d
HHLHLLH-HH,3,8704266344437757907,te_extinction,540,285,state-003-001-0000500.gz,500,TE-Interaction-Experiments/HHLHLLH-HH/provenance-003-001.json,ee6a78f884798442b70624bf215292b2aadfdf8d
HHLHLLH-HL,1,14952185460605958302,host_extinction,5,0,state-001-001-0000000.gz,0,TE-Interaction-Experiments/HHLHLLH-HL/provenance-001-001.json,ee6a78f884798442b70624bf215292b2aadfdf8d
HHLHLLH-HL,2,2891688727235987000,host_extinction,5,0,state-002-001-0000000.gz,0,TE-Interaction-Experiments/HHLHLLH-HL/provenance-002-001.json,ee6a78f884798442b70624bf215292b2aadfdf8d
HHLHLLH-HL,3,16644428900925730133,te_extinction,1435,293,state-003-001-0001400.gz,1400,TE-Interaction-Experiments/HHLHLLH-HL/provenance-003-001.json,ee6a78f884798442b70624bf215292b2aadfdf8d
HHLHLLH-LH,1,8871907046123099163,host_extinction,5,0,state-001-001-0000000.gz,0,TE-Interaction-Experiments/HHLHLLH-LH/provenance-001-001.json,ee6a78f884798442b70624bf215292b2aadfdf8d
HHLHLLH-LH,2,1338151865565375977,maximum_generations,1500,298,state-002-001-0001500.gz,1500,TE-Interaction-Experiments/HHLHLLH-LH/provenance-002-001.json,ee6a78f884798442b70624bf215292b2aadfdf8d
HHLHLLH-LH,3,4660543284036265677,host_extinction,5,0,state-003-001-0000000.gz,0,TE-Interaction-Experiments/HHLHLLH-LH/provenance-003-001.json,ee6a78f884798442b70624bf215292b2aadfdf8d
HHLHLLH-LL,1,17425526471067478909,host_extinction,5,0,state-001-001-0000000.gz,0,TE-Interaction-Experiments/HHLHLLH-LL/provenance-001-001.json,ee6a78f884798442b70624bf215292b2aadfdf8d
HHLHLLH-LL,2,3442749094568203031,host_extinction,5,0,state-002-001-0000000.gz,0,TE-Interaction-Experiments/HHLHLLH-LL/provenance-002-001.json,ee6a78f884798442b70624bf215292b2aadfdf8d
HHLHLLH-LL,3,3744072314473677068,host_extinction,5,0,state-003-001-0000000.gz,0,TE-Interaction-Experiments/HHLHLLH-LL/provenance-003-001.json,ee6a78f884798442b70624bf215292b2aadfdf8d
HHLHLLH-Z,1,10688587826988309684,host_extinction,4,0,state-001-001-0000000.gz,0,TE-Interaction-Experiments/HHLHLLH-Z/provenance-001-001.json,023a8f88fe52b0b77d91cc3ef72caf45cabbbecf
HHLHLLH-Z,2,14962295348960769828,host_extinction,5,0,state-002-001-0000000.gz,0,TE-Interaction-Experiments/HHLHLLH-Z/provenance-002-001.json,023a8f88fe52b0b77d91cc3ef72caf45cabbbecf
HHLHLLH-Z,3,16488124321061855563,host_extinction,4,0,state-003-001-0000000.gz,0,TE-Interaction-Experiments/HHLHLLH-Z/provenance-003-001.json,023a8f88fe52b0b77d91cc3ef72caf45cabbbecf
HHLHLLL-HH,1,5463955538982583427,host_extinction,5,0,state-001-001-0000000.gz,0,TE-Interaction-Experiments/HHLHLLL-HH/provenance-001-001.json,ee6a78f884798442b70624bf215292b2aadfdf8d
HHLHLLL-HH,2,2772321498535913962,host_extinction,4,0,state-002-001-0000000.gz,0,TE-Interaction-Experiments/HHLHLLL-HH/provenance-002-001.json,ee6a78f884798442b70624bf215292b2aadfdf8d
HHLHLLL-HH,3,6742716508830978450,host_extinction,4,0,state-003-001-0000000.gz,0,TE-Interaction-Experiments/HHLHLLL-HH/provenance-003-001.json,ee6a78f884798442b70624bf215292b2aadfdf8d
HHLHLLL-HL,1,15801527199928626523,host_extinction,4,0,state-001-001-0000000.gz,0,TE-Interaction-Experiments/HHLHLLL-HL/provenance-001-001.json,ee6a78f884798442b70624bf215292b2aadfdf8d
HHLHLLL-HL,2,10863246279476674470,host_extinction,4,0,state-002-001-0000000.gz,0,TE-Interaction-Experiments/HHLHLLL-HL/provenance-002-001.json,ee6a78f884798442b70624bf215292b2aadfdf8d
HHLHLLL-HL,3,6675726190326652616,host_extinction,5,0,state-003-001-0000000.gz,0,TE-Interaction-Experiments/HHLHLLL-HL/provenance-003-001.json,ee6a78f884798442b70624bf215292b2aadfdf8d
HHLHLLL-LH,1,8032052976840329886,host_extinction,4,0,state-001-001-0000000.gz,0,TE-Interaction-Experiments/HHLHLLL-LH/provenance-001-001.json,ee6a78f884798442b70624bf215292b2aadfdf8d
HHLHLLL-LH,2,17393932623731559448,host_extinction,4,0,state-002-001-0000000.gz,0,TE-Interaction-Experiments/HHLHLLL-LH/provenance-002-001.json,ee6a78f884798442b70624bf215292b2aadfdf8d
HHLHLLL-LH,3,15634936229634912440,host_extinction,3,0,state-003-001-0000000.gz,0,TE-Interaction-Experiments/HHLHLLL-LH/provenance-003-001.json,ee6a78f884798442b70624bf215292b2aadfdf8d
HHLHLLL-LL,1,11789300216909751798,host_extinction,4,0,state-001-001-0000000.gz,0,TE-Interaction-Experiments/HHLHLLL-LL/provenance-001-001.json,ee6a78f884798442b70624bf215292b2aadfdf8d
HHLHLLL-LL,2,4062546384238032914,host_extinction,4,0,state-002-001-0000000.gz,0,TE-Interaction-Experiments/HHLHLLL-LL/provenance-002-001.json,ee6a78f884798442b70624bf215292b2aadfdf8d
HHLHLLL-LL,3,12368196958563380942,host_extinction,5,0,state-003-001-0000000.gz,0,TE-Interaction-Experiments/HHLHLLL-LL/provenance-003-001.json,ee6a78f884798442b70624bf215292b2aadfdf8d
HHLHLLL-Z,1,15675870892839448286,host_extinction,4,0,state-001-001-0000000.gz,0,TE-Interaction-Experiments/HHLHLLL-Z/provenance-001-001.json,023a8f88fe52b0b77d91cc3ef72caf45cabbbecf
HHLHLLL-Z,2,18277035016186903235,host_extinction,4,0,state-002-001-0000000.gz,0,TE-Interaction-Experiments/HHLHLLL-Z/provenance-002-001.json,023a8f88fe52b0b77d91cc3ef72caf45cabbbecf
HHLHLLL-Z,3,11042634812234714464,host_extinction,4,0,state-003-001-0000000.gz,0,TE-Interaction-Experiments/HHLHLLL-Z/provenance-003-001.json,023a8f88fe52b0b77d91cc3ef72caf45cabbbecf
HHLLHHH-HH,1,11013800387867338373,maximum_generations,1500,336,state-001-001-0001500.gz,1500,TE-Interaction-Experiments/HHLLHHH-HH/provenance-001-001.json,ee6a78f884798442b70624bf215292b2aadfdf8d
HHLLHHH-HH,2,17106530582603074548,checkpointed,1429,303,state-002-002-0001429.gz,1429,TE-Interaction-Experiments/HHLLHHH-HH/provenance-002-002.json,6d7e1d3095ad5913aa6640d26f7b0a69d284dacb
HHLLHHH-HH,3,7712336288871932485,checkpointed,1355,303,state-003-002-0001355.gz,1355,TE-Interaction-Experiments/HHLLHHH-HH/provenance-003-002.json,6d7e1d3095ad5913aa6640d26f7b0a69d284dacb
HHLLHHH-HL,1,2344373138284264368,host_extinction,21,0,state-001-001-0000000.gz,0,TE-Interaction-Experiments/HHLLHHH-HL/provenance-001-001.json,ee6a78f884798442b70624bf215292b2aadfdf8d
HHLLHHH-HL,2,11729079334423869469,checkpointed,1204,291,state-002-002-0001204.gz,1204,TE-Interaction-Experiments/HHLLHHH-HL/provenance-002-002.json,6d7e1d3095ad5913aa6640d26f7b0a69d284dacb
HHLLHHH-HL,3,10019808132234004978,host_extinction,20,0,state-003-001-0000000.gz,0,TE-Interaction-Experiments/HHLLHHH-HL/provenance-003-001.json,ee6a78f884798442b70624bf215292b2aadfdf8d
HHLLHHH-LH,1,12531550081429929962,host_extinction,10,0,state-001-001-0000000.gz,0,TE-Interaction-Experiments/HHLLHHH-LH/provenance-001-001.json,ee6a78f884798442b70624bf215292b2aadfdf8d
HHLLHHH-LH,2,1473295275889327693,host_extinction,10,0,state-002-001-0000000.gz,0,TE-Interaction-Experiments/HHLLHHH-LH/provenance-002-001.json,ee6a78f884798442b70624bf215292b2aadfdf8d
HHLLHHH-LH,3,3950344071175038345,host_extinction,9,0,state-003-001-0000000.gz,0,TE-Interaction-Experiments/HHLLHHH-LH/provenance-003-001.json,ee6a78f884798442b70624bf215292b2aadfdf8d
HHLLHHH-LL,1,5930540199547349445,host_extinction,10,0,state-001-001-0000000.gz,0,TE-Interaction-Experiments/HHLLHHH-LL/provenance-001-001.json,ee6a78f884798442b70624bf215292b2aadfdf8d
HHLLHHH-LL,2,4633832541856596551,host_extinction,10,0,state-002-001-0000000.gz,0,TE-Interaction-Experiments/HHLLHHH-LL/provenance-002-001.json,ee6a78f884798442b70624bf215292b2aadfdf8d
HHLLHHH-LL,3,7393800679740158909,host_extinction,10,0,state-003-001-0000000.gz,0,TE-Interaction-Experiments/HHLLHHH-LL/provenance-003-001.json,ee6a78f884798442b70624bf215292b2aadfdf8d
HHLLHHH-Z,1,14079567583724855234,host_extinction,8,0,state-001-001-0000000.gz,0,TE-Interaction-Experiments/HHLLHHH-Z/provenance-001-001.json,023a8f88fe52b0b77d91cc3ef72caf45cabbbecf
HHLLHHH-Z,2,15827694458497958539,host_extinction,8,0,state-002-001-0000000.gz,0,TE-Interaction-Experiments/HHLLHHH-Z/provenance-002-001.json,023a8f88fe52b0b77d91cc3ef72caf45cabbbecf
HHLLHHH-Z,3,7803161892413742658,host_extinction,9,0,state-003-001-0000000.gz,0,TE-Interaction-Experiments/HHLLHHH-Z/provenance-003-001.json,023a8f88fe52b0b77d91cc3ef72caf45cabbbecf
HHLLHHL-HH,1,131731317114514756,host_extinction,18,0,state-001-001-0000000.gz,0,TE-Interaction-Experiments/HHLLHHL-HH/provenance-001-001.json,ee6a78f884798442b70624bf215292b2aadfdf8d
HHLLHHL-HH,2,8061274895649948356,host_extinction,14,0,state-002-001-0000000.gz,0,TE-Interaction-Experiments/HHLLHHL-HH/provenance-002-001.json,ee6a78f884798442b70624bf215292b2aadfdf8d
HHLLHHL-HH,3,11904601816131231511,host_extinction,15,0,state-003-001-0000000.gz,0,TE-Interaction-Experiments/HHLLHHL-HH/provenance-003-001.json,ee6a78f884798442b70624bf215292b2aadfdf8d
HHLLHHL-HL,1,11437720682286738257,maximum_generations,1500,29,state-001-001-0001500.gz,1500,TE-Interaction-Experiments/HHLLHHL-HL/provenance-001-001.json,ee6a78f884798442b70624bf215292b2aadfdf8d
HHLLHHL-HL,2,7559470779817552936,host_extinction,19,0,state-002-001-0000000.gz,0,TE-Interaction-Experiments/HHLLHHL-HL/provenance-002-001.json,ee6a78f884798442b70624bf215292b2aadfdf8d
HHLLHHL-HL,3,7652895779027968187,host_extinction,12,0,state-003-001-0000000.gz,0,TE-Interaction-Experiments/HHLLHHL-HL/provenance-003-001.json,ee6a78f884798442b70624bf215292b2aadfdf8d
HHLLHHL-LH,1,507502853162904817,host_extinction,10,0,state-001-001-0000000.gz,0,TE-Interaction-Experiments/HHLLHHL-LH/provenance-001-001.json,ee6a78f884798442b70624bf215292b2aadfdf8d
HHLLHHL-LH,2,8689083663494391037,host_extinction,9,0,state-002-001-0000000.gz,0,TE-Interaction-Experiments/HHLLHHL-LH/provenance-002-001.json,ee6a78f884798442b70624bf215292b2aadfdf8d
HHLLHHL-LH,3,8204871098396479174,host_extinction,8,0,state-003-001-0000000.gz,0,TE-Interaction-Experiments/HHLLHHL-LH/provenance-003-001.json,ee6a78f884798442b70624bf215292b2aadfdf8d
HHLLHHL-LL,1,15776908479565630025,host_extinction,9,0,state-001-001-0000000.gz,0,TE-Interaction-Experiments/HHLLHHL-LL/provenance-001-001.json,ee6a78f884798442b70624bf215292b2aadfdf8d
HHLLHHL-LL,2,399314397674503515,host_extinction,8,0,state-002-001-0000000.gz,0,TE-Interaction-Experiments/HHLLHHL-LL/provenance-002-001.json,ee6a78f884798442b70624bf215292b2aadfdf8d
HHLLHHL-LL,3,16568869770392597043,host_extinction,9,0,state-003-001-0000000.gz,0,TE-Interaction-Experiments/HHLLHHL-LL/provenance-003-001.json,ee6a78f884798442b70624bf215292b2aadfdf8d
HHLLHHL-Z,1,12076806953446729526,host_extinction,8,0,state-001-001-0000000.gz,0,TE-Interaction-Experiments/HHLLHHL-Z/provenance-001-001.json,023a8f88fe52b0b77d91cc3ef72caf45cabbbecf
HHLLHHL-Z,2,9271219356608681524,host_extinction,8,0,state-002-001-0000000.gz,0,TE-Interaction-Experiments/HHLLHHL-Z/provenance-002-001.json,023a8f88fe52b0b77d91cc3ef72caf45cabbbecf
HHLLHHL-Z,3,13830238675009102237,host_extinction,8,0,state-003-001-0000000.gz,0,TE-Interaction-Experiments/HHLLHHL-Z/provenance-003-001.json,023a8f88fe52b0b77d91cc3ef72caf45cabbbecf
HHLLHLH-HH,1,9946708200118445686,maximum_generations,1500,310,state-001-002-0001500.gz,1500,TE-Interaction-Experiments/HHLLHLH-HH/provenance-001-002.json,6d7e1d3095ad5913aa6640d26f7b0a69d284dacb
HHLLHLH-HH,2,2200877366976322315,maximum_generations,1500,299,state-002-002-0001500.gz,1500,TE-Interaction-Experiments/HHLLHLH-HH/provenance-002-002.json,6d7e1d3095ad5913aa6640d26f7b0a69d284dacb
HHLLHLH-HH,3,3372751305094153163,maximum_generations,1500,280,state-003-002-0001500.gz,1500,TE-Interaction-Experiments/HHLLHLH-HH/provenance-003-002.json,6d7e1d3095ad5913aa6640d26f7b0a69d284dacb
HHLLHLH-HL,1,3594025253049172354,host_extinction,25,0,state-001-001-0000000.gz,0,TE-Interaction-Experiments/HHLLHLH-HL/provenance-001-001.json,ee6a78f884798442b70624bf215292b2aadfdf8d
HHLLHLH-HL,2,13162579292557688390,maximum_generations,1500,303,state-002-002-0001500.gz,1500,TE-Interaction-Experiments/HHLLHLH-HL/provenance-002-002.json,6d7e1d3095ad5913aa6640d26f7b0a69d284dacb
HHLLHLH-HL,3,3025484954255694010,maximum_generations,1500,301,state-003-002-0001500.gz,1500,TE-Interaction-Experiments/HHLLHLH-HL/provenance-003-002.json,6d7e1d3095ad5913aa6640d26f7b0a69d284dacb
HHLLHLH-LH,1,15151417441883607126,host_extinction,11,0,state-001-001-0000000.gz,0,TE-Interaction-Experiments/HHLLHLH-LH/provenance-001-001.json,ee6a78f884798442b70624bf215292b2aadfdf8d
HHLLHLH-LH,2,18148986235777395558,host_extinction,10,0,state-002-001-0000000.gz,0,TE-Interaction-Experiments/HHLLHLH-LH/provenance-002-001.json,ee6a78f884798442b70624bf215292b2aadfdf8d
HHLLHLH-LH,3,17467020376669893606,host_extinction,10,0,state-003-001-0000000.gz,0,TE-Interaction-Experiments/HHLLHLH-LH/provenance-003-001.json,ee6a78f884798442b70624bf215292b2aadfdf8d
HHLLHLH-LL,1,10847240189456598385,host_extinction,9,0,state-001-001-0000000.gz,0,TE-Interaction-Experiments/HHLLHLH-LL/provenance-001-001.json,ee6a78f884798442b70624bf215292b2aadfdf8d
HHLLHLH-LL,2,13157671114554150672,host_extinction,10,0,state-002-001-0000000.gz,0,TE-Interaction-Experiments/HHLLHLH-LL/provenance-002-001.json,ee6a78f884798442b70624bf215292b2aadfdf8d
HHLLHLH-LL,3,10156097387977094076,host_extinction,9,0,state-003-001-0000000.gz,0,TE-Interaction-Experiments/HHLLHLH-LL/provenance-003-001.json,ee6a78f884798442b70624bf215292b2aadfdf8d
HHLLHLH-Z,1,15131407235152583861,te_extinction,8,14,state-001-001-0000000.gz,0,TE-Interaction-Experiments/HHLLHLH-Z/provenance-001-001.json,023a8f88fe52b0b77d91cc3ef72caf45cabbbecf
HHLLHLH-Z,2,13556021163427324572,host_extinction,8,0,state-002-001-0000000.gz,0,TE-Interaction-Experiments/HHLLHLH-Z/provenance-002-001.json,023a8f88fe52b0b77d91cc3ef72caf45cabbbecf
HHLLHLH-Z,3,16470292253930322316,host_extinction,8,0,state-003-001-0000000.gz,0,TE-Interaction-Experiments/HHLLHLH-Z/provenance-003-001.json,023a8f88fe52b0b77d91cc3ef72caf45cabbbecf
HHLLHLL-HH,1,15709014031865963486,host_extinction,21,0,state-001-001-0000000.gz,0,TE-Interaction-Experiments/HHLLHLL-HH/provenance-001-001.json,ee6a78f884798442b70624bf215292b2aadfdf8d
HHLLHLL-HH,2,2659609376475859307,host_extinction,17,0,state-002-001-0000000.gz,0,TE-Interaction-Experiments/HHLLHLL-HH/provenance-002-001.json,ee6a78f884798442b70624bf215292b2aadfdf8d
HHLLHLL-HH,3,9231607819963997727,maximum_generations,1500,31,state-003-002-0001500.gz,1500,TE-Interaction-Experiments/HHLLHLL-HH/provenance-003-002.json,6d7e1d3095ad5913aa6640d26f7b0a69d284dacb
HHLLHLL-HL,1,414506335621125723,maximum_generations,1500,37,state-001-001-0001500.gz,1500,TE-Interaction-Experiments/HHLLHLL-HL/provenance-001-001.json,ee6a78f884798442b70624bf215292b2aadfdf8d
HHLLHLL-HL,2,2841259060478684299,host_extinction,18,0,state-002-001-0000000.gz,0,TE-Interaction-Experiments/HHLLHLL-HL/provenance-002-001.json,ee6a78f884798442b70624bf215292b2aadfdf8d
HHLLHLL-HL,3,725837214327129020,host_extinction,16,0,state-003-001-0000000.gz,0,TE-Interaction-Experiments/HHLLHLL-HL/provenance-003-001.json,ee6a78f884798442b70624bf215292b2aadfdf8d
HHLLHLL-LH,1,8985610010991656902,host_extinction,10,0,state-001-001-0000000.gz,0,TE-Interaction-Experiments/HHLLHLL-LH/provenance-001-001.json,ee6a78f884798442b70624bf215292b2aadfdf8d
HHLLHLL-LH,2,16442711639081660182,host_extinction,8,0,state-002-001-0000000.gz,0,TE-Interaction-Experiments/HHLLHLL-LH/provenance-002-001.json,ee6a78f884798442b70624bf215292b2aadfdf8d
HHLLHLL-LH,3,513652437603638441,host_extinction,9,0,state-003-001-0000000.gz,0,TE-Interaction-Experiments/HHLLHLL-LH/provenance-003-001.json,ee6a78f884798442b70624bf215292b2aadfdf8d
HHLLHLL-LL,1,14942276064698466909,host_extinction,9,0,state-001-001-0000000.gz,0,TE-Interaction-Experiments/HHLLHLL-LL/provenance-001-001.json,ee6a78f884798442b70624bf215292b2aadfdf8d
HHLLHLL-LL,2,15030761271950007904,host_extinction,8,0,state-002-001-0000000.gz,0,TE-Interaction-Experiments/HHLLHLL-LL/provenance-002-001.json,ee6a78f884798442b70624bf215292b2aadfdf8d
HHLLHLL-LL,3,10999645507862875329,host_extinction,9,0,state-003-001-0000000.gz,0,TE-Interaction-Experiments/HHLLHLL-LL/provenance-003-001.json,ee6a78f884798442b70624bf215292b2aadfdf8d
HHLLHLL-Z,1,16020822861598618827,host_extinction,8,0,state-001-001-0000000.gz,0,TE-Interaction-Experiments/HHLLHLL-Z/provenance-001-001.json,023a8f88fe52b0b77d91cc3ef72caf45cabbbecf
HHLLHLL-Z,2,5260380447167011870,host_extinction,8,0,state-002-001-0000000.gz,0,TE-Interaction-Experiments/HHLLHLL-Z/provenance-002-001.json,023a8f88fe52b0b77d91cc3ef72caf45cabbbecf
HHLLHLL-Z,3,3534880167498163530,host_extinction,8,0,state-003-001-0000000.gz,0,TE-Interaction-Experiments/HHLLHLL-Z/provenance-003-001.json,023a8f88fe52b0b77d91cc3ef72caf45cabbbecf
HHLLLHH-HH,1,8893775249302235408,host_extinction,9,0,state-001-001-0000000.gz,0,TE-Interaction-Experiments/HHLLLHH-HH/provenance-001-001.json,ee6a78f884798442b70624bf215292b2aadfdf8d
HHLLLHH-HH,2,7132298160162239968,host_extinction,10,0,state-002-001-0000000.gz,0,TE-Interaction-Experiments/HHLLLHH-HH/provenance-002-001.json,ee6a78f884798442b70624bf215292b2aadfdf8d
HHLLLHH-HH,3,8691325039567929873,host_extinction,10,0,state-003-001-0000000.gz,0,TE-Interaction-Experiments/HHLLLHH-HH/provenance-003-001.json,ee6a78f884798442b70624bf215292b2aadfdf8d
HHLLLHH-HL,1,6981743296199803767,maximum_generations,1500,322,state-001-001-0001500.gz,1500,TE-Interaction-Experiments/HHLLLHH-HL/provenance-001-001.json,ee6a78f884798442b70624bf215292b2aadfdf8d
HHLLLHH-HL,2,10499029760254219829,host_extinction,9,0,state-002-001-0000000.gz,0,TE-Interaction-Experiments/HHLLLHH-HL/provenance-002-001.json,ee6a78f884798442b70624bf215292b2aadfdf8d
HHLLLHH-HL,3,440542672633093646,host_extinction,7,0,state-003-001-0000000.gz,0,TE-Interaction-Experiments/HHLLLHH-HL/provenance-003-001.json,ee6a78f884798442b70624bf215292b2aadfdf8d
HHLLLHH-LH,1,4134123203680235300,host_extinction,7,0,state-001-001-0000000.gz,0,TE-Interaction-Experiments/HHLLLHH-LH/provenance-001-001.json,ee6a78f884798442b70624bf215292b2aadfdf8d
HHLLLHH-LH,2,16825049919743430234,host_extinction,8,0,state-002-001-0000000.gz,0,TE-Interaction-Experiments/HHLLLHH-LH/provenance-002-001.json,ee6a78f884798442b70624bf215292b2aadfdf8d
HHLLLHH-LH,3,16585099704452983606,host_extinction,7,0,state-003-001-0000000.gz,0,TE-Interaction-Experiments/HHLLLHH-LH/provenance-003-001.json,ee6a78f884798442b70624bf215292b2aadfdf8d
HHLLLHH-LL,1,1047243124763809755,host_extinction,7,0,state-001-001-0000000.gz,0,TE-Interaction-Experiments/HHLLLHH-LL/provenance-001-001.json,ee6a78f884798442b70624bf215292b2aadfdf8d
HHLLLHH-LL,2,9546706463903873987,host_extinction,8,0,state-002-001-0000000.gz,0,TE-Interaction-Experiments/HHLLLHH-LL/provenance-002-001.json,ee6a78f884798442b70624bf215292b2aadfdf8d
HHLLLHH-LL,3,3195058029451376661,host_extinction,8,0,state-003-001-0000000.gz,0,TE-Interaction-Experiments/HHLLLHH-LL/provenance-003-001.json,ee6a78f884798442b70624bf215292b2aadfdf8d
HHLLLHH-Z,1,14684092901969434719,host_extinction,6,0,state-001-001-0000000.gz,0,TE-Interaction-Experiments/HHLLLHH-Z/provenance-001-001.json,023a8f88fe52b0b77d91cc3ef72caf45cabbbecf
HHLLLHH-Z,2,7480698107133455603,host_extinction,7,0,state-002-001-0000000.gz,0,TE-Interaction-Experiments/HHLLLHH-Z/provenance-002-001.json,023a8f88fe52b0b77d91cc3ef72caf45cabbbecf
HHLLLHH-Z,3,9995982643885343643,host_extinction,6,0,state-003-001-0000000.gz,0,TE-Interaction-Experiments/HHLLLHH-Z/provenance-003-001.json,023a8f88fe52b0b77d91cc3ef72caf45cabbbecf
HHLLLHL-HH,1,13047719681244844602,host_extinction,6,0,state-001-001-0000000.gz,0,TE-Interaction-Experiments/HHLLLHL-HH/provenance-001-001.json,ee6a78f884798442b70624bf215292b2aadfdf8d
HHLLLHL-HH,2,16061160463462528125,host_extinction,8,0,state-002-001-0000000.gz,0,TE-Interaction-Experiments/HHLLLHL-HH/provenance-002-001.json,ee6a78f884798442b70624bf215292b2aadfdf8d
HHLLLHL-HH,3,18113904625843229964,host_extinction,7,0,state-003-001-0000000.gz,0,TE-Interaction-Experiments/HHLLLHL-HH/provenance-003-001.json,ee6a78f884798442b70624bf215292b2aadfdf8d
HHLLLHL-HL,1,18007036627831210187,host_extinction,6,0,state-001-001-0000000.gz,0,TE-Interaction-Experiments/HHLLLHL-HL/provenance-001-001.json,ee6a78f884798442b70624bf215292b2aadfdf8d
HHLLLHL-HL,2,8092045537741119337,host_extinction,6,0,state-002-001-0000000.gz,0,TE-Interaction-Experiments/HHLLLHL-HL/provenance-002-001.json,ee6a78f884798442b70624bf215292b2aadfdf8d
HHLLLHL-HL,3,17906562921111746619,host_extinction,5,0,state-003-001-0000000.gz,0,TE-Interaction-Experiments/HHLLLHL-HL/provenance-003-001.json,ee6a78f884798442b70624bf215292b2aadfdf8d
HHLLLHL-LH,1,18052452323296224442,host_extinction,7,0,state-001-001-0000000.gz,0,TE-Interaction-Experiments/HHLLLHL-LH/provenance-001-001.json,ee6a78f884798442b70624bf215292b2aadfdf8d
HHLLLHL-LH,2,11356177862481382037,host_extinction,6,0,state-002-001-0000000.gz,0,TE-Interaction-Experiments/HHLLLHL-LH/provenance-002-001.json,ee6a78f884798442b70624bf215292b2aadfdf8d
HHLLLHL-LH,3,12074468385835935675,host_extinction,6,0,state-003-001-0000000.gz,0,TE-Interaction-Experiments/HHLLLHL-LH/provenance-003-001.json,ee6a78f884798442b70624bf215292b2aadfdf8d
HHLLLHL-LL,1,16076595610301762327,host_extinction,5,0,state-001-001-0000000.gz,0,TE-Interaction-Experiments/HHLLLHL-LL/provenance-001-001.json,ee6a78f884798442b70624bf215292b2aadfdf8d
HHLLLHL-LL,2,5440134581253022145,host_extinction,5,0,state-002-001-0000000.gz,0,TE-Interaction-Experiments/HHLLLHL-LL/provenance-002-001.json,ee6a78f884798442b70624bf215292b2aadfdf8d
HHLLLHL-LL,3,14652853748543552977,host_extinction,6,0,state-003-001-0000000.gz,0,TE-Interaction-Experiments/HHLLLHL-LL/provenance-003-001.json,ee6a78f884798442b70624bf215292b2aadfdf8d
HHLLLHL-Z,1,2524313704313339771,host_extinction,6,0,state-001-001-0000000.gz,0,TE-Interaction-Experiments/HHLLLHL-Z/provenance-001-001.json,023a8f88fe52b0b77d91cc3ef72caf45cabbbecf
HHLLLHL-Z,2,385325663758224163,host_extinction,5,0,state-002-001-0000000.gz,0,TE-Interaction-Experiments/HHLLLHL-Z/provenance-002-001.json,023a8f88fe52b0b77d91cc3ef72caf45cabbbecf
HHLLLHL-Z,3,16312054294712169721,host_extinction,6,0,state-003-001-0000000.gz,0,TE-Interaction-Experiments/HHLLLHL-Z/provenance-003-001.json,023a8f88fe52b0b77d91cc3ef72caf45cabbbecf
HHLLLLH-HH,1,2409641399051523500,host_extinction,9,0,state-001-001-0000000.gz,0,TE-Interaction-Experiments/HHLLLLH-HH/provenance-001-001.json,ee6a78f884798442b70624bf215292b2aadfdf8d
HHLLLLH-HH,2,6570758561702911718,host_extinction,10,0,state-002-001-0000000.gz,0,TE-Interaction-Experiments/HHLLLLH-HH/provenance-002-001.json,ee6a78f884798442b70624bf215292b2aadfdf8d
HHLLLLH-HH,3,2273795792556653693,host_extinction,10,0,state-003-001-0000000.gz,0,TE-Interaction-Experiments/HHLLLLH-HH/provenance-003-001.json,ee6a78f884798442b70624bf215292b2aadfdf8d
HHLLLLH-HL,1,4017183559212692132,host_extinction,7,0,state-001-001-0000000.gz,0,TE-Interaction-Experiments/HHLLLLH-HL/provenance-001-001.json,ee6a78f884798442b70624bf215292b2aadfdf8d
HHLLLLH-HL,2,17951380551115074780,host_extinction,7,0,state-002-001-0000000.gz,0,TE-Interaction-Experiments/HHLLLLH-HL/provenance-002-001.json,ee6a78f884798442b70624bf215292b2aadfdf8d
HHLLLLH-HL,3,14499783708066441478,maximum_generations,1500,285,state-003-001-0001500.gz,1500,TE-Interaction-Experiments/HHLLLLH-HL/provenance-003-001.json,ee6a78f884798442b70624bf215292b2aadfdf8d
HHLLLLH-LH,1,18296038202551977445,host_extinction,7,0,state-001-001-0000000.gz,0,TE-Interaction-Experiments/HHLLLLH-LH/provenance-001-001.json,ee6a78f884798442b70624bf215292b2aadfdf8d
HHLLLLH-LH,2,7582862748550838751,host_extinction,7,0,state-002-001-0000000.gz,0,TE-Interaction-Experiments/HHLLLLH-LH/provenance-002-001.json,ee6a78f884798442b70624bf215292b2aadfdf8d
HHLLLLH-LH,3,6932512460408788214,host_extinction,7,0,state-003-001-0000000.gz,0,TE-Interaction-Experiments/HHLLLLH-LH/provenance-003-001.json,ee6a78f884798442b70624bf215292b2aadfdf8d
HHLLLLH-LL,1,1422201102291549035,host_extinction,7,0,state-001-001-0000000.gz,0,TE-Interaction-Experiments/HHLLLLH-LL/provenance-001-001.json,ee6a78f884798442b70624bf215292b2aadfdf8d
HHLLLLH-LL,2,11983881844224922213,host_extinction,6,0,state-002-001-0000000.gz,0,TE-Interaction-Experiments/HHLLLLH-LL/provenance-002-001.json,ee6a78f884798442b70624bf215292b2aadfdf8d
HHLLLLH-LL,3,499730606252857500,te_extinction,1174,300,state-003-001-0001150.gz,1150,TE-Interaction-Experiments/HHLLLLH-LL/provenance-003-001.json,ee6a78f884798442b70624bf215292b2aadfdf8d
HHLLLLH-Z,1,1967607959723730473,host_extinction,7,0,state-001-001-0000000.gz,0,TE-Interaction-Experiments/HHLLLLH-Z/provenance-001-001.json,023a8f88fe52b0b77d91cc3ef72caf45cabbbecf
HHLLLLH-Z,2,15381590662302207152,host_extinction,7,0,state-002-001-0000000.gz,0,TE-Interaction-Experiments/HHLLLLH-Z/provenance-002-001.json,023a8f88fe52b0b77d91cc3ef72caf45cabbbecf
HHLLLLH-Z,3,7133055201034847435,host_extinction,6,0,state-003-001-0000000.gz,0,TE-Interaction-Experiments/HHLLLLH-Z/provenance-003-001.json,023a8f88fe52b0b77d91cc3ef72caf45cabbbecf
HHLLLLL-HH,1,14199527703146213565,host_extinction,8,0,state-001-001-0000000.gz,0,TE-Interaction-Experiments/HHLLLLL-HH/provenance-001-001.json,ee6a78f884798442b70624bf215292b2aadfdf8d
HHLLLLL-HH,2,7505362646486606068,host_extinction,6,0,state-002-001-0000000.gz,0,TE-Interaction-Experiments/HHLLLLL-HH/provenance-002-001.json,ee6a78f884798442b70624bf215292b2aadfdf8d
HHLLLLL-HH,3,11420602534184292321,host_extinction,9,0,state-003-001-0000000.gz,0,TE-Interaction-Experiments/HHLLLLL-HH/provenance-003-001.json,ee6a78f884798442b70624bf215292b2aadfdf8d
HHLLLLL-HL,1,11008633347671763002,host_extinction,6,0,state-001-001-0000000.gz,0,TE-Interaction-Experiments/HHLLLLL-HL/provenance-001-001.json,ee6a78f884798442b70624bf215292b2aadfdf8d
HHLLLLL-HL,2,16385352755084312777,host_extinction,5,0,state-002-001-0000000.gz,0,TE-Interaction-Experiments/HHLLLLL-HL/provenance-002-001.json,ee6a78f884798442b70624bf215292b2aadfdf8d
HHLLLLL-HL,3,7326831343686047133,host_extinction,7,0,state-003-001-0000000.gz,0,TE-Interaction-Experiments/HHLLLLL-HL/provenance-003-001.json,ee6a78f884798442b70624bf215292b2aadfdf8d
HHLLLLL-LH,1,16932920927114181359,host_extinction,6,0,state-001-001-0000000.gz,0,TE-Interaction-Experiments/HHLLLLL-LH/provenance-001-001.json,ee6a78f884798442b70624bf215292b2aadfdf8d
HHLLLLL-LH,2,895682748038628899,maximum_generations,1500,30,state-002-001-0001500.gz,1500,TE-Interaction-Experiments/HHLLLLL-LH/provenance-002-001.json,ee6a78f884798442b70624bf215292b2aadfdf8d
HHLLLLL-LH,3,2623113681501345473,host_extinction,5,0,state-003-001-0000000.gz,0,TE-Interaction-Experiments/HHLLLLL-LH/provenance-003-001.json,ee6a78f884798442b70624bf215292b2aadfdf8d
HHLLLLL-LL,1,14387042313750055701,host_extinction,7,0,state-001-001-0000000.gz,0,TE-Interaction-Experiments/HHLLLLL-LL/provenance-001-001.json,ee6a78f884798442b70624bf215292b2aadfdf8d
HHLLLLL-LL,2,2732313655439462651,host_extinction,6,0,state-002-001-0000000.gz,0,TE-Interaction-Experiments/HHLLLLL-LL/provenance-002-001.json,ee6a78f884798442b70624bf215292b2aadfdf8d
HHLLLLL-LL,3,12405926866360288331,host_extinction,6,0,state-003-001-0000000.gz,0,TE-Interaction-Experiments/HHLLLLL-LL/provenance-003-001.json,ee6a78f884798442b70624bf215292b2aadfdf8d
HHLLLLL-Z,1,5729860774918049878,host_extinction,5,0,state-001-001-0000000.gz,0,TE-Interaction-Experiments/HHLLLLL-Z/provenance-001-001.json,023a8f88fe52b0b77d91cc3ef72caf45cabbbecf
HHLLLLL-Z,2,13038426345799323475,host_extinction,5,0,state-002-001-0000000.gz,0,TE-Interaction-Experiments/HHLLLLL-Z/provenance-002-001.json,023a8f88fe52b0b77d91cc3ef72caf45cabbbecf
HHLLLLL-Z,3,5463065346683670505,host_extinction,6,0,state-003-001-0000000.gz,0,TE-Interaction-Experiments/HHLLLLL-Z/provenance-003-001.json,023a8f88fe52b0b77d91cc3ef72caf45cabbbecf
HLHHHHH-HH,1,8555554709521838133,host_extinction,11,0,state-001-001-0000000.gz,0,TE-Interaction-Experiments/HLHHHHH-HH/provenance-001-001.json,ee6a78f884798442b70624bf215292b2aadfdf8d
HLHHHHH-HH,2,13150085821810585463,te_extinction,821,318,state-002-001-0000800.gz,800,TE-Interaction-Experiments/HLHHHHH-HH/provenance-002-001.json,ee6a78f884798442b70624bf215292b2aadfdf8d
HLHHHHH-HH,3,9357334607009658117,te_extinction,424,310,state-003-001-0000400.gz,400,TE-Interaction-Experiments/HLHHHHH-HH/provenance-003-001.json,ee6a78f884798442b70624bf215292b2aadfdf8d
HLHHHHH-HL,1,4099808483953818719,te_extinction,737,290,state-001-001-0000700.gz,700,TE-Interaction-Experiments/HLHHHHH-HL/provenance-001-001.json,ee6a78f884798442b70624bf215292b2aadfdf8d
HLHHHHH-HL,2,2540635065420121098,te_extinction,320,296,state-002-001-0000300.gz,300,TE-Interaction-Experiments/HLHHHHH-HL/provenance-002-001.json,ee6a78f884798442b70624bf215292b2aadfdf8d
HLHHHHH-HL,3,17380215045320360802,host_extinction,7,0,state-003-001-0000000.gz,0,TE-Interaction-Experiments/HLHHHHH-HL/provenance-003-001.json,ee6a78f884798442b70624bf215292b2aadfdf8d
HLHHHHH-LH,1,9717318587332239779,host_extinction,7,0,state-001-001-0000000.gz,0,TE-Interaction-Experiments/HLHHHHH-LH/provenance-001-001.json,ee6a78f884798442b70624bf215292b2aadfdf8d
HLHHHHH-LH,2,13166182664214849381,te_extinction,578,311,state-002-001-0000550.gz,550,TE-Interaction-Experiments/HLHHHHH-LH/provenance-002-001.json,ee6a78f884798442b70624bf215292b2aadfdf8d
HLHHHHH-LH,3,11115541215256740135,te_extinction,585,280,state-003-001-0000550.gz,550,TE-Interaction-Experiments/HLHHHHH-LH/provenance-003-001.json,ee6a78f884798442b70624bf215292b2aadfdf8d
HLHHHHH-LL,1,7009951022095076159,te_extinction,229,296,state-001-001-0000200.gz,200,TE-Interaction-Experiments/HLHHHHH-LL/provenance-001-001.json,ee6a78f884798442b70624bf215292b2aadfdf8d
HLHHHHH-LL,2,8549824596792429741,te_extinction,385,300,state-002-001-0000350.gz,350,TE-Interaction-Experiments/HLHHHHH-LL/provenance-002-001.json,ee6a78f884798442b70624bf215292b2aadfdf8d
HLHHHHH-LL,3,1430035444472250048,te_extinction,111,293,state-003-001-0000100.gz,100,TE-Interaction-Experiments/HLHHHHH-LL/provenance-003-001.json,ee6a78f884798442b70624bf215292b2aadfdf8d
HLHHHHH-Z,1,16295377730703794264,te_extinction,7,13,state-001-001-0000000.gz,0,TE-Interaction-Experiments/HLHHHHH-Z/provenance-001-001.json,023a8f88fe52b0b77d91cc3ef72caf45cabbbecf
HLHHHHH-Z,2,7124338126413568115,te_extinction,7,9,state-002-001-0000000.gz,0,TE-Interaction-Experiments/HLHHHHH-Z/provenance-002-001.json,023a8f88fe52b0b77d91cc3ef72caf45cabbbecf
HLHHHHH-Z,3,14889387566630772691,te_extinction,7,22,state-003-001-0000000.gz,0,TE-Interaction-Experiments/HLHHHHH-Z/provenance-003-001.json,023a8f88fe52b0b77d91cc3ef72caf45cabbbecf
HLHHHHL-HH,1,5285365335701478011,host_extinction,11,0,state-001-001-0000000.gz,0,TE-Interaction-Experiments/HLHHHHL-HH/provenance-001-001.json,ee6a78f884798442b70624bf215292b2aadfdf8d
HLHHHHL-HH,2,13738753011653242941,host_extinction,9,0,state-002-001-0000000.gz,0,TE-Interaction-Experiments/HLHHHHL-HH/provenance-002-001.json,ee6a78f884798442b70624bf215292b2aadfdf8d
HLHHHHL-HH,3,13986810191497310563,host_extinction,7,0,state-003-001-0000000.gz,0,TE-Interaction-Experiments/HLHHHHL-HH/provenance-003-001.json,ee6a78f884798442b70624bf215292b2aadfdf8d
HLHHHHL-HL,1,1982322436685571672,host_extinction,6,0,state-001-001-0000000.gz,0,TE-Interaction-Experiments/HLHHHHL-HL/provenance-001-001.json,ee6a78f884798442b70624bf215292b2aadfdf8d
HLHHHHL-HL,2,9067819645049205735,host_extinction,7,0,state-002-001-0000000.gz,0,TE-Interaction-Experiments/HLHHHHL-HL/provenance-002-001.json,ee6a78f884798442b70624bf215292b2aadfdf8d
HLHHHHL-HL,3,15457020281318829110,host_extinction,7,0,state-003-001-0000000.gz,0,TE-Interaction-Experiments/HLHHHHL-HL/provenance-003-001.json,ee6a78f884798442b70624bf215292b2aadfdf8d
HLHHHHL-LH,1,10937611737910071566,host_extinction,7,0,state-001-001-0000000.gz,0,TE-Interaction-Experiments/HLHHHHL-LH/provenance-001-001.json,ee6a78f884798442b70624bf215292b2aadfdf8d
HLHHHHL-LH,2,10613322398932215888,te_extinction,109,28,state-002-001-0000100.gz,100,TE-Interaction-Experiments/HLHHHHL-LH/provenance-002-001.json,ee6a78f884798442b70624bf215292b2aadfdf8d
HLHHHHL-LH,3,13795619403651967063,te_extinction,241,35,state-003-001-0000200.gz,200,TE-Interaction-Experiments/HLHHHHL-LH/provenance-003-001.json,ee6a78f884798442b70624bf215292b2aadfdf8d
HLHHHHL-LL,1,13756514452710202280,host_extinction,6,0,state-001-001-0000000.gz,0,TE-Interaction-Experiments/HLHHHHL-LL/provenance-001-001.json,ee6a78f884798442b70624bf215292b2aadfdf8d
HLHHHHL-LL,2,11903380866967320635,te_extinction,375,31,state-002-001-0000350.gz,350,TE-Interaction-Experiments/HLHHHHL-LL/provenance-002-001.json,ee6a78f884798442b70624bf215292b2aadfdf8d
HLHHHHL-LL,3,2530736882220958219,host_extinction,7,0,state-003-001-0000000.gz,0,TE-Interaction-Experiments/HLHHHHL-LL/provenance-003-001.json,ee6a78f884798442b70624bf215292b2aadfdf8d
HLHHHHL-Z,1,4867252123259316017,host_extinction,6,0,state-001-001-0000000.gz,0,TE-Interaction-Experiments/HLHHHHL-Z/provenance-001-001.json,023a8f88fe52b0b77d91cc3ef72caf45cabbbecf
HLHHHHL-Z,2,17906676678897281413,host_extinction,6,0,state-002-001-0000000.gz,0,TE-Interaction-Experiments/HLHHHHL-Z/provenance-002-001.json,023a8f88fe52b0b77d91cc3ef72caf45cabbbecf
HLHHHHL-Z,3,4601817636378451632,host_extinction,6,0,state-003-001-0000000.gz,0,TE-Interaction-Experiments/HLHHHHL-Z/provenance-003-001.json,023a8f88fe52b0b77d91cc3ef72caf45cabbbecf
HLHHHLH-HH,1,16350400258037748651,te_extinction,457,304,state-001-001-0000450.gz,450,TE-Interaction-Experiments/HLHHHLH-HH/provenance-001-001.json,ee6a78f884798442b70624bf215292b2aadfdf8d
HLHHHLH-HH,2,8718933093667884757,te_extinction,1122,305,state-002-001-0001100.gz,1100,TE-Interaction-Experiments/HLHHHLH-HH/provenance-002-001.json,ee6a78f884798442b70624bf215292b2aadfdf8d
HLHHHLH-HH,3,16203274392726073735,host_extinction,9,0,state-003-001-0000000.gz,0,TE-Interaction-Experiments/HLHHHLH-HH/provenance-003-001.json,ee6a78f884798442b70624bf215292b2aadfdf8d
HLHHHLH-HL,1,3426940572234672737,te_extinction,545,295,state-001-001-0000500.gz,500,TE-Interaction-Experiments/HLHHHLH-HL/provenance-001-001.json,ee6a78f884798442b70624bf215292b2aadfdf8d
HLHHHLH-HL,2,14685636749275329660,te_extinction,437,285,state-002-001-0000400.gz,400,TE-Interaction-Experiments/HLHHHLH-HL/provenance-002-001.json,ee6a78f884798442b70624bf215292b2aadfdf8d
HLHHHLH-HL,3,297618192077799719,te_extinction,282,303,state-003-001-0000250.gz,250,TE-Interaction-Experiments/HLHHHLH-HL/provenance-003-001.json,ee6a78f884798442b70624bf215292b2aadfdf8d
HLHHHLH-LH,1,14277816864092266261,te_extinction,965,292,state-001-001-0000950.gz,950,TE-Interaction-Experiments/HLHHHLH-LH/provenance-001-001.json,ee6a78f884798442b70624bf215292b2aadfdf8d
HLHHHLH-LH,2,748578765099144492,te_extinction,834,302,state-002-001-0000800.gz,800,TE-Interaction-Experiments/HLHHHLH-LH/provenance-002-001.json,ee6a78f884798442b70624bf215292b2aadfdf8d
HLHHHLH-LH,3,3505219060398902450,te_extinction,490,302,state-003-001-0000450.gz,450,TE-Interaction-Experiments/HLHHHLH-LH/provenance-003-001.json,ee6a78f884798442b70624bf215292b2aadfdf8d
HLHHHLH-LL,1,6933459074242062178,host_extinction,7,0,state-001-001-0000000.gz,0,TE-Interaction-Experiments/HLHHHLH-LL/provenance-001-001.json,ee6a78f884798442b70624bf215292b2aadfdf8d
HLHHHLH-LL,2,12595503780680823589,te_extinction,945,300,state-002-001-0000900.gz,900,TE-Interaction-Experiments/HLHHHLH-LL/provenance-002-001.json,ee6a78f884798442b70624bf215292b2aadfdf8d
HLHHHLH-LL,3,15301347106147915019,te_extinction,284,295,state-003-001-0000250.gz,250,TE-Interaction-Experiments/HLHHHLH-LL/provenance-003-001.json,ee6a78f884798442b70624bf215292b2aadfdf8d
HLHHHLH-Z,1,2877346697392883486,te_extinction,6,19,state-001-001-0000000.gz,0,TE-Interaction-Experiments/HLHHHLH-Z/provenance-001-001.json,023a8f88fe52b0b77d91cc3ef72caf45cabbbecf
HLHHHLH-Z,2,13904345759867992978,te_extinction,6,11,state-002-001-0000000.gz,0,TE-Interaction-Experiments/HLHHHLH-Z/provenance-002-001.json,023a8f88fe52b0b77d91cc3ef72caf45cabbbecf
HLHHHLH-Z,3,11490397086826085362,te_extinction,6,26,state-003-001-0000000.gz,0,TE-Interaction-Experiments/HLHHHLH-Z/provenance-003-001.json,023a8f88fe52b0b77d91cc3ef72caf45cabbbecf
HLHHHLL-HH,1,17289437124029401088,host_extinction,7,0,state-001-001-0000000.gz,0,TE-Interaction-Experiments/HLHHHLL-HH/provenance-001-001.json,ee6a78f884798442b70624bf215292b2aadfdf8d
HLHHHLL-HH,2,15388826139651940407,host_extinction,8,0,state-002-001-0000000.gz,0,TE-Interaction-Experiments/HLHHHLL-HH/provenance-002-001.json,ee6a78f884798442b70624bf215292b2aadfdf8d
HLHHHLL-HH,3,12710930736394115935,host_extinction,7,0,state-003-001-0000000.gz,0,TE-Interaction-Experiments/HLHHHLL-HH/provenance-003-001.json,ee6a78f884798442b70624bf215292b2aadfdf8d
HLHHHLL-HL,1,5312255020735226886,te_extinction,163,27,state-001-001-0000150.gz,150,TE-Interaction-Experiments/HLHHHLL-HL/provenance-001-001.json,ee6a78f884798442b70624bf215292b2aadfdf8d
HLHHHLL-HL,2,10068701104369318988,te_extinction,188,37,state-002-001-0000150.gz,150,TE-Interaction-Experiments/HLHHHLL-HL/provenance-002-001.json,ee6a78f884798442b70624bf215292b2aadfdf8d
HLHHHLL-HL,3,3982750285825663276,host_extinction,6,0,state-003-001-0000000.gz,0,TE-Interaction-Experiments/HLHHHLL-HL/provenance-003-001.json,ee6a78f884798442b70624bf215292b2aadfdf8d
HLHHHLL-LH,1,2836081233038326530,host_extinction,6,0,state-001-001-0000000.gz,0,TE-Interaction-Experiments/HLHHHLL-LH/provenance-001-001.json,ee6a78f884798442b70624bf215292b2aadfdf8d
HLHHHLL-LH,2,15682395241406022849,host_extinction,6,0,state-002-001-0000000.gz,0,TE-Interaction-Experiments/HLHHHLL-LH/provenance-002-001.json,ee6a78f884798442b70624bf215292b2aadfdf8d
HLHHHLL-LH,3,1213375607079137833,te_extinction,586,27,state-003-001-0000550.gz,550,TE-Interaction-Experiments/HLHHHLL-LH/provenance-003-001.json,ee6a78f884798442b70624bf215292b2aadfdf8d
HLHHHLL-LL,1,10437616327678799070,host_extinction,6,0,state-001-001-0000000.gz,0,TE-Interaction-Experiments/HLHHHLL-LL/provenance-001-001.json,ee6a78f884798442b70624bf215292b2aadfdf8d
HLHHHLL-LL,2,18222357413184185391,host_extinction,6,0,state-002-001-0000000.gz,0,TE-Interaction-Experiments/HLHHHLL-LL/provenance-002-001.json,ee6a78f884798442b70624bf215292b2aadfdf8d
HLHHHLL-LL,3,8322421861961549599,host_extinction,6,0,state-003-001-0000000.gz,0,TE-Interaction-Experiments/HLHHHLL-LL/provenance-003-001.json,ee6a78f884798442b70624bf215292b2aadfdf8d
HLHHHLL-Z,1,16185519344212482496,host_extinction,6,0,state-001-001-0000000.gz,0,TE-Interaction-Experiments/HLHHHLL-Z/provenance-001-001.json,023a8f88fe52b0b77d91cc3ef72caf45cabbbecf
HLHHHLL-Z,2,12362010480199739582,te_extinction,6,14,state-002-001-0000000.gz,0,TE-Interaction-Experiments/HLHHHLL-Z/provenance-002-001.json,023a8f88fe52b0b77d91cc3ef72caf45cabbbecf
HLHHHLL-Z,3,15650023144532800707,te_extinction,6,3,state-003-001-0000000.gz,0,TE-Interaction-Experiments/HLHHHLL-Z/provenance-003-001.json,023a8f88fe52b0b77d91cc3ef72caf45cabbbecf
HLHHLHH-HH,1,13553652936205749210,te_extinction,545,295,state-001-001-0000500.gz,500,TE-Interaction-Experiments/HLHHLHH-HH/provenance-001-001.json,ee6a78f884798442b70624bf215292b2aadfdf8d
HLHHLHH-HH,2,9423111680453085597,te_extinction,171,289,state-002-001-0000150.gz,150,TE-Interaction-Experiments/HLHHLHH-HH/provenance-002-001.json,ee6a78f884798442b70624bf215292b2aadfdf8d
HLHHLHH-HH,3,296278167348014028,host_extinction,8,0,state-003-001-0000000.gz,0,TE-Interaction-Experiments/HLHHLHH-HH/provenance-003-001.json,ee6a78f884798442b70624bf215292b2aadfdf8d
HLHHLHH-HL,1,11711851237255347691,te_extinction,136,316,state-001-001-0000100.gz,100,TE-Interaction-Experiments/HLHHLHH-HL/provenance-001-001.json,ee6a78f884798442b70624bf215292b2aadfdf8d
HLHHLHH-HL,2,10021673623038851955,te_extinction,285,292,state-002-001-0000250.gz,250,TE-Interaction-Experiments/HLHHLHH-HL/provenance-002-001.json,ee6a78f884798442b70624bf215292b2aadfdf8d
HLHHLHH-HL,3,1648155452046468848,te_extinction,511,320,state-003-001-0000500.gz,500,TE-Interaction-Experiments/HLHHLHH-HL/provenance-003-001.json,ee6a78f884798442b70624bf215292b2aadfdf8d
HLHHLHH-LH,1,9129226910689175299,host_extinction,5,0,state-001-001-0000000.gz,0,TE-Interaction-Experiments/HLHHLHH-LH/provenance-001-001.json,ee6a78f884798442b70624bf215292b2aadfdf8d
HLHHLHH-LH,2,730998687581927345,te_extinction,448,299,state-002-001-0000400.gz,400,TE-Interaction-Experiments/HLHHLHH-LH/provenance-002-001.json,ee6a78f884798442b70624bf215292b2aadfdf8d
HLHHLHH-LH,3,1681289957258301331,te_extinction,491,309,state-003-001-0000450.gz,450,TE-Interaction-Experiments/HLHHLHH-LH/provenance-003-001.json,ee6a78f884798442b70624bf215292b2aadfdf8d
HLHHLHH-LL,1,11034354959500416725,te_extinction,171,315,state-001-001-0000150.gz,150,TE-Interaction-Experiments/HLHHLHH-LL/provenance-001-001.json,ee6a78f884798442b70624bf215292b2aadfdf8d
HLHHLHH-LL,2,8701611066572888837,te_extinction,130,281,state-002-001-0000100.gz,100,TE-Interaction-Experiments/HLHHLHH-LL/provenance-002-001.json,ee6a78f884798442b70624bf215292b2aadfdf8d
HLHHLHH-LL,3,925653465575062089,te_extinction,232,312,state-003-001-0000200.gz,200,TE-Interaction-Experiments/HLHHLHH-LL/provenance-003-001.json,ee6a78f884798442b70624bf215292b2aadfdf8d
HLHHLHH-Z,1,13739631403583290164,te_extinction,5,24,state-001-001-0000000.gz,0,TE-Interaction-Experiments/HLHHLHH-Z/provenance-001-001.json,023a8f88fe52b0b77d91cc3ef72caf45cabbbecf
HLHHLHH-Z,2,14818681571273024370,host_extinction,5,0,state-002-001-0000000.gz,0,TE-Interaction-Experiments/HLHHLHH-Z/provenance-002-001.json,023a8f88fe52b0b77d91cc3ef72caf45cabbbecf
HLHHLHH-Z,3,17190368211231943955,te_extinction,5,42,state-003-001-0000000.gz,0,TE-Interaction-Experiments/HLHHLHH-Z/provenance-003-001.json,023a8f88fe52b0b77d91cc3ef72caf45cabbbecf
HLHHLHL-HH,1,4219561815551167375,te_extinction,418,26,state-001-001-0000400.gz,400,TE-Interaction-Experiments/HLHHLHL-HH/provenance-001-001.json,ee6a78f884798442b70624bf215292b2aadfdf8d
HLHHLHL-HH,2,13546475892174475539,te_extinction,134,33,state-002-001-0000100.gz,100,TE-Interaction-Experiments/HLHHLHL-HH/provenance-002-001.json,ee6a78f884798442b70624bf215292b2aadfdf8d
HLHHLHL-HH,3,17969031066417675908,host_extinction,5,0,state-003-001-0000000.gz,0,TE-Interaction-Experiments/HLHHLHL-HH/provenance-003-001.json,ee6a78f884798442b70624bf215292b2aadfdf8d
HLHHLHL-HL,1,10340848208062904313,host_extinction,5,0,state-001-001-0000000.gz,0,TE-Interaction-Experiments/HLHHLHL-HL/provenance-001-001.json,ee6a78f884798442b70624bf215292b2aadfdf8d
HLHHLHL-HL,2,3500387255391507496,host_extinction,4,0,state-002-001-0000000.gz,0,TE-Interaction-Experiments/HLHHLHL-HL/provenance-002-001.json,ee6a78f884798442b70624bf215292b2aadfdf8d
HLHHLHL-HL,3,12222548644291497864,te_extinction,59,28,state-003-001-0000050.gz,50,TE-Interaction-Experiments/HLHHLHL-HL/provenance-003-001.json,ee6a78f884798442b70624bf215292b2aadfdf8d
HLHHLHL-LH,1,6073251218972478252,host_extinction,4,0,state-001-001-0000000.gz,0,TE-Interaction-Experiments/HLHHLHL-LH/provenance-001-001.json,ee6a78f884798442b70624bf215292b2aadfdf8d
HLHHLHL-LH,2,7334599670897149314,host_extinction,6,0,state-002-001-0000000.gz,0,TE-Interaction-Experiments/HLHHLHL-LH/provenance-002-001.json,ee6a78f884798442b70624bf215292b2aadfdf8d
HLHHLHL-LH,3,849974573195135063,host_extinction,5,0,state-003-001-0000000.gz,0,TE-Interaction-Experiments/HLHHLHL-LH/provenance-003-001.json,ee6a78f884798442b70624bf215292b2aadfdf8d
HLHHLHL-LL,1,340719840980123703,te_extinction,194,33,state-001-001-0000150.gz,150,TE-Interaction-Experiments/HLHHLHL-LL/provenance-001-001.json,ee6a78f884798442b70624bf215292b2aadfdf8d
HLHHLHL-LL,2,1335780799602411215,host_extinction,4,0,state-002-001-0000000.gz,0,TE-Interaction-Experiments/HLHHLHL-LL/provenance-002-001.json,ee6a78f884798442b70624bf215292b2aadfdf8d
HLHHLHL-LL,3,4585539955892859214,te_extinction,169,34,state-003-001-0000150.gz,150,TE-Interaction-Experiments/HLHHLHL-LL/provenance-003-001.json,ee6a78f884798442b70624bf215292b2aadfdf8d
HLHHLHL-Z,1,9427768503820078685,host_extinction,5,0,state-001-001-0000000.gz,0,TE-Interaction-Experiments/HLHHLHL-Z/provenance-001-001.json,023a8f88fe52b0b77d91cc3ef72caf45cabbbecf
HLHHLHL-Z,2,13293411013377023874,host_extinction,4,0,state-002-001-0000000.gz,0,TE-Interaction-Experiments/HLHHLHL-Z/provenance-002-001.json,023a8f88fe52b0b77d91cc3ef72caf45cabbbecf
HLHHLHL-Z,3,12623513676431258508,host_extinction,5,0,state-003-001-0000000.gz,0,TE-Interaction-Experiments/HLHHLHL-Z/provenance-003-001.json,023a8f88fe52b0b77d91cc3ef72caf45cabbbecf
HLHHLLH-HH,1,2338467837822280200,te_extinction,278,300,state-001-001-0000250.gz,250,TE-Interaction-Experiments/HLHHLLH-HH/provenance-001-001.json,ee6a78f884798442b70624bf215292b2aadfdf8d
HLHHLLH-HH,2,11225750003011478554,te_extinction,388,294,state-002-001-0000350.gz,350,TE-Interaction-Experiments/HLHHLLH-HH/provenance-002-001.json,ee6a78f884798442b70624bf215292b2aadfdf8d
HLHHLLH-HH,3,1856713285896947692,te_extinction,824,320,state-003-001-0000800.gz,800,TE-Interaction-Experiments/HLHHLLH-HH/provenance-003-001.json,ee6a78f884798442b70624bf215292b2aadfdf8d
HLHHLLH-HL,1,17609771938563479593,host_extinction,7,0,state-001-001-0000000.gz,0,TE-Interaction-Experiments/HLHHLLH-HL/provenance-001-001.json,ee6a78f884798442b70624bf215292b2aadfdf8d
HLHHLLH-HL,2,14797423385744854447,te_extinction,468,273,state-002-001-0000450.gz,450,TE-Interaction-Experiments/HLHHLLH-HL/provenance-002-001.json,ee6a78f884798442b70624bf215292b2aadfdf8d
HLHHLLH-HL,3,3897821093148951216,te_extinction,501,299,state-003-001-0000500.gz,500,TE-Interaction-Experiments/HLHHLLH-HL/provenance-003-001.json,ee6a78f884798442b70624bf215292b2aadfdf8d
HLHHLLH-LH,1,8113463398931681629,te_extinction,615,310,state-001-001-0000600.gz,600,TE-Interaction-Experiments/HLHHLLH-LH/provenance-001-001.json,ee6a78f884798442b70624bf215292b2aadfdf8d
HLHHLLH-LH,2,15863105632246814749,te_extinction,328,286,state-002-001-0000300.gz,300,TE-Interaction-Experiments/HLHHLLH-LH/provenance-002-001.json,ee6a78f884798442b70624bf215292b2aadfdf8d
HLHHLLH-LH,3,5582769914819847402,te_extinction,516,288,state-003-001-0000500.gz,500,TE-Interaction-Experiments/HLHHLLH-LH/provenance-003-001.json,ee6a78f884798442b70624bf215292b2aadfdf8d
HLHHLLH-LL,1,13232078907783014806,te_extinction,320,299,state-001-001-0000300.gz,300,TE-Interaction-Experiments/HLHHLLH-LL/provenance-001-001.json,ee6a78f884798442b70624bf215292b2aadfdf8d
HLHHLLH-LL,2,10820816695606378152,te_extinction,330,309,state-002-001-0000300.gz,300,TE-Interaction-Experiments/HLHHLLH-LL/provenance-002-001.json,ee6a78f884798442b70624bf215292b2aadfdf8d
HLHHLLH-LL,3,17215642717347852606,host_extinction,5,0,state-003-001-0000000.gz,0,TE-Interaction-Experiments/HLHHLLH-LL/provenance-003-001.json,ee6a78f884798442b70624bf215292b2aadfdf8d
HLHHLLH-Z,1,1082163947939865240,te_extinction,5,9,state-001-001-0000000.gz,0,TE-Interaction-Experiments/HLHHLLH-Z/provenance-001-001.json,023a8f88fe52b0b77d91cc3ef72caf45cabbbecf
HLHHLLH-Z,2,14325505400414463135,te_extinction,5,8,state-002-001-0000000.gz,0,TE-Interaction-Experiments/HLHHLLH-Z/provenance-002-001.json,023a8f88fe52b0b77d91cc3ef72caf45cabbbecf
HLHHLLH-Z,3,17674923300576800941,te_extinction,5,9,state-003-001-0000000.gz,0,TE-Interaction-Experiments/HLHHLLH-Z/provenance-003-001.json,023a8f88fe52b0b77d91cc3ef72caf45cabbbecf
HLHHLLL-HH,1,11293968666223487050,te_extinction,579,31,state-001-001-0000550.gz,550,TE-Interaction-Experiments/HLHHLLL-HH/provenance-001-001.json,ee6a78f884798442b70624bf215292b2aadfdf8d
HLHHLLL-HH,2,16139094311855577569,host_extinction,6,0,state-002-001-0000000.gz,0,TE-Interaction-Experiments/HLHHLLL-HH/provenance-002-001.json,ee6a78f884798442b70624bf215292b2aadfdf8d
HLHHLLL-HH,3,17663340266669980782,te_extinction,307,31,state-003-001-0000300.gz,300,TE-Interaction-Experiments/HLHHLLL-HH/provenance-003-001.json,ee6a78f884798442b70624bf215292b2aadfdf8d
HLHHLLL-HL,1,12488968039471927976,host_extinction,5,0,state-001-001-0000000.gz,0,TE-Interaction-Experiments/HLHHLLL-HL/provenance-001-001.json,ee6a78f884798442b70624bf215292b2aadfdf8d
HLHHLLL-HL,2,18124306161251463795,host_extinction,4,0,state-002-001-0000000.gz,0,TE-Interaction-Experiments/HLHHLLL-HL/provenance-002-001.json,ee6a78f884798442b70624bf215292b2aadfdf8d
HLHHLLL-HL,3,11826137737870223083,host_extinction,5,0,state-003-001-0000000.gz,0,TE-Interaction-Experiments/HLHHLLL-HL/provenance-003-001.json,ee6a78f884798442b70624bf215292b2aadfdf8d
HLHHLLL-LH,1,7700336224592249236,host_extinction,4,0,state-001-001-0000000.gz,0,TE-Interaction-Experiments/HLHHLLL-LH/provenance-001-001.json,ee6a78f884798442b70624bf215292b2aadfdf8d
HLHHLLL-LH,2,13097148006336499322,host_extinction,4,0,state-002-001-0000000.gz,0,TE-Interaction-Experiments/HLHHLLL-LH/provenance-002-001.json,ee6a78f884798442b70624bf215292b2aadfdf8d
HLHHLLL-LH,3,17412835710730148856,host_extinction,5,0,state-003-001-0000000.gz,0,TE-Interaction-Experiments/HLHHLLL-LH/provenance-003-001.json,ee6a78f884798442b70624bf215292b2aadfdf8d
HLHHLLL-LL,1,13695556520832838938,te_extinction,121,21,state-001-001-0000100.gz,100,TE-Interaction-Experiments/HLHHLLL-LL/provenance-001-001.json,ee6a78f884798442b70624bf215292b2aadfdf8d
HLHHLLL-LL,2,8816907446602032837,host_extinction,5,0,state-002-001-0000000.gz,0,TE-Interaction-Experiments/HLHHLLL-LL/provenance-002-001.json,ee6a78f884798442b70624bf215292b2aadfdf8d
HLHHLLL-LL,3,12072632037735509891,host_extinction,4,0,state-003-001-0000000.gz,0,TE-Interaction-Experiments/HLHHLLL-LL/provenance-003-001.json,ee6a78f884798442b70624bf215292b2aadfdf8d
HLHHLLL-Z,1,5773048787540275994,host_extinction,4,0,state-001-001-0000000.gz,0,TE-Interaction-Experiments/HLHHLLL-Z/provenance-001-001.json,023a8f88fe52b0b77d91cc3ef72caf45cabbbecf
HLHHLLL-Z,2,716734433603124008,host_extinction,5,0,state-002-001-0000000.gz,0,TE-Interaction-Experiments/HLHHLLL-Z/provenance-002-001.json,023a8f88fe52b0b77d91cc3ef72caf45cabbbecf
HLHHLLL-Z,3,10288364847355685632,te_extinction,5,5,state-003-001-0000000.gz,0,TE-Interaction-Experiments/HLHHLLL-Z/provenance-003-001.json,023a8f88fe52b0b77d91cc3ef72caf45cabbbecf
HLHLHHH-HH,1,1411920860961383791,maximum_generations,1500,315,state-001-002-0001500.gz,1500,TE-Interaction-Experiments/HLHLHHH-HH/provenance-001-002.json,6d7e1d3095ad5913aa6640d26f7b0a69d284dacb
HLHLHHH-HH,2,12619730943704193743,maximum_generations,1500,324,state-002-002-0001500.gz,1500,TE-Interaction-Experiments/HLHLHHH-HH/provenance-002-002.json,6d7e1d3095ad5913aa6640d26f7b0a69d284dacb
HLHLHHH-HH,3,9474305979165810443,checkpointed,1486,280,state-003-002-0001486.gz,1486,TE-Interaction-Experiments/HLHLHHH-HH/provenance-003-002.json,6d7e1d3095ad5913aa6640d26f7b0a69d284dacb
HLHLHHH-HL,1,5035363645066369532,maximum_generations,1500,293,state-001-002-0001500.gz,1500,TE-Interaction-Experiments/HLHLHHH-HL/provenance-001-002.json,6d7e1d3095ad5913aa6640d26f7b0a69d284dacb
HLHLHHH-HL,2,16601132329058437398,maximum_generations,1500,290,state-002-002-0001500.gz,1500,TE-Interaction-Experiments/HLHLHHH-HL/provenance-002-002.json,6d7e1d3095ad5913aa6640d26f7b0a69d284dacb
HLHLHHH-HL,3,13774060396737916475,maximum_generations,1500,302,state-003-002-0001500.gz,1500,TE-Interaction-Experiments/HLHLHHH-HL/provenance-003-002.json,6d7e1d3095ad5913aa6640d26f7b0a69d284dacb
HLHLHHH-LH,1,6206788202151594402,te_extinction,292,292,state-001-001-0000250.gz,250,TE-Interaction-Experiments/HLHLHHH-LH/provenance-001-001.json,ee6a78f884798442b70624bf215292b2aadfdf8d
HLHLHHH-LH,2,12170919529781126908,host_extinction,30,0,state-002-001-0000000.gz,0,TE-Interaction-Experiments/HLHLHHH-LH/provenance-002-001.json,ee6a78f884798442b70624bf215292b2aadfdf8d
HLHLHHH-LH,3,1478703772263955813,checkpointed,865,304,state-003-002-0000865.gz,865,TE-Interaction-Experiments/HLHLHHH-LH/provenance-003-002.json,6d7e1d3095ad5913aa6640d26f7b0a69d284dacb
HLHLHHH-LL,1,1879266847233166613,te_extinction,288,315,state-001-001-0000250.gz,250,TE-Interaction-Experiments/HLHLHHH-LL/provenance-001-001.json,ee6a78f884798442b70624bf215292b2aadfdf8d
HLHLHHH-LL,2,7787958516212385448,te_extinction,261,315,state-002-001-0000250.gz,250,TE-Interaction-Experiments/HLHLHHH-LL/provenance-002-001.json,ee6a78f884798442b70624bf215292b2aadfdf8d
HLHLHHH-LL,3,1596309065973985520,te_extinction,234,314,state-003-001-0000200.gz,200,TE-Interaction-Experiments/HLHLHHH-LL/provenance-003-001.json,ee6a78f884798442b70624bf215292b2aadfdf8d
HLHLHHH-Z,1,16031262731505261362,host_extinction,11,0,state-001-001-0000000.gz,0,TE-Interaction-Experiments/HLHLHHH-Z/provenance-001-001.json,023a8f88fe52b0b77d91cc3ef72caf45cabbbecf
HLHLHHH-Z,2,16154565786388863320,host_extinction,13,0,state-002-001-0000000.gz,0,TE-Interaction-Experiments/HLHLHHH-Z/provenance-002-001.json,023a8f88fe52b0b77d91cc3ef72caf45cabbbecf
HLHLHHH-Z,3,9900483776925472247,te_extinction,11,298,state-003-001-0000000.gz,0,TE-Interaction-Experiments/HLHLHHH-Z/provenance-003-001.json,023a8f88fe52b0b77d91cc3ef72caf45cabbbecf
HLHLHHL-HH,1,2528903465304074542,maximum_generations,1500,30,state-001-002-0001500.gz,1500,TE-Interaction-Experiments/HLHLHHL-HH/provenance-001-002.json,6d7e1d3095ad5913aa6640d26f7b0a69d284dacb
HLHLHHL-HH,2,14323014183821440472,maximum_generations,1500,37,state-002-001-0001500.gz,1500,TE-Interaction-Experiments/HLHLHHL-HH/provenance-002-001.json,ee6a78f884798442b70624bf215292b2aadfdf8d
HLHLHHL-HH,3,8668245574421017707,maximum_generations,1500,30,state-003-001-0001500.gz,1500,TE-Interaction-Experiments/HLHLHHL-HH/provenance-003-001.json,ee6a78f884798442b70624bf215292b2aadfdf8d
HLHLHHL-HL,1,10839721130080535295,maximum_generations,1500,28,state-001-002-0001500.gz,1500,TE-Interaction-Experiments/HLHLHHL-HL/provenance-001-002.json,6d7e1d3095ad5913aa6640d26f7b0a69d284dacb
HLHLHHL-HL,2,16072067799640574831,maximum_generations,1500,31,state-002-001-0001500.gz,1500,TE-Interaction-Experiments/HLHLHHL-HL/provenance-002-001.json,ee6a78f884798442b70624bf215292b2aadfdf8d
HLHLHHL-HL,3,8376031668860160031,maximum_generations,1500,36,state-003-001-0001500.gz,1500,TE-Interaction-Experiments/HLHLHHL-HL/provenance-003-001.json,ee6a78f884798442b70624bf215292b2aadfdf8d
HLHLHHL-LH,1,4216456360564089800,host_extinction,12,0,state-001-001-0000000.gz,0,TE-Interaction-Experiments/HLHLHHL-LH/provenance-001-001.json,ee6a78f884798442b70624bf215292b2aadfdf8d
HLHLHHL-LH,2,15015196778585693135,maximum_generations,1500,29,state-002-002-0001500.gz,1500,TE-Interaction-Experiments/HLHLHHL-LH/provenance-002-002.json,6d7e1d3095ad5913aa6640d26f7b0a69d284dacb
HLHLHHL-LH,3,358155075075521321,host_extinction,19,0,state-003-001-0000000.gz,0,TE-Interaction-Experiments/HLHLHHL-LH/provenance-003-001.json,ee6a78f884798442b70624bf215292b2aadfdf8d
HLHLHHL-LL,1,8934041699246091286,host_extinction,12,0,state-001-001-0000000.gz,0,TE-Interaction-Experiments/HLHLHHL-LL/provenance-001-001.json,ee6a78f884798442b70624bf215292b2aadfdf8d
HLHLHHL-LL,2,10801771796916563056,maximum_generations,1500,27,state-002-002-0001500.gz,1500,TE-Interaction-Experiments/HLHLHHL-LL/provenance-002-002.json,6d7e1d3095ad5913aa6640d26f7b0a69d284dacb
HLHLHHL-LL,3,10018878636171876963,te_extinction,860,30,state-003-001-0000850.gz,850,TE-Interaction-Experiments/HLHLHHL-LL/provenance-003-001.json,ee6a78f884798442b70624bf215292b2aadfdf8d
HLHLHHL-Z,1,15312349130086024343,host_extinction,10,0,state-001-001-0000000.gz,0,TE-Interaction-Experiments/HLHLHHL-Z/provenance-001-001.json,023a8f88fe52b0b77d91cc3ef72caf45cabbbecf
HLHLHHL-Z,2,11328746869530590589,te_extinction,10,32,state-002-001-0000000.gz,0,TE-Interaction-Experiments/HLHLHHL-Z/provenance-002-001.json,023a8f88fe52b0b77d91cc3ef72caf45cabbbecf
HLHLHHL-Z,3,7740219768438599355,host_extinction,9,0,state-003-001-0000000.gz,0,TE-Interaction-Experiments/HLHLHHL-Z/provenance-003-001.json,023a8f88fe52b0b77d91cc3ef72caf45cabbbecf
HLHLHLH-HH,1,1389509193534740479,te_extinction,702,309,state-001-001-0000700.gz,700,TE-Interaction-Experiments/HLHLHLH-HH/provenance-001-001.json,ee6a78f884798442b70624bf215292b2aadfdf8d
HLHLHLH-HH,2,18080338835114720951,maximum_generations,1500,304,state-002-002-0001500.gz,1500,TE-Interaction-Experiments/HLHLHLH-HH/provenance-002-002.json,6d7e1d3095ad5913aa6640d26f7b0a69d284dacb
HLHLHLH-HH,3,14272897308930798907,maximum_generations,1500,285,state-003-002-0001500.gz,1500,TE-Interaction-Experiments/HLHLHLH-HH/provenance-003-002.json,6d7e1d3095ad5913aa6640d26f7b0a69d284dacb
HLHLHLH-HL,1,15841109305292371498,te_extinction,422,302,state-001-001-0000400.gz,400,TE-Interaction-Experiments/HLHLHLH-HL/provenance-001-001.json,ee6a78f884798442b70624bf215292b2aadfdf8d
HLHLHLH-HL,2,13373347795303212103,maximum_generations,1500,317,state-002-002-0001500.gz,1500,TE-Interaction-Experiments/HLHLHLH-HL/provenance-002-002.json,6d7e1d3095ad5913aa6640d26f7b0a69d284dacb
HLHLHLH-HL,3,14873140022900756843,te_extinction,429,311,state-003-001-0000400.gz,400,TE-Interaction-Experiments/HLHLHLH-HL/provenance-003-001.json,ee6a78f884798442b70624bf215292b2aadfdf8d
HLHLHLH-LH,1,13664626190165521617,checkpointed,999,282,state-001-002-0000999.gz,999,TE-Interaction-Experiments/HLHLHLH-LH/provenance-001-002.json,6d7e1d3095ad5913aa6640d26f7b0a69d284dacb
HLHLHLH-LH,2,570955180713692362,te_extinction,541,284,state-002-001-0000500.gz,500,TE-Interaction-Experiments/HLHLHLH-LH/provenance-002-001.json,ee6a78f884798442b70624bf215292b2aadfdf8d
HLHLHLH-LH,3,18236592561928225794,te_extinction,496,292,state-003-001-0000450.gz,450,TE-Interaction-Experiments/HLHLHLH-LH/provenance-003-001.json,ee6a78f884798442b70624bf215292b2aadfdf8d
HLHLHLH-LL,1,8531521882231954188,checkpointed,882,315,state-001-002-0000882.gz,882,TE-Interaction-Experiments/HLHLHLH-LL/provenance-001-002.json,6d7e1d3095ad5913aa6640d26f7b0a69d284dacb
HLHLHLH-LL,2,3534087459496143836,host_extinction,19,0,state-002-001-0000000.gz,0,TE-Interaction-Experiments/HLHLHLH-LL/provenance-002-001.json,ee6a78f884798442b70624bf215292b2aadfdf8d
HLHLHLH-LL,3,10093270467274745834,checkpointed,977,308,state-003-002-0000977.gz,977,TE-Interaction-Experiments/HLHLHLH-LL/provenance-003-002.json,6d7e1d3095ad5913aa6640d26f7b0a69d284dacb
HLHLHLH-Z,1,10559148130121423874,te_extinction,13,283,state-001-001-0000000.gz,0,TE-Interaction-Experiments/HLHLHLH-Z/provenance-001-001.json,023a8f88fe52b0b77d91cc3ef72caf45cabbbecf
HLHLHLH-Z,2,16275754648724270466,te_extinction,10,54,state-002-001-0000000.gz,0,TE-Interaction-Experiments/HLHLHLH-Z/provenance-002-001.json,023a8f88fe52b0b77d91cc3ef72caf45cabbbecf
HLHLHLH-Z,3,1895627403082136750,host_extinction,10,0,state-003-001-0000000.gz,0,TE-Interaction-Experiments/HLHLHLH-Z/provenance-003-001.json,023a8f88fe52b0b77d91cc3ef72caf45cabbbecf
HLHLHLL-HH,1,11699099147434398591,maximum_generations,1500,31,state-001-001-0001500.gz,1500,TE-Interaction-Experiments/HLHLHLL-HH/provenance-001-001.json,ee6a78f884798442b70624bf215292b2aadfdf8d
HLHLHLL-HH,2,16638345539291393038,maximum_generations,1500,24,state-002-001-0001500.gz,1500,TE-Interaction-Experiments/HLHLHLL-HH/provenance-002-001.json,ee6a78f884798442b70624bf215292b2aadfdf8d
HLHLHLL-HH,3,10752933893733626322,maximum_generations,1500,29,state-003-001-0001500.gz,1500,TE-Interaction-Experiments/HLHLHLL-HH/provenance-003-001.json,ee6a78f884798442b70624bf215292b2aadfdf8d
HLHLHLL-HL,1,13577919411074066393,maximum_generations,1500,30,state-001-001-0001500.gz,1500,TE-Interaction-Experiments/HLHLHLL-HL/provenance-001-001.json,ee6a78f884798442b70624bf215292b2aadfdf8d
HLHLHLL-HL,2,7148105799511873054,maximum_generations,1500,29,state-002-001-0001500.gz,1500,TE-Interaction-Experiments/HLHLHLL-HL/provenance-002-001.json,ee6a78f884798442b70624bf215292b2aadfdf8d
HLHLHLL-HL,3,9969175227632001937,maximum_generations,1500,33,state-003-001-0001500.gz,1500,TE-Interaction-Experiments/HLHLHLL-HL/provenance-003-001.json,ee6a78f884798442b70624bf215292b2aadfdf8d
HLHLHLL-LH,1,13597806415141888391,host_extinction,13,0,state-001-001-0000000.gz,0,TE-Interaction-Experiments/HLHLHLL-LH/provenance-001-001.json,ee6a78f884798442b70624bf215292b2aadfdf8d
HLHLHLL-LH,2,13269291212872688527,host_extinction,14,0,state-002-001-0000000.gz,0,TE-Interaction-Experiments/HLHLHLL-LH/provenance-002-001.json,ee6a78f884798442b70624bf215292b2aadfdf8d
HLHLHLL-LH,3,13424901169063962190,maximum_generations,1500,31,state-003-002-0001500.gz,1500,TE-Interaction-Experiments/HLHLHLL-LH/provenance-003-002.json,6d7e1d3095ad5913aa6640d26f7b0a69d284dacb
HLHLHLL-LL,1,12097972868977540319,host_extinction,15,0,state-001-001-0000000.gz,0,TE-Interaction-Experiments/HLHLHLL-LL/provenance-001-001.json,ee6a78f884798442b70624bf215292b2aadfdf8d
HLHLHLL-LL,2,18296375026854997457,host_extinction,12,0,state-002-001-0000000.gz,0,TE-Interaction-Experiments/HLHLHLL-LL/provenance-002-001.json,ee6a78f884798442b70624bf215292b2aadfdf8d
HLHLHLL-LL,3,17704670607610202790,te_extinction,527,28,state-003-001-0000500.gz,500,TE-Interaction-Experiments/HLHLHLL-LL/provenance-003-001.json,ee6a78f884798442b70624bf215292b2aadfdf8d
HLHLHLL-Z,1,5555473203878158009,te_extinction,9,29,state-001-001-0000000.gz,0,TE-Interaction-Experiments/HLHLHLL-Z/provenance-001-001.json,023a8f88fe52b0b77d91cc3ef72caf45cabbbecf
HLHLHLL-Z,2,7591517690229370790,host_extinction,9,0,state-002-001-0000000.gz,0,TE-Interaction-Experiments/HLHLHLL-Z/provenance-002-001.json,023a8f88fe52b0b77d91cc3ef72caf45cabbbecf
HLHLHLL-Z,3,14575426364123461451,host_extinction,10,0,state-003-001-0000000.gz,0,TE-Interaction-Experiments/HLHLHLL-Z/provenance-003-001.json,023a8f88fe52b0b77d91cc3ef72caf45cabbbecf
HLHLLHH-HH,1,3910209388303082998,te_extinction,622,298,state-001-001-0000600.gz,600,TE-Interaction-Experiments/HLHLLHH-HH/provenance-001-001.json,ee6a78f884798442b70624bf215292b2aadfdf8d
HLHLLHH-HH,2,5679048716481871517,te_extinction,384,279,state-002-001-0000350.gz,350,TE-Interaction-Experiments/HLHLLHH-HH/provenance-002-001.json,ee6a78f884798442b70624bf215292b2aadfdf8d
HLHLLHH-HH,3,1606993474124679106,te_extinction,918,309,state-003-001-0000900.gz,900,TE-Interaction-Experiments/HLHLLHH-HH/provenance-003-001.json,ee6a78f884798442b70624bf215292b2aadfdf8d
HLHLLHH-HL,1,11987828296109549065,te_extinction,365,316,state-001-001-0000350.gz,350,TE-Interaction-Experiments/HLHLLHH-HL/provenance-001-001.json,ee6a78f884798442b70624bf215292b2aadfdf8d
HLHLLHH-HL,2,14226851311755678527,te_extinction,196,292,state-002-001-0000150.gz,150,TE-Interaction-Experiments/HLHLLHH-HL/provenance-002-001.json,ee6a78f884798442b70624bf215292b2aadfdf8d
HLHLLHH-HL,3,10610769533993364943,te_extinction,515,309,state-003-001-0000500.gz,500,TE-Interaction-Experiments/HLHLLHH-HL/provenance-003-001.json,ee6a78f884798442b70624bf215292b2aadfdf8d
HLHLLHH-LH,1,184291843232454993,te_extinction,262,314,state-001-001-0000250.gz,250,TE-Interaction-Experiments/HLHLLHH-LH/provenance-001-001.json,ee6a78f884798442b70624bf215292b2aadfdf8d
HLHLLHH-LH,2,4534945531783277736,te_extinction,239,311,state-002-001-0000200.gz,200,TE-Interaction-Experiments/HLHLLHH-LH/provenance-002-001.json,ee6a78f884798442b70624bf215292b2aadfdf8d
HLHLLHH-LH,3,7167250190515293474,te_extinction,540,274,state-003-001-0000500.gz,500,TE-Interaction-Experiments/HLHLLHH-LH/provenance-003-001.json,ee6a78f884798442b70624bf215292b2aadfdf8d
HLHLLHH-LL,1,3196489901838950815,host_extinction,10,0,state-001-001-0000000.gz,0,TE-Interaction-Experiments/HLHLLHH-LL/provenance-001-001.json,ee6a78f884798442b70624bf215292b2aadfdf8d
HLHLLHH-LL,2,15788355687938000675,te_extinction,278,301,state-002-001-0000250.gz,250,TE-Interaction-Experiments/HLHLLHH-LL/provenance-002-001.json,ee6a78f884798442b70624bf215292b2aadfdf8d
HLHLLHH-LL,3,14048899559897093685,host_extinction,9,0,state-003-001-0000000.gz,0,TE-Interaction-Experiments/HLHLLHH-LL/provenance-003-001.json,ee6a78f884798442b70624bf215292b2aadfdf8d
HLHLLHH-Z,1,8465500401169329320,te_extinction,7,37,state-001-001-0000000.gz,0,TE-Interaction-Experiments/HLHLLHH-Z/provenance-001-001.json,023a8f88fe52b0b77d91cc3ef72caf45cabbbecf
HLHLLHH-Z,2,3241807169214363435,te_extinction,8,211,state-002-001-0000000.gz,0,TE-Interaction-Experiments/HLHLLHH-Z/provenance-002-001.json,023a8f88fe52b0b77d91cc3ef72caf45cabbbecf
HLHLLHH-Z,3,1046838734410883028,te_extinction,8,140,state-003-001-0000000.gz,0,TE-Interaction-Experiments/HLHLLHH-Z/provenance-003-001.json,023a8f88fe52b0b77d91cc3ef72caf45cabbbecf
HLHLLHL-HH,1,7751223074960960152,maximum_generations,1500,28,state-001-001-0001500.gz,1500,TE-Interaction-Experiments/HLHLLHL-HH/provenance-001-001.json,ee6a78f884798442b70624bf215292b2aadfdf8d
HLHLLHL-HH,2,7948871957709773924,te_extinction,406,29,state-002-001-0000400.gz,400,TE-Interaction-Experiments/HLHLLHL-HH/provenance-002-001.json,ee6a78f884798442b70624bf215292b2aadfdf8d
HLHLLHL-HH,3,1788501386032188681,host_extinction,10,0,state-003-001-0000000.gz,0,TE-Interaction-Experiments/HLHLLHL-HH/provenance-003-001.json,ee6a78f884798442b70624bf215292b2aadfdf8d
HLHLLHL-HL,1,10070377625723654216,host_extinction,8,0,state-001-001-0000000.gz,0,TE-Interaction-Experiments/HLHLLHL-HL/provenance-001-001.json,ee6a78f884798442b70624bf215292b2aadfdf8d
HLHLLHL-HL,2,3507431069633660653,host_extinction,8,0,state-002-001-0000000.gz,0,TE-Interaction-Experiments/HLHLLHL-HL/provenance-002-001.json,ee6a78f884798442b70624bf215292b2aadfdf8d
HLHLLHL-HL,3,11915728632868132386,host_extinction,10,0,state-003-001-0000000.gz,0,TE-Interaction-Experiments/HLHLLHL-HL/provenance-003-001.json,ee6a78f884798442b70624bf215292b2aadfdf8d
HLHLLHL-LH,1,15201919442222804925,host_extinction,8,0,state-001-001-0000000.gz,0,TE-Interaction-Experiments/HLHLLHL-LH/provenance-001-001.json,ee6a78f884798442b70624bf215292b2aadfdf8d
HLHLLHL-LH,2,12038333362318713828,host_extinction,7,0,state-002-001-0000000.gz,0,TE-Interaction-Experiments/HLHLLHL-LH/provenance-002-001.json,ee6a78f884798442b70624bf215292b2aadfdf8d
HLHLLHL-LH,3,15319492262809226422,host_extinction,8,0,state-003-001-0000000.gz,0,TE-Interaction-Experiments/HLHLLHL-LH/provenance-003-001.json,ee6a78f884798442b70624bf215292b2aadfdf8d
HLHLLHL-LL,1,17008964131567310624,te_extinction,296,24,state-001-001-0000250.gz,250,TE-Interaction-Experiments/HLHLLHL-LL/provenance-001-001.json,ee6a78f884798442b70624bf215292b2aadfdf8d
HLHLLHL-LL,2,15779709778530961837,te_extinction,205,34,state-002-001-0000200.gz,200,TE-Interaction-Experiments/HLHLLHL-LL/provenance-002-001.json,ee6a78f884798442b70624bf215292b2aadfdf8d
HLHLLHL-LL,3,8539739782069145994,host_extinction,7,0,state-003-001-0000000.gz,0,TE-Interaction-Experiments/HLHLLHL-LL/provenance-003-001.json,ee6a78f884798442b70624bf215292b2aadfdf8d
HLHLLHL-Z,1,2282610934302677481,host_extinction,7,0,state-001-001-0000000.gz,0,TE-Interaction-Experiments/HLHLLHL-Z/provenance-001-001.json,023a8f88fe52b0b77d91cc3ef72caf45cabbbecf
HLHLLHL-Z,2,8038320315970645080,host_extinction,7,0,state-002-001-0000000.gz,0,TE-Interaction-Experiments/HLHLLHL-Z/provenance-002-001.json,023a8f88fe52b0b77d91cc3ef72caf45cabbbecf
HLHLLHL-Z,3,16126818976012979347,host_extinction,7,0,state-003-001-0000000.gz,0,TE-Interaction-Experiments/HLHLLHL-Z/provenance-003-001.json,023a8f88fe52b0b77d91cc3ef72caf45cabbbecf
HLHLLLH-HH,1,18025557006823161932,host_extinction,23,0,state-001-001-0000000.gz,0,TE-Interaction-Experiments/HLHLLLH-HH/provenance-001-001.json,ee6a78f884798442b70624bf215292b2aadfdf8d
HLHLLLH-HH,2,14044222769247468792,te_extinction,630,314,state-002-001-0000600.gz,600,TE-Interaction-Experiments/HLHLLLH-HH/provenance-002-001.json,ee6a78f884798442b70624bf215292b2aadfdf8d
HLHLLLH-HH,3,7355505390207704756,host_extinction,14,0,state-003-001-0000000.gz,0,TE-Interaction-Experiments/HLHLLLH-HH/provenance-003-001.json,ee6a78f884798442b70624bf215292b2aadfdf8d
HLHLLLH-HL,1,5189131488666898098,maximum_generations,1500,319,state-001-001-0001500.gz,1500,TE-Interaction-Experiments/HLHLLLH-HL/provenance-001-001.json,ee6a78f884798442b70624bf215292b2aadfdf8d
HLHLLLH-HL,2,6378083736363101147,host_extinction,10,0,state-002-001-0000000.gz,0,TE-Interaction-Experiments/HLHLLLH-HL/provenance-002-001.json,ee6a78f884798442b70624bf215292b2aadfdf8d
HLHLLLH-HL,3,12877054900498081209,te_extinction,600,304,state-003-001-0000550.gz,550,TE-Interaction-Experiments/HLHLLLH-HL/provenance-003-001.json,ee6a78f884798442b70624bf215292b2aadfdf8d
HLHLLLH-LH,1,12539481472383986093,te_extinction,399,290,state-001-001-0000350.gz,350,TE-Interaction-Experiments/HLHLLLH-LH/provenance-001-001.json,ee6a78f884798442b70624bf215292b2aadfdf8d
HLHLLLH-LH,2,13275377712232646471,host_extinction,9,0,state-002-001-0000000.gz,0,TE-Interaction-Experiments/HLHLLLH-LH/provenance-002-001.json,ee6a78f884798442b70624bf215292b2aadfdf8d
HLHLLLH-LH,3,15029652353614925824,te_extinction,734,308,state-003-001-0000700.gz,700,TE-Interaction-Experiments/HLHLLLH-LH/provenance-003-001.json,ee6a78f884798442b70624bf215292b2aadfdf8d
HLHLLLH-LL,1,12676288920019525737,te_extinction,249,299,state-001-001-0000200.gz,200,TE-Interaction-Experiments/HLHLLLH-LL/provenance-001-001.json,ee6a78f884798442b70624bf215292b2aadfdf8d
HLHLLLH-LL,2,17911251091440464072,te_extinction,224,310,state-002-001-0000200.gz,200,TE-Interaction-Experiments/HLHLLLH-LL/provenance-002-001.json,ee6a78f884798442b70624bf215292b2aadfdf8d
HLHLLLH-LL,3,1242710871108663664,te_extinction,805,304,state-003-001-0000800.gz,800,TE-Interaction-Experiments/HLHLLLH-LL/provenance-003-001.json,ee6a78f884798442b70624bf215292b2aadfdf8d
HLHLLLH-Z,1,459035098348178433,host_extinction,8,0,state-001-001-0000000.gz,0,TE-Interaction-Experiments/HLHLLLH-Z/provenance-001-001.json,023a8f88fe52b0b77d91cc3ef72caf45cabbbecf
HLHLLLH-Z,2,419533309766641259,te_extinction,9,297,state-002-001-0000000.gz,0,TE-Interaction-Experiments/HLHLLLH-Z/provenance-002-001.json,023a8f88fe52b0b77d91cc3ef72caf45cabbbecf
HLHLLLH-Z,3,11332679065108010078,host_extinction,8,0,state-003-001-0000000.gz,0,TE-Interaction-Experiments/HLHLLLH-Z/provenance-003-001.json,023a8f88fe52b0b77d91cc3ef72caf45cabbbecf
HLHLLLL-HH,1,4956373702723991765,host_extinction,10,0,state-001-001-0000000.gz,0,TE-Interaction-Experiments/HLHLLLL-HH/provenance-001-001.json,ee6a78f884798442b70624bf215292b2aadfdf8d
HLHLLLL-HH,2,12939257659089848872,host_extinction,16,0,state-002-001-0000000.gz,0,TE-Interaction-Experiments/HLHLLLL-HH/provenance-002-001.json,ee6a78f884798442b70624bf215292b2aadfdf8d
HLHLLLL-HH,3,15885778228613208999,host_extinction,10,0,state-003-001-0000000.gz,0,TE-Interaction-Experiments/HLHLLLL-HH/provenance-003-001.json,ee6a78f884798442b70624bf215292b2aadfdf8d
HLHLLLL-HL,1,10238677718356653354,host_extinction,9,0,state-001-001-0000000.gz,0,TE-Interaction-Experiments/HLHLLLL-HL/provenance-001-001.json,ee6a78f884798442b70624bf215292b2aadfdf8d
HLHLLLL-HL,2,16813398803130578907,host_extinction,9,0,state-002-001-0000000.gz,0,TE-Interaction-Experiments/HLHLLLL-HL/provenance-002-001.json,ee6a78f884798442b70624bf215292b2aadfdf8d
HLHLLLL-HL,3,17115098210852428208,host_extinction,8,0,state-003-001-0000000.gz,0,TE-Interaction-Experiments/HLHLLLL-HL/provenance-003-001.json,ee6a78f884798442b70624bf215292b2aadfdf8d
HLHLLLL-LH,1,8147015998129646494,host_extinction,8,0,state-001-001-0000000.gz,0,TE-Interaction-Experiments/HLHLLLL-LH/provenance-001-001.json,ee6a78f884798442b70624bf215292b2aadfdf8d
HLHLLLL-LH,2,572998865510023254,host_extinction,8,0,state-002-001-0000000.gz,0,TE-Interaction-Experiments/HLHLLLL-LH/provenance-002-001.json,ee6a78f884798442b70624bf215292b2aadfdf8d
HLHLLLL-LH,3,3883955965048806613,host_extinction,7,0,state-003-001-0000000.gz,0,TE-Interaction-Experiments/HLHLLLL-LH/provenance-003-001.json,ee6a78f884798442b70624bf215292b2aadfdf8d
HLHLLLL-LL,1,13662055217183934916,host_extinction,7,0,state-001-001-0000000.gz,0,TE-Interaction-Experiments/HLHLLLL-LL/provenance-001-001.json,ee6a78f884798442b70624bf215292b2aadfdf8d
HLHLLLL-LL,2,1243736943790264494,host_extinction,7,0,state-002-001-0000000.gz,0,TE-Interaction-Experiments/HLHLLLL-LL/provenance-002-001.json,ee6a78f884798442b70624bf215292b2aadfdf8d
HLHLLLL-LL,3,15313972285922407330,te_extinction,375,22,state-003-001-0000350.gz,350,TE-Interaction-Experiments/HLHLLLL-LL/provenance-003-001.json,ee6a78f884798442b70624bf215292b2aadfdf8d
HLHLLLL-Z,1,16892646171569232396,te_extinction,6,12,state-001-001-0000000.gz,0,TE-Interaction-Experiments/HLHLLLL-Z/provenance-001-001.json,023a8f88fe52b0b77d91cc3ef72caf45cabbbecf
HLHLLLL-Z,2,15029425239560086178,host_extinction,8,0,state-002-001-0000000.gz,0,TE-Interaction-Experiments/HLHLLLL-Z/provenance-002-001.json,023a8f88fe52b0b77d91cc3ef72caf45cabbbecf
HLHLLLL-Z,3,16613634310686284182,host_extinction,8,0,state-003-001-0000000.gz,0,TE-Interaction-Experiments/HLHLLLL-Z/provenance-003-001.json,023a8f88fe52b0b77d91cc3ef72caf45cabbbecf
HLLHHHH-HH,1,12326050974989719724,te_extinction,628,303,state-001-001-0000600.gz,600,TE-Interaction-Experiments/HLLHHHH-HH/provenance-001-001.json,ee6a78f884798442b70624bf215292b2aadfdf8d
HLLHHHH-HH,2,3646598759480131865,te_extinction,189,306,state-002-001-0000150.gz,150,TE-Interaction-Experiments/HLLHHHH-HH/provenance-002-001.json,ee6a78f884798442b70624bf215292b2aadfdf8d
HLLHHHH-HH,3,16812303776075621440,te_extinction,602,303,state-003-001-0000600.gz,600,TE-Interaction-Experiments/HLLHHHH-HH/provenance-003-001.json,ee6a78f884798442b70624bf215292b2aadfdf8d
HLLHHHH-HL,1,16888499581945425110,te_extinction,179,308,state-001-001-0000150.gz,150,TE-Interaction-Experiments/HLLHHHH-HL/provenance-001-001.json,ee6a78f884798442b70624bf215292b2aadfdf8d
HLLHHHH-HL,2,17967040368629462444,te_extinction,914,315,state-002-001-0000900.gz,900,TE-Interaction-Experiments/HLLHHHH-HL/provenance-002-001.json,ee6a78f884798442b70624bf215292b2aadfdf8d
HLLHHHH-HL,3,5987344397328338393,te_extinction,266,311,state-003-001-0000250.gz,250,TE-Interaction-Experiments/HLLHHHH-HL/provenance-003-001.json,ee6a78f884798442b70624bf215292b2aadfdf8d
HLLHHHH-LH,1,2963995646868789257,te_extinction,278,308,state-001-001-0000250.gz,250,TE-Interaction-Experiments/HLLHHHH-LH/provenance-001-001.json,ee6a78f884798442b70624bf215292b2aadfdf8d
HLLHHHH-LH,2,9562942833245748352,te_extinction,507,286,state-002-001-0000500.gz,500,TE-Interaction-Experiments/HLLHHHH-LH/provenance-002-001.json,ee6a78f884798442b70624bf215292b2aadfdf8d
HLLHHHH-LH,3,16941563381008070632,te_extinction,456,296,state-003-001-0000450.gz,450,TE-Interaction-Experiments/HLLHHHH-LH/provenance-003-001.json,ee6a78f884798442b70624bf215292b2aadfdf8d
HLLHHHH-LL,1,10930764033085564986,te_extinction,247,290,state-001-001-0000200.gz,200,TE-Interaction-Experiments/HLLHHHH-LL/provenance-001-001.json,ee6a78f884798442b70624bf215292b2aadfdf8d
HLLHHHH-LL,2,8161744705322931943,te_extinction,226,312,state-002-001-0000200.gz,200,TE-Interaction-Experiments/HLLHHHH-LL/provenance-002-001.json,ee6a78f884798442b70624bf215292b2aadfdf8d
HLLHHHH-LL,3,9978558928667571178,host_extinction,7,0,state-003-001-0000000.gz,0,TE-Interaction-Experiments/HLLHHHH-LL/provenance-003-001.json,ee6a78f884798442b70624bf215292b2aadfdf8d
HLLHHHH-Z,1,12047670805065696944,te_extinction,6,17,state-001-001-0000000.gz,0,TE-Interaction-Experiments/HLLHHHH-Z/provenance-001-001.json,023a8f88fe52b0b77d91cc3ef72caf45cabbbecf
HLLHHHH-Z,2,5192116325740346119,host_extinction,6,0,state-002-001-0000000.gz,0,TE-Interaction-Experiments/HLLHHHH-Z/provenance-002-001.json,023a8f88fe52b0b77d91cc3ef72caf45cabbbecf
HLLHHHH-Z,3,14301942256921542832,te_extinction,6,24,state-003-001-0000000.gz,0,TE-Interaction-Experiments/HLLHHHH-Z/provenance-003-001.json,023a8f88fe52b0b77d91cc3ef72caf45cabbbecf
HLLHHHL-HH,1,10177798598905575882,host_extinction,7,0,state-001-001-0000000.gz,0,TE-Interaction-Experiments/HLLHHHL-HH/provenance-001-001.json,ee6a78f884798442b70624bf215292b2aadfdf8d
HLLHHHL-HH,2,9141469999786022278,te_extinction,196,31,state-002-001-0000150.gz,150,TE-Interaction-Experiments/HLLHHHL-HH/provenance-002-001.json,ee6a78f884798442b70624bf215292b2aadfdf8d
HLLHHHL-HH,3,3035480774277166716,host_extinction,6,0,state-003-001-0000000.gz,0,TE-Interaction-Experiments/HLLHHHL-HH/provenance-003-001.json,ee6a78f884798442b70624bf215292b2aadfdf8d
HLLHHHL-HL,1,1886369856970716389,host_extinction,6,0,state-001-001-0000000.gz,0,TE-Interaction-Experiments/HLLHHHL-HL/provenance-001-001.json,ee6a78f884798442b70624bf215292b2aadfdf8d
HLLHHHL-HL,2,5777581044359622367,host_extinction,5,0,state-002-001-0000000.gz,0,TE-Interaction-Experiments/HLLHHHL-HL/provenance-002-001.json,ee6a78f884798442b70624bf215292b2aadfdf8d
HLLHHHL-HL,3,12921700807067862606,host_extinction,6,0,state-003-001-0000000.gz,0,TE-Interaction-Experiments/HLLHHHL-HL/provenance-003-001.json,ee6a78f884798442b70624bf215292b2aadfdf8d
HLLHHHL-LH,1,9109062824174449454,host_extinction,6,0,state-001-001-0000000.gz,0,TE-Interaction-Experiments/HLLHHHL-LH/provenance-001-001.json,ee6a78f884798442b70624bf215292b2aadfdf8d
HLLHHHL-LH,2,16363625983431918152,host_extinction,6,0,state-002-001-0000000.gz,0,TE-Interaction-Experiments/HLLHHHL-LH/provenance-002-001.json,ee6a78f884798442b70624bf215292b2aadfdf8d
HLLHHHL-LH,3,15272924909859567839,host_extinction,5,0,state-003-001-0000000.gz,0,TE-Interaction-Experiments/HLLHHHL-LH/provenance-003-001.json,ee6a78f884798442b70624bf215292b2aadfdf8d
HLLHHHL-LL,1,1248645900445549281,host_extinction,6,0,state-001-001-0000000.gz,0,TE-Interaction-Experiments/HLLHHHL-LL/provenance-001-001.json,ee6a78f884798442b70624bf215292b2aadfdf8d
HLLHHHL-LL,2,15617213038419157623,host_extinction,5,0,state-002-001-0000000.gz,0,TE-Interaction-Experiments/HLLHHHL-LL/provenance-002-001.json,ee6a78f884798442b70624bf215292b2aadfdf8d
HLLHHHL-LL,3,9997794493945072533,host_extinction,5,0,state-003-001-0000000.gz,0,TE-Interaction-Experiments/HLLHHHL-LL/provenance-003-001.json,ee6a78f884798442b70624bf215292b2aadfdf8d
HLLHHHL-Z,1,16416226581816596169,te_extinction,5,13,state-001-001-0000000.gz,0,TE-Interaction-Experiments/HLLHHHL-Z/provenance-001-001.json,023a8f88fe52b0b77d91cc3ef72caf45cabbbecf
HLLHHHL-Z,2,12501581005073345363,host_extinction,5,0,state-002-001-0000000.gz,0,TE-Interaction-Experiments/HLLHHHL-Z/provenance-002-001.json,023a8f88fe52b0b77d91cc3ef72caf45cabbbecf
HLLHHHL-Z,3,2794057513172729961,te_extinction,6,11,state-003-001-0000000.gz,0,TE-Interaction-Experiments/HLLHHHL-Z/provenance-003-001.json,023a8f88fe52b0b77d91cc3ef72caf45cabbbecf
HLLHHLH-HH,1,6300252109379035056,host_extinction,9,0,state-001-001-0000000.gz,0,TE-Interaction-Experiments/HLLHHLH-HH/provenance-001-001.json,ee6a78f884798442b70624bf215292b2aadfdf8d
HLLHHLH-HH,2,3060282387149210810,te_extinction,561,280,state-002-001-0000550.gz,550,TE-Interaction-Experiments/HLLHHLH-HH/provenance-002-001.json,ee6a78f884798442b70624bf215292b2aadfdf8d
HLLHHLH-HH,3,11114717101301311301,te_extinction,696,296,state-003-001-0000650.gz,650,TE-Interaction-Experiments/HLLHHLH-HH/provenance-003-001.json,ee6a78f884798442b70624bf215292b2aadfdf8d
HLLHHLH-HL,1,1870311851348633215,te_extinction,286,306,state-001-001-0000250.gz,250,TE-Interaction-Experiments/HLLHHLH-HL/provenance-001-001.json,ee6a78f884798442b70624bf215292b2aadfdf8d
HLLHHLH-HL,2,6645616270549014458,te_extinction,431,317,state-002-001-0000400.gz,400,TE-Interaction-Experiments/HLLHHLH-HL/provenance-002-001.json,ee6a78f884798442b70624bf215292b2aadfdf8d
HLLHHLH-HL,3,16859566201142331171,te_extinction,823,296,state-003-001-0000800.gz,800,TE-Interaction-Experiments/HLLHHLH-HL/provenance-003-001.json,ee6a78f884798442b70624bf215292b2aadfdf8d
HLLHHLH-LH,1,776633624812552666,te_extinction,505,269,state-001-001-0000500.gz,500,TE-Interaction-Experiments/HLLHHLH-LH/provenance-001-001.json,ee6a78f884798442b70624bf215292b2aadfdf8d
HLLHHLH-LH,2,6711382643224627984,te_extinction,541,316,state-002-001-0000500.gz,500,TE-Interaction-Experiments/HLLHHLH-LH/provenance-002-001.json,ee6a78f884798442b70624bf215292b2aadfdf8d
HLLHHLH-LH,3,4870295379836842944,te_extinction,954,295,state-003-001-0000950.gz,950,TE-Interaction-Experiments/HLLHHLH-LH/provenance-003-001.json,ee6a78f884798442b70624bf215292b2aadfdf8d
HLLHHLH-LL,1,2291001292912860286,host_extinction,7,0,state-001-001-0000000.gz,0,TE-Interaction-Experiments/HLLHHLH-LL/provenance-001-001.json,ee6a78f884798442b70624bf215292b2aadfdf8d
HLLHHLH-LL,2,9993204690590107429,te_extinction,459,285,state-002-001-0000450.gz,450,TE-Interaction-Experiments/HLLHHLH-LL/provenance-002-001.json,ee6a78f884798442b70624bf215292b2aadfdf8d
HLLHHLH-LL,3,17723651153529159431,host_extinction,6,0,state-003-001-0000000.gz,0,TE-Interaction-Experiments/HLLHHLH-LL/provenance-003-001.json,ee6a78f884798442b70624bf215292b2aadfdf8d
HLLHHLH-Z,1,17640269134495665124,te_extinction,6,41,state-001-001-0000000.gz,0,TE-Interaction-Experiments/HLLHHLH-Z/provenance-001-001.json,023a8f88fe52b0b77d91cc3ef72caf45cabbbecf
HLLHHLH-Z,2,4874019168511713082,host_extinction,6,0,state-002-001-0000000.gz,0,TE-Interaction-Experiments/HLLHHLH-Z/provenance-002-001.json,023a8f88fe52b0b77d91cc3ef72caf45cabbbecf
HLLHHLH-Z,3,13058306202610394185,te_extinction,6,18,state-003-001-0000000.gz,0,TE-Interaction-Experiments/HLLHHLH-Z/provenance-003-001.json,023a8f88fe52b0b77d91cc3ef72caf45cabbbecf
HLLHHLL-HH,1,9099046632274335516,host_extinction,8,0,state-001-001-0000000.gz,0,TE-Interaction-Experiments/HLLHHLL-HH/provenance-001-001.json,ee6a78f884798442b70624bf215292b2aadfdf8d
HLLHHLL-HH,2,4955324361861414755,te_extinction,1116,26,state-002-001-0001100.gz,1100,TE-Interaction-Experiments/HLLHHLL-HH/provenance-002-001.json,ee6a78f884798442b70624bf215292b2aadfdf8d
HLLHHLL-HH,3,8256353938465650492,host_extinction,7,0,state-003-001-0000000.gz,0,TE-Interaction-Experiments/HLLHHLL-HH/provenance-003-001.json,ee6a78f884798442b70624bf215292b2aadfdf8d
HLLHHLL-HL,1,2094173275622445210,te_extinction,175,26,state-001-001-0000150.gz,150,TE-Interaction-Experiments/HLLHHLL-HL/provenance-001-001.json,ee6a78f884798442b70624bf215292b2aadfdf8d
HLLHHLL-HL,2,2528372198703190421,host_extinction,7,0,state-002-001-0000000.gz,0,TE-Interaction-Experiments/HLLHHLL-HL/provenance-002-001.json,ee6a78f884798442b70624bf215292b2aadfdf8d
HLLHHLL-HL,3,14723530423938975672,host_extinction,6,0,state-003-001-0000000.gz,0,TE-Interaction-Experiments/HLLHHLL-HL/provenance-003-001.json,ee6a78f884798442b70624bf215292b2aadfdf8d
HLLHHLL-LH,1,12239760791783546605,host_extinction,6,0,state-001-001-0000000.gz,0,TE-Interaction-Experiments/HLLHHLL-LH/provenance-001-001.json,ee6a78f884798442b70624bf215292b2aadfdf8d
HLLHHLL-LH,2,2273868309711867345,host_extinction,5,0,state-002-001-0000000.gz,0,TE-Interaction-Experiments/HLLHHLL-LH/provenance-002-001.json,ee6a78f884798442b70624bf215292b2aadfdf8d
HLLHHLL-LH,3,4299924336617745617,host_extinction,6,0,state-003-001-0000000.gz,0,TE-Interaction-Experiments/HLLHHLL-LH/provenance-003-001.json,ee6a78f884798442b70624bf215292b2aadfdf8d
HLLHHLL-LL,1,1673181797529543039,host_extinction,6,0,state-001-001-0000000.gz,0,TE-Interaction-Experiments/HLLHHLL-LL/provenance-001-001.json,ee6a78f884798442b70624bf215292b2aadfdf8d
HLLHHLL-LL,2,5204380114356777044,host_extinction,6,0,state-002-001-0000000.gz,0,TE-Interaction-Experiments/HLLHHLL-LL/provenance-002-001.json,ee6a78f884798442b70624bf215292b2aadfdf8d
HLLHHLL-LL,3,14422733682059426176,te_extinction,366,32,state-003-001-0000350.gz,350,TE-Interaction-Experiments/HLLHHLL-LL/provenance-003-001.json,ee6a78f884798442b70624bf215292b2aadfdf8d
HLLHHLL-Z,1,9043440580941790909,host_extinction,6,0,state-001-001-0000000.gz,0,TE-Interaction-Experiments/HLLHHLL-Z/provenance-001-001.json,023a8f88fe52b0b77d91cc3ef72caf45cabbbecf
HLLHHLL-Z,2,7554042238210627791,host_extinction,5,0,state-002-001-0000000.gz,0,TE-Interaction-Experiments/HLLHHLL-Z/provenance-002-001.json,023a8f88fe52b0b77d91cc3ef72caf45cabbbecf
HLLHHLL-Z,3,12781757743483565397,te_extinction,5,7,state-003-001-0000000.gz,0,TE-Interaction-Experiments/HLLHHLL-Z/provenance-003-001.json,023a8f88fe52b0b77d91cc3ef72caf45cabbbecf
HLLHLHH-HH,1,12312090616568318247,te_extinction,436,294,state-001-001-0000400.gz,400,TE-Interaction-Experiments/HLLHLHH-HH/provenance-001-001.json,ee6a78f884798442b70624bf215292b2aadfdf8d
HLLHLHH-HH,2,6532402977314346389,te_extinction,947,310,state-002-001-0000900.gz,900,TE-Interaction-Experiments/HLLHLHH-HH/provenance-002-001.json,ee6a78f884798442b70624bf215292b2aadfdf8d
HLLHLHH-HH,3,836731068064341923,te_extinction,451,299,state-003-001-0000450.gz,450,TE-Interaction-Experiments/HLLHLHH-HH/provenance-003-001.json,ee6a78f884798442b70624bf215292b2aadfdf8d
HLLHLHH-HL,1,14101648644865100780,te_extinction,420,304,state-001-001-0000400.gz,400,TE-Interaction-Experiments/HLLHLHH-HL/provenance-001-001.json,ee6a78f884798442b70624bf215292b2aadfdf8d
HLLHLHH-HL,2,13819957267070741074,te_extinction,762,311,state-002-001-0000750.gz,750,TE-Interaction-Experiments/HLLHLHH-HL/provenance-002-001.json,ee6a78f884798442b70624bf215292b2aadfdf8d
HLLHLHH-HL,3,15411114459935290468,te_extinction,143,301,state-003-001-0000100.gz,100,TE-Interaction-Experiments/HLLHLHH-HL/provenance-003-001.json,ee6a78f884798442b70624bf215292b2aadfdf8d
HLLHLHH-LH,1,1663172870370025999,te_extinction,532,305,state-001-001-0000500.gz,500,TE-Interaction-Experiments/HLLHLHH-LH/provenance-001-001.json,ee6a78f884798442b70624bf215292b2aadfdf8d
HLLHLHH-LH,2,17813608008049436802,te_extinction,592,299,state-002-001-0000550.gz,550,TE-Interaction-Experiments/HLLHLHH-LH/provenance-002-001.json,ee6a78f884798442b70624bf215292b2aadfdf8d
HLLHLHH-LH,3,1705538673679869921,te_extinction,760,286,state-003-001-0000750.gz,750,TE-Interaction-Experiments/HLLHLHH-LH/provenance-003-001.json,ee6a78f884798442b70624bf215292b2aadfdf8d
HLLHLHH-LL,1,8730181903053448735,host_extinction,5,0,state-001-001-0000000.gz,0,TE-Interaction-Experiments/HLLHLHH-LL/provenance-001-001.json,ee6a78f884798442b70624bf215292b2aadfdf8d
HLLHLHH-LL,2,3372049360196181994,te_extinction,409,283,state-002-001-0000400.gz,400,TE-Interaction-Experiments/HLLHLHH-LL/provenance-002-001.json,ee6a78f884798442b70624bf215292b2aadfdf8d
HLLHLHH-LL,3,11968400736470175685,te_extinction,219,300,state-003-001-0000200.gz,200,TE-Interaction-Experiments/HLLHLHH-LL/provenance-003-001.json,ee6a78f884798442b70624bf215292b2aadfdf8d
HLLHLHH-Z,1,12006096497884616,host_extinction,5,0,state-001-001-0000000.gz,0,TE-Interaction-Experiments/HLLHLHH-Z/provenance-001-001.json,023a8f88fe52b0b77d91cc3ef72caf45cabbbecf
HLLHLHH-Z,2,9569962657682785209,te_extinction,5,82,state-002-001-0000000.gz,0,TE-Interaction-Experiments/HLLHLHH-Z/provenance-002-001.json,023a8f88fe52b0b77d91cc3ef72caf45cabbbecf
HLLHLHH-Z,3,16730296529483028222,te_extinction,5,36,state-003-001-0000000.gz,0,TE-Interaction-Experiments/HLLHLHH-Z/provenance-003-001.json,023a8f88fe52b0b77d91cc3ef72caf45cabbbecf
HLLHLHL-HH,1,9415363654529905564,host_extinction,5,0,state-001-001-0000000.gz,0,TE-Interaction-Experiments/HLLHLHL-HH/provenance-001-001.json,ee6a78f884798442b70624bf215292b2aadfdf8d
HLLHLHL-HH,2,12847579865492708759,host_extinction,5,0,state-002-001-0000000.gz,0,TE-Interaction-Experiments/HLLHLHL-HH/provenance-002-001.json,ee6a78f884798442b70624bf215292b2aadfdf8d
HLLHLHL-HH,3,3151678905240097732,host_extinction,4,0,state-003-001-0000000.gz,0,TE-Interaction-Experiments/HLLHLHL-HH/provenance-003-001.json,ee6a78f884798442b70624bf215292b2aadfdf8d
HLLHLHL-HL,1,13373244956518329272,host_extinction,4,0,state-001-001-0000000.gz,0,TE-Interaction-Experiments/HLLHLHL-HL/provenance-001-001.json,ee6a78f884798442b70624bf215292b2aadfdf8d
HLLHLHL-HL,2,4443376270344161163,te_extinction,477,32,state-002-001-0000450.gz,450,TE-Interaction-Experiments/HLLHLHL-HL/provenance-002-001.json,ee6a78f884798442b70624bf215292b2aadfdf8d
HLLHLHL-HL,3,3151771504904191960,te_extinction,89,18,state-003-001-0000050.gz,50,TE-Interaction-Experiments/HLLHLHL-HL/provenance-003-001.json,ee6a78f884798442b70624bf215292b2aadfdf8d
HLLHLHL-LH,1,3400910888601303713,host_extinction,4,0,state-001-001-0000000.gz,0,TE-Interaction-Experiments/HLLHLHL-LH/provenance-001-001.json,ee6a78f884798442b70624bf215292b2aadfdf8d
HLLHLHL-LH,2,17970476959006241690,host_extinction,4,0,state-002-001-0000000.gz,0,TE-Interaction-Experiments/HLLHLHL-LH/provenance-002-001.json,ee6a78f884798442b70624bf215292b2aadfdf8d
HLLHLHL-LH,3,17071924737304572373,host_extinction,5,0,state-003-001-0000000.gz,0,TE-Interaction-Experiments/HLLHLHL-LH/provenance-003-001.json,ee6a78f884798442b70624bf215292b2aadfdf8d
HLLHLHL-LL,1,3214922439782500694,host_extinction,5,0,state-001-001-0000000.gz,0,TE-Interaction-Experiments/HLLHLHL-LL/provenance-001-001.json,ee6a78f884798442b70624bf215292b2aadfdf8d
HLLHLHL-LL,2,4056216863028644885,te_extinction,39,25,state-002-001-0000000.gz,0,TE-Interaction-Experiments/HLLHLHL-LL/provenance-002-001.json,ee6a78f884798442b70624bf215292b2aadfdf8d
HLLHLHL-LL,3,5823244741384029564,host_extinction,4,0,state-003-001-0000000.gz,0,TE-Interaction-Experiments/HLLHLHL-LL/provenance-003-001.json,ee6a78f884798442b70624bf215292b2aadfdf8d
HLLHLHL-Z,1,17808039283153895431,host_extinction,3,0,state-001-001-0000000.gz,0,TE-Interaction-Experiments/HLLHLHL-Z/provenance-001-001.json,023a8f88fe52b0b77d91cc3ef72caf45cabbbecf
HLLHLHL-Z,2,13676161899952534869,te_extinction,4,7,state-002-001-0000000.gz,0,TE-Interaction-Experiments/HLLHLHL-Z/provenance-002-001.json,023a8f88fe52b0b77d91cc3ef72caf45cabbbecf
HLLHLHL-Z,3,4813339696824535080,host_extinction,4,0,state-003-001-0000000.gz,0,TE-Interaction-Experiments/HLLHLHL-Z/provenance-003-001.json,023a8f88fe52b0b77d91cc3ef72caf45cabbbecf
HLLHLLH-HH,1,16362502149830430248,te_extinction,998,287,state-001-001-0000950.gz,950,TE-Interaction-Experiments/HLLHLLH-HH/provenance-001-001.json,ee6a78f884798442b70624bf215292b2aadfdf8d
HLLHLLH-HH,2,12227014955067955433,te_extinction,426,276,state-002-001-0000400.gz,400,TE-Interaction-Experiments/HLLHLLH-HH/provenance-002-001.json,ee6a78f884798442b70624bf215292b2aadfdf8d
HLLHLLH-HH,3,15816752453788133776,te_extinction,384,327,state-003-001-0000350.gz,350,TE-Interaction-Experiments/HLLHLLH-HH/provenance-003-001.json,ee6a78f884798442b70624bf215292b2aadfdf8d
HLLHLLH-HL,1,3421590296609346888,te_extinction,434,302,state-001-001-0000400.gz,400,TE-Interaction-Experiments/HLLHLLH-HL/provenance-001-001.json,ee6a78f884798442b70624bf215292b2aadfdf8d
HLLHLLH-HL,2,16655581510042491409,te_extinction,398,294,state-002-001-0000350.gz,350,TE-Interaction-Experiments/HLLHLLH-HL/provenance-002-001.json,ee6a78f884798442b70624bf215292b2aadfdf8d
HLLHLLH-HL,3,11441703188138085212,te_extinction,310,281,state-003-001-0000300.gz,300,TE-Interaction-Experiments/HLLHLLH-HL/provenance-003-001.json,ee6a78f884798442b70624bf215292b2aadfdf8d
HLLHLLH-LH,1,4697935228825823359,te_extinction,966,300,state-001-001-0000950.gz,950,TE-Interaction-Experiments/HLLHLLH-LH/provenance-001-001.json,ee6a78f884798442b70624bf215292b2aadfdf8d
HLLHLLH-LH,2,15813140980362826337,te_extinction,359,295,state-002-001-0000350.gz,350,TE-Interaction-Experiments/HLLHLLH-LH/provenance-002-001.json,ee6a78f884798442b70624bf215292b2aadfdf8d
HLLHLLH-LH,3,13082975529545798586,te_extinction,329,280,state-003-001-0000300.gz,300,TE-Interaction-Experiments/HLLHLLH-LH/provenance-003-001.json,ee6a78f884798442b70624bf215292b2aadfdf8d
HLLHLLH-LL,1,1176873803079406262,te_extinction,540,310,state-001-001-0000500.gz,500,TE-Interaction-Experiments/HLLHLLH-LL/provenance-001-001.json,ee6a78f884798442b70624bf215292b2aadfdf8d
HLLHLLH-LL,2,2772063588828328230,te_extinction,311,286,state-002-001-0000300.gz,300,TE-Interaction-Experiments/HLLHLLH-LL/provenance-002-001.json,ee6a78f884798442b70624bf215292b2aadfdf8d
HLLHLLH-LL,3,336391771914803959,te_extinction,354,277,state-003-001-0000350.gz,350,TE-Interaction-Experiments/HLLHLLH-LL/provenance-003-001.json,ee6a78f884798442b70624bf215292b2aadfdf8d
HLLHLLH-Z,1,14167980297976508992,te_extinction,5,13,state-001-001-0000000.gz,0,TE-Interaction-Experiments/HLLHLLH-Z/provenance-001-001.json,023a8f88fe52b0b77d91cc3ef72caf45cabbbecf
HLLHLLH-Z,2,11533768387300473363,te_extinction,5,3,state-002-001-0000000.gz,0,TE-Interaction-Experiments/HLLHLLH-Z/provenance-002-001.json,023a8f88fe52b0b77d91cc3ef72caf45cabbbecf
HLLHLLH-Z,3,1317931277506747407,te_extinction,5,18,state-003-001-0000000.gz,0,TE-Interaction-Experiments/HLLHLLH-Z/provenance-003-001.json,023a8f88fe52b0b77d91cc3ef72caf45cabbbecf
HLLHLLL-HH,1,1225656278656035579,host_extinction,5,0,state-001-001-0000000.gz,0,TE-Interaction-Experiments/HLLHLLL-HH/provenance-001-001.json,ee6a78f884798442b70624bf215292b2aadfdf8d
HLLHLLL-HH,2,9939442006859296741,host_extinction,6,0,state-002-001-0000000.gz,0,TE-Interaction-Experiments/HLLHLLL-HH/provenance-002-001.json,ee6a78f884798442b70624bf215292b2aadfdf8d
HLLHLLL-HH,3,11424363645392717353,host_extinction,5,0,state-003-001-0000000.gz,0,TE-Interaction-Experiments/HLLHLLL-HH/provenance-003-001.json,ee6a78f884798442b70624bf215292b2aadfdf8d
HLLHLLL-HL,1,5523122817099063678,host_extinction,4,0,state-001-001-0000000.gz,0,TE-Interaction-Experiments/HLLHLLL-HL/provenance-001-001.json,ee6a78f884798442b70624bf215292b2aadfdf8d
HLLHLLL-HL,2,15323252957441040922,host_extinction,4,0,state-002-001-0000000.gz,0,TE-Interaction-Experiments/HLLHLLL-HL/provenance-002-001.json,ee6a78f884798442b70624bf215292b2aadfdf8d
HLLHLLL-HL,3,14122838066529727191,host_extinction,5,0,state-003-001-0000000.gz,0,TE-Interaction-Experiments/HLLHLLL-HL/provenance-003-001.json,ee6a78f884798442b70624bf215292b2aadfdf8d
HLLHLLL-LH,1,11620445830802486984,te_extinction,145,30,state-001-001-0000100.gz,100,TE-Interaction-Experiments/HLLHLLL-LH/provenance-001-001.json,ee6a78f884798442b70624bf215292b2aadfdf8d
HLLHLLL-LH,2,11832915248337214883,host_extinction,4,0,state-002-001-0000000.gz,0,TE-Interaction-Experiments/HLLHLLL-LH/provenance-002-001.json,ee6a78f884798442b70624bf215292b2aadfdf8d
HLLHLLL-LH,3,2402869128401021295,host_extinction,4,0,state-003-001-0000000.gz,0,TE-Interaction-Experiments/HLLHLLL-LH/provenance-003-001.json,ee6a78f884798442b70624bf215292b2aadfdf8d
HLLHLLL-LL,1,17323401268112511362,host_extinction,5,0,state-001-001-0000000.gz,0,TE-Interaction-Experiments/HLLHLLL-LL/provenance-001-001.json,ee6a78f884798442b70624bf215292b2aadfdf8d
HLLHLLL-LL,2,11220981685291184031,te_extinction,237,26,state-002-001-0000200.gz,200,TE-Interaction-Experiments/HLLHLLL-LL/provenance-002-001.json,ee6a78f884798442b70624bf215292b2aadfdf8d
HLLHLLL-LL,3,2728385855334095675,host_extinction,5,0,state-003-001-0000000.gz,0,TE-Interaction-Experiments/HLLHLLL-LL/provenance-003-001.json,ee6a78f884798442b70624bf215292b2aadfdf8d
HLLHLLL-Z,1,5847079334154611469,te_extinction,5,6,state-001-001-0000000.gz,0,TE-Interaction-Experiments/HLLHLLL-Z/provenance-001-001.json,f9d0537629a4cacb6ed147d796121c399c460656
HLLHLLL-Z,2,13495177713947550940,host_extinction,5,0,state-002-001-0000000.gz,0,TE-Interaction-Experiments/HLLHLLL-Z/provenance-002-001.json,023a8f88fe52b0b77d91cc3ef72caf45cabbbecf
HLLHLLL-Z,3,4840264955739906384,host_extinction,5,0,state-003-001-0000000.gz,0,TE-Interaction-Experiments/HLLHLLL-Z/provenance-003-001.json,023a8f88fe52b0b77d91cc3ef72caf45cabbbecf
HLLLHHH-HH,1,15583330473786390211,maximum_generations,1500,300,state-001-002-0001500.gz,1500,TE-Interaction-Experiments/HLLLHHH-HH/provenance-001-002.json,6d7e1d3095ad5913aa6640d26f7b0a69d284dacb
HLLLHHH-HH,2,1572687432545814454,te_extinction,442,310,state-002-001-0000400.gz,400,TE-Interaction-Experiments/HLLLHHH-HH/provenance-002-001.json,ee6a78f884798442b70624bf215292b2aadfdf8d
HLLLHHH-HH,3,650219652319859289,maximum_generations,1500,307,state-003-002-0001500.gz,1500,TE-Interaction-Experiments/HLLLHHH-HH/provenance-003-002.json,6d7e1d3095ad5913aa6640d26f7b0a69d284dacb
HLLLHHH-HL,1,3462583388085439678,te_extinction,254,308,state-001-001-0000250.gz,250,TE-Interaction-Experiments/HLLLHHH-HL/provenance-001-001.json,ee6a78f884798442b70624bf215292b2aadfdf8d
HLLLHHH-HL,2,10732918282527566983,host_extinction,25,0,state-002-001-0000000.gz,0,TE-Interaction-Experiments/HLLLHHH-HL/provenance-002-001.json,ee6a78f884798442b70624bf215292b2aadfdf8d
HLLLHHH-HL,3,5142670492545746483,te_extinction,216,324,state-003-001-0000200.gz,200,TE-Interaction-Experiments/HLLLHHH-HL/provenance-003-001.json,ee6a78f884798442b70624bf215292b2aadfdf8d
HLLLHHH-LH,1,9248438853949949455,host_extinction,11,0,state-001-001-0000000.gz,0,TE-Interaction-Experiments/HLLLHHH-LH/provenance-001-001.json,ee6a78f884798442b70624bf215292b2aadfdf8d
HLLLHHH-LH,2,8787854530346358475,host_extinction,9,0,state-002-001-0000000.gz,0,TE-Interaction-Experiments/HLLLHHH-LH/provenance-002-001.json,ee6a78f884798442b70624bf215292b2aadfdf8d
HLLLHHH-LH,3,13656277548622762588,te_extinction,1115,295,state-003-001-0001100.gz,1100,TE-Interaction-Experiments/HLLLHHH-LH/provenance-003-001.json,ee6a78f884798442b70624bf215292b2aadfdf8d
HLLLHHH-LL,1,12530541635335229918,te_extinction,190,285,state-001-001-0000150.gz,150,TE-Interaction-Experiments/HLLLHHH-LL/provenance-001-001.json,ee6a78f884798442b70624bf215292b2aadfdf8d
HLLLHHH-LL,2,3150115487555351024,host_extinction,10,0,state-002-001-0000000.gz,0,TE-Interaction-Experiments/HLLLHHH-LL/provenance-002-001.json,ee6a78f884798442b70624bf215292b2aadfdf8d
HLLLHHH-LL,3,11613743317805625456,host_extinction,11,0,state-003-001-0000000.gz,0,TE-Interaction-Experiments/HLLLHHH-LL/provenance-003-001.json,ee6a78f884798442b70624bf215292b2aadfdf8d
HLLLHHH-Z,1,18358571084970342167,host_extinction,9,0,state-001-001-0000000.gz,0,TE-Interaction-Experiments/HLLLHHH-Z/provenance-001-001.json,023a8f88fe52b0b77d91cc3ef72caf45cabbbecf
HLLLHHH-Z,2,9740925440116033018,te_extinction,8,34,state-002-001-0000000.gz,0,TE-Interaction-Experiments/HLLLHHH-Z/provenance-002-001.json,023a8f88fe52b0b77d91cc3ef72caf45cabbbecf
HLLLHHH-Z,3,14691705211132358790,te_extinction,8,57,state-003-001-0000000.gz,0,TE-Interaction-Experiments/HLLLHHH-Z/provenance-003-001.json,023a8f88fe52b0b77d91cc3ef72caf45cabbbecf
HLLLHHL-HH,1,8636596949931015793,te_extinction,146,21,state-001-001-0000100.gz,100,TE-Interaction-Experiments/HLLLHHL-HH/provenance-001-001.json,ee6a78f884798442b70624bf215292b2aadfdf8d
HLLLHHL-HH,2,8266094091762840933,maximum_generations,1500,35,state-002-001-0001500.gz,1500,TE-Interaction-Experiments/HLLLHHL-HH/provenance-002-001.json,ee6a78f884798442b70624bf215292b2aadfdf8d
HLLLHHL-HH,3,4981580465506456348,host_extinction,21,0,state-003-001-0000000.gz,0,TE-Interaction-Experiments/HLLLHHL-HH/provenance-003-001.json,ee6a78f884798442b70624bf215292b2aadfdf8d
HLLLHHL-HL,1,6878305618863063433,host_extinction,13,0,state-001-001-0000000.gz,0,TE-Interaction-Experiments/HLLLHHL-HL/provenance-001-001.json,ee6a78f884798442b70624bf215292b2aadfdf8d
HLLLHHL-HL,2,9420520478799396502,host_extinction,17,0,state-002-001-0000000.gz,0,TE-Interaction-Experiments/HLLLHHL-HL/provenance-002-001.json,ee6a78f884798442b70624bf215292b2aadfdf8d
HLLLHHL-HL,3,10270043090875624522,host_extinction,15,0,state-003-001-0000000.gz,0,TE-Interaction-Experiments/HLLLHHL-HL/provenance-003-001.json,ee6a78f884798442b70624bf215292b2aadfdf8d
HLLLHHL-LH,1,18408965177212407407,host_extinction,9,0,state-001-001-0000000.gz,0,TE-Interaction-Experiments/HLLLHHL-LH/provenance-001-001.json,ee6a78f884798442b70624bf215292b2aadfdf8d
HLLLHHL-LH,2,4106462283592933482,host_extinction,9,0,state-002-001-0000000.gz,0,TE-Interaction-Experiments/HLLLHHL-LH/provenance-002-001.json,ee6a78f884798442b70624bf215292b2aadfdf8d
HLLLHHL-LH,3,15996871345973168990,host_extinction,8,0,state-003-001-0000000.gz,0,TE-Interaction-Experiments/HLLLHHL-LH/provenance-003-001.json,ee6a78f884798442b70624bf215292b2aadfdf8d
HLLLHHL-LL,1,12481256532015574266,host_extinction,8,0,state-001-001-0000000.gz,0,TE-Interaction-Experiments/HLLLHHL-LL/provenance-001-001.json,ee6a78f884798442b70624bf215292b2aadfdf8d
HLLLHHL-LL,2,10602989342404238541,te_extinction,225,29,state-002-001-0000200.gz,200,TE-Interaction-Experiments/HLLLHHL-LL/provenance-002-001.json,ee6a78f884798442b70624bf215292b2aadfdf8d
HLLLHHL-LL,3,17129037041448204466,host_extinction,8,0,state-003-001-0000000.gz,0,TE-Interaction-Experiments/HLLLHHL-LL/provenance-003-001.json,ee6a78f884798442b70624bf215292b2aadfdf8d
HLLLHHL-Z,1,2787669060992559930,host_extinction,8,0,state-001-001-0000000.gz,0,TE-Interaction-Experiments/HLLLHHL-Z/provenance-001-001.json,023a8f88fe52b0b77d91cc3ef72caf45cabbbecf
HLLLHHL-Z,2,14447922993561287943,host_extinction,7,0,state-002-001-0000000.gz,0,TE-Interaction-Experiments/HLLLHHL-Z/provenance-002-001.json,023a8f88fe52b0b77d91cc3ef72caf45cabbbecf
HLLLHHL-Z,3,12025811089306286466,host_extinction,8,0,state-003-001-0000000.gz,0,TE-Interaction-Experiments/HLLLHHL-Z/provenance-003-001.json,023a8f88fe52b0b77d91cc3ef72caf45cabbbecf
HLLLHLH-HH,1,1041966300123121125,te_extinction,392,289,state-001-001-0000350.gz,350,TE-Interaction-Experiments/HLLLHLH-HH/provenance-001-001.json,ee6a78f884798442b70624bf215292b2aadfdf8d
HLLLHLH-HH,2,10755807441263263348,te_extinction,453,299,state-002-001-0000450.gz,450,TE-Interaction-Experiments/HLLLHLH-HH/provenance-002-001.json,ee6a78f884798442b70624bf215292b2aadfdf8d
HLLLHLH-HH,3,11479989062570528600,maximum_generations,1500,298,state-003-002-0001500.gz,1500,TE-Interaction-Experiments/HLLLHLH-HH/provenance-003-002.json,6d7e1d3095ad5913aa6640d26f7b0a69d284dacb
HLLLHLH-HL,1,14004614293653338973,te_extinction,537,304,state-001-001-0000500.gz,500,TE-Interaction-Experiments/HLLLHLH-HL/provenance-001-001.json,ee6a78f884798442b70624bf215292b2aadfdf8d
HLLLHLH-HL,2,16904039998505764127,host_extinction,21,0,state-002-001-0000000.gz,0,TE-Interaction-Experiments/HLLLHLH-HL/provenance-002-001.json,ee6a78f884798442b70624bf215292b2aadfdf8d
HLLLHLH-HL,3,1098758055878907644,te_extinction,775,295,state-003-001-0000750.gz,750,TE-Interaction-Experiments/HLLLHLH-HL/provenance-003-001.json,ee6a78f884798442b70624bf215292b2aadfdf8d
HLLLHLH-LH,1,16468549008226955237,host_extinction,11,0,state-001-001-0000000.gz,0,TE-Interaction-Experiments/HLLLHLH-LH/provenance-001-001.json,ee6a78f884798442b70624bf215292b2aadfdf8d
HLLLHLH-LH,2,1541543596358809398,te_extinction,642,307,state-002-001-0000600.gz,600,TE-Interaction-Experiments/HLLLHLH-LH/provenance-002-001.json,ee6a78f884798442b70624bf215292b2aadfdf8d
HLLLHLH-LH,3,13357270768089522047,te_extinction,941,284,state-003-001-0000900.gz,900,TE-Interaction-Experiments/HLLLHLH-LH/provenance-003-001.json,ee6a78f884798442b70624bf215292b2aadfdf8d
HLLLHLH-LL,1,15328092877689153,te_extinction,440,327,state-001-001-0000400.gz,400,TE-Interaction-Experiments/HLLLHLH-LL/provenance-001-001.json,ee6a78f884798442b70624bf215292b2aadfdf8d
HLLLHLH-LL,2,9946953191242189054,te_extinction,349,296,state-002-001-0000300.gz,300,TE-Interaction-Experiments/HLLLHLH-LL/provenance-002-001.json,ee6a78f884798442b70624bf215292b2aadfdf8d
HLLLHLH-LL,3,3918578508050752937,host_extinction,10,0,state-003-001-0000000.gz,0,TE-Interaction-Experiments/HLLLHLH-LL/provenance-003-001.json,ee6a78f884798442b70624bf215292b2aadfdf8d
HLLLHLH-Z,1,12121632899772424771,host_extinction,9,0,state-001-001-0000000.gz,0,TE-Interaction-Experiments/HLLLHLH-Z/provenance-001-001.json,023a8f88fe52b0b77d91cc3ef72caf45cabbbecf
HLLLHLH-Z,2,9030968534827496189,te_extinction,9,71,state-002-001-0000000.gz,0,TE-Interaction-Experiments/HLLLHLH-Z/provenance-002-001.json,023a8f88fe52b0b77d91cc3ef72caf45cabbbecf
HLLLHLH-Z,3,13915710059577427387,te_extinction,9,29,state-003-001-0000000.gz,0,TE-Interaction-Experiments/HLLLHLH-Z/provenance-003-001.json,023a8f88fe52b0b77d91cc3ef72caf45cabbbecf
HLLLHLL-HH,1,3362090521658157407,maximum_generations,1500,27,state-001-001-0001500.gz,1500,TE-Interaction-Experiments/HLLLHLL-HH/provenance-001-001.json,ee6a78f884798442b70624bf215292b2aadfdf8d
HLLLHLL-HH,2,14228307930680911455,host_extinction,19,0,state-002-001-0000000.gz,0,TE-Interaction-Experiments/HLLLHLL-HH/provenance-002-001.json,ee6a78f884798442b70624bf215292b2aadfdf8d
HLLLHLL-HH,3,6146055654117929513,maximum_generations,1500,23,state-003-001-0001500.gz,1500,TE-Interaction-Experiments/HLLLHLL-HH/provenance-003-001.json,ee6a78f884798442b70624bf215292b2aadfdf8d
HLLLHLL-HL,1,9440380313510890877,host_extinction,14,0,state-001-001-0000000.gz,0,TE-Interaction-Experiments/HLLLHLL-HL/provenance-001-001.json,ee6a78f884798442b70624bf215292b2aadfdf8d
HLLLHLL-HL,2,9691476042334120304,host_extinction,12,0,state-002-001-0000000.gz,0,TE-Interaction-Experiments/HLLLHLL-HL/provenance-002-001.json,ee6a78f884798442b70624bf215292b2aadfdf8d
HLLLHLL-HL,3,2813464481533096133,te_extinction,552,29,state-003-001-0000550.gz,550,TE-Interaction-Experiments/HLLLHLL-HL/provenance-003-001.json,ee6a78f884798442b70624bf215292b2aadfdf8d
HLLLHLL-LH,1,15454321952575082296,host_extinction,9,0,state-001-001-0000000.gz,0,TE-Interaction-Experiments/HLLLHLL-LH/provenance-001-001.json,ee6a78f884798442b70624bf215292b2aadfdf8d
HLLLHLL-LH,2,10727710261622805647,host_extinction,8,0,state-002-001-0000000.gz,0,TE-Interaction-Experiments/HLLLHLL-LH/provenance-002-001.json,ee6a78f884798442b70624bf215292b2aadfdf8d
HLLLHLL-LH,3,1188124337199838737,host_extinction,10,0,state-003-001-0000000.gz,0,TE-Interaction-Experiments/HLLLHLL-LH/provenance-003-001.json,ee6a78f884798442b70624bf215292b2aadfdf8d
HLLLHLL-LL,1,14678415241751728356,host_extinction,8,0,state-001-001-0000000.gz,0,TE-Interaction-Experiments/HLLLHLL-LL/provenance-001-001.json,ee6a78f884798442b70624bf215292b2aadfdf8d
HLLLHLL-LL,2,1137573703190561637,host_extinction,8,0,state-002-001-0000000.gz,0,TE-Interaction-Experiments/HLLLHLL-LL/provenance-002-001.json,ee6a78f884798442b70624bf215292b2aadfdf8d
HLLLHLL-LL,3,8758324580472824006,host_extinction,8,0,state-003-001-0000000.gz,0,TE-Interaction-Experiments/HLLLHLL-LL/provenance-003-001.json,ee6a78f884798442b70624bf215292b2aadfdf8d
HLLLHLL-Z,1,4464177402489272316,host_extinction,8,0,state-001-001-0000000.gz,0,TE-Interaction-Experiments/HLLLHLL-Z/provenance-001-001.json,023a8f88fe52b0b77d91cc3ef72caf45cabbbecf
HLLLHLL-Z,2,9619238058087869638,host_extinction,8,0,state-002-001-0000000.gz,0,TE-Interaction-Experiments/HLLLHLL-Z/provenance-002-001.json,023a8f88fe52b0b77d91cc3ef72caf45cabbbecf
HLLLHLL-Z,3,15772319465564806796,host_extinction,8,0,state-003-001-0000000.gz,0,TE-Interaction-Experiments/HLLLHLL-Z/provenance-003-001.json,023a8f88fe52b0b77d91cc3ef72caf45cabbbecf
HLLLLHH-HH,1,14006583533111876663,te_extinction,387,292,state-001-001-0000350.gz,350,TE-Interaction-Experiments/HLLLLHH-HH/provenance-001-001.json,ee6a78f884798442b70624bf215292b2aadfdf8d
HLLLLHH-HH,2,5636204290401120435,te_extinction,912,306,state-002-001-0000900.gz,900,TE-Interaction-Experiments/HLLLLHH-HH/provenance-002-001.json,ee6a78f884798442b70624bf215292b2aadfdf8d
HLLLLHH-HH,3,11104411877601447041,te_extinction,377,278,state-003-001-0000350.gz,350,TE-Interaction-Experiments/HLLLLHH-HH/provenance-003-001.json,ee6a78f884798442b70624bf215292b2aadfdf8d
HLLLLHH-HL,1,7179622713280375344,te_extinction,646,266,state-001-001-0000600.gz,600,TE-Interaction-Experiments/HLLLLHH-HL/provenance-001-001.json,ee6a78f884798442b70624bf215292b2aadfdf8d
HLLLLHH-HL,2,2023847371949289978,host_extinction,8,0,state-002-001-0000000.gz,0,TE-Interaction-Experiments/HLLLLHH-HL/provenance-002-001.json,ee6a78f884798442b70624bf215292b2aadfdf8d
HLLLLHH-HL,3,6340936699905914668,te_extinction,334,299,state-003-001-0000300.gz,300,TE-Interaction-Experiments/HLLLLHH-HL/provenance-003-001.json,ee6a78f884798442b70624bf215292b2aadfdf8d
HLLLLHH-LH,1,14137752099461340926,host_extinction,7,0,state-001-001-0000000.gz,0,TE-Interaction-Experiments/HLLLLHH-LH/provenance-001-001.json,ee6a78f884798442b70624bf215292b2aadfdf8d
HLLLLHH-LH,2,16996400789208433535,te_extinction,538,312,state-002-001-0000500.gz,500,TE-Interaction-Experiments/HLLLLHH-LH/provenance-002-001.json,ee6a78f884798442b70624bf215292b2aadfdf8d
HLLLLHH-LH,3,13412801246808283863,te_extinction,835,310,state-003-001-0000800.gz,800,TE-Interaction-Experiments/HLLLLHH-LH/provenance-003-001.json,ee6a78f884798442b70624bf215292b2aadfdf8d
HLLLLHH-LL,1,16272824760905379171,te_extinction,206,300,state-001-001-0000200.gz,200,TE-Interaction-Experiments/HLLLLHH-LL/provenance-001-001.json,ee6a78f884798442b70624bf215292b2aadfdf8d
HLLLLHH-LL,2,7869882624109962536,te_extinction,435,320,state-002-001-0000400.gz,400,TE-Interaction-Experiments/HLLLLHH-LL/provenance-002-001.json,ee6a78f884798442b70624bf215292b2aadfdf8d
HLLLLHH-LL,3,14311390306604970741,host_extinction,8,0,state-003-001-0000000.gz,0,TE-Interaction-Experiments/HLLLLHH-LL/provenance-003-001.json,ee6a78f884798442b70624bf215292b2aadfdf8d
HLLLLHH-Z,1,15747465019777086410,te_extinction,7,73,state-001-001-0000000.gz,0,TE-Interaction-Experiments/HLLLLHH-Z/provenance-001-001.json,023a8f88fe52b0b77d91cc3ef72caf45cabbbecf
HLLLLHH-Z,2,15414177626320437819,te_extinction,6,56,state-002-001-0000000.gz,0,TE-Interaction-Experiments/HLLLLHH-Z/provenance-002-001.json,023a8f88fe52b0b77d91cc3ef72caf45cabbbecf
HLLLLHH-Z,3,4220753505493130489,host_extinction,6,0,state-003-001-0000000.gz,0,TE-Interaction-Experiments/HLLLLHH-Z/provenance-003-001.json,023a8f88fe52b0b77d91cc3ef72caf45cabbbecf
HLLLLHL-HH,1,10403954487857148551,host_extinction,7,0,state-001-001-0000000.gz,0,TE-Interaction-Experiments/HLLLLHL-HH/provenance-001-001.json,ee6a78f884798442b70624bf215292b2aadfdf8d
HLLLLHL-HH,2,9132140875857659835,host_extinction,7,0,state-002-001-0000000.gz,0,TE-Interaction-Experiments/HLLLLHL-HH/provenance-002-001.json,ee6a78f884798442b70624bf215292b2aadfdf8d
HLLLLHL-HH,3,4723207059703197933,host_extinction,10,0,state-003-001-0000000.gz,0,TE-Interaction-Experiments/HLLLLHL-HH/provenance-003-001.json,ee6a78f884798442b70624bf215292b2aadfdf8d
HLLLLHL-HL,1,1353190489349509048,host_extinction,7,0,state-001-001-0000000.gz,0,TE-Interaction-Experiments/HLLLLHL-HL/provenance-001-001.json,ee6a78f884798442b70624bf215292b2aadfdf8d
HLLLLHL-HL,2,7768146860155676102,host_extinction,10,0,state-002-001-0000000.gz,0,TE-Interaction-Experiments/HLLLLHL-HL/provenance-002-001.json,ee6a78f884798442b70624bf215292b2aadfdf8d
HLLLLHL-HL,3,14876636623261729134,host_extinction,6,0,state-003-001-0000000.gz,0,TE-Interaction-Experiments/HLLLLHL-HL/provenance-003-001.json,ee6a78f884798442b70624bf215292b2aadfdf8d
HLLLLHL-LH,1,13506394493893202708,host_extinction,6,0,state-001-001-0000000.gz,0,TE-Interaction-Experiments/HLLLLHL-LH/provenance-001-001.json,ee6a78f884798442b70624bf215292b2aadfdf8d
HLLLLHL-LH,2,4885022815193801861,te_extinction,468,33,state-002-001-0000450.gz,450,TE-Interaction-Experiments/HLLLLHL-LH/provenance-002-001.json,ee6a78f884798442b70624bf215292b2aadfdf8d
HLLLLHL-LH,3,4154107612788928452,host_extinction,6,0,state-003-001-0000000.gz,0,TE-Interaction-Experiments/HLLLLHL-LH/provenance-003-001.json,ee6a78f884798442b70624bf215292b2aadfdf8d
HLLLLHL-LL,1,1599176818445872102,host_extinction,6,0,state-001-001-0000000.gz,0,TE-Interaction-Experiments/HLLLLHL-LL/provenance-001-001.json,ee6a78f884798442b70624bf215292b2aadfdf8d
HLLLLHL-LL,2,9498393821488490394,host_extinction,6,0,state-002-001-0000000.gz,0,TE-Interaction-Experiments/HLLLLHL-LL/provenance-002-001.json,ee6a78f884798442b70624bf215292b2aadfdf8d
HLLLLHL-LL,3,10121725069056152378,host_extinction,7,0,state-003-001-0000000.gz,0,TE-Interaction-Experiments/HLLLLHL-LL/provenance-003-001.json,ee6a78f884798442b70624bf215292b2aadfdf8d
HLLLLHL-Z,1,5665869583120971097,host_extinction,5,0,state-001-001-0000000.gz,0,TE-Interaction-Experiments/HLLLLHL-Z/provenance-001-001.json,023a8f88fe52b0b77d91cc3ef72caf45cabbbecf
HLLLLHL-Z,2,9635111890341092586,host_extinction,6,0,state-002-001-0000000.gz,0,TE-Interaction-Experiments/HLLLLHL-Z/provenance-002-001.json,023a8f88fe52b0b77d91cc3ef72caf45cabbbecf
HLLLLHL-Z,3,4447915881787116262,host_extinction,6,0,state-003-001-0000000.gz,0,TE-Interaction-Experiments/HLLLLHL-Z/provenance-003-001.json,023a8f88fe52b0b77d91cc3ef72caf45cabbbecf
HLLLLLH-HH,1,1732971945473829442,te_extinction,727,302,state-001-001-0000700.gz,700,TE-Interaction-Experiments/HLLLLLH-HH/provenance-001-001.json,ee6a78f884798442b70624bf215292b2aadfdf8d
HLLLLLH-HH,2,12022386662833856248,te_extinction,573,302,state-002-001-0000550.gz,550,TE-Interaction-Experiments/HLLLLLH-HH/provenance-002-001.json,ee6a78f884798442b70624bf215292b2aadfdf8d
HLLLLLH-HH,3,17176649925921127227,te_extinction,376,326,state-003-001-0000350.gz,350,TE-Interaction-Experiments/HLLLLLH-HH/provenance-003-001.json,ee6a78f884798442b70624bf215292b2aadfdf8d
HLLLLLH-HL,1,5470857279858751186,te_extinction,581,282,state-001-001-0000550.gz,550,TE-Interaction-Experiments/HLLLLLH-HL/provenance-001-001.json,ee6a78f884798442b70624bf215292b2aadfdf8d
HLLLLLH-HL,2,7706313729979802803,te_extinction,805,297,state-002-001-0000800.gz,800,TE-Interaction-Experiments/HLLLLLH-HL/provenance-002-001.json,ee6a78f884798442b70624bf215292b2aadfdf8d
HLLLLLH-HL,3,7629906621455032121,te_extinction,392,301,state-003-001-0000350.gz,350,TE-Interaction-Experiments/HLLLLLH-HL/provenance-003-001.json,ee6a78f884798442b70624bf215292b2aadfdf8d
HLLLLLH-LH,1,12207804103676374251,host_extinction,7,0,state-001-001-0000000.gz,0,TE-Interaction-Experiments/HLLLLLH-LH/provenance-001-001.json,ee6a78f884798442b70624bf215292b2aadfdf8d
HLLLLLH-LH,2,12497280147964726312,te_extinction,784,294,state-002-001-0000750.gz,750,TE-Interaction-Experiments/HLLLLLH-LH/provenance-002-001.json,ee6a78f884798442b70624bf215292b2aadfdf8d
HLLLLLH-LH,3,1069876604035272341,te_extinction,1227,299,state-003-001-0001200.gz,1200,TE-Interaction-Experiments/HLLLLLH-LH/provenance-003-001.json,ee6a78f884798442b70624bf215292b2aadfdf8d
HLLLLLH-LL,1,2406296136977540941,te_extinction,660,324,state-001-001-0000650.gz,650,TE-Interaction-Experiments/HLLLLLH-LL/provenance-001-001.json,ee6a78f884798442b70624bf215292b2aadfdf8d
HLLLLLH-LL,2,7304841249207746028,te_extinction,837,313,state-002-001-0000800.gz,800,TE-Interaction-Experiments/HLLLLLH-LL/provenance-002-001.json,ee6a78f884798442b70624bf215292b2aadfdf8d
HLLLLLH-LL,3,2545658609708068383,te_extinction,449,288,state-003-001-0000400.gz,400,TE-Interaction-Experiments/HLLLLLH-LL/provenance-003-001.json,ee6a78f884798442b70624bf215292b2aadfdf8d
HLLLLLH-Z,1,9487270881881507109,host_extinction,6,0,state-001-001-0000000.gz,0,TE-Interaction-Experiments/HLLLLLH-Z/provenance-001-001.json,023a8f88fe52b0b77d91cc3ef72caf45cabbbecf
HLLLLLH-Z,2,15205291339554918221,te_extinction,7,27,state-002-001-0000000.gz,0,TE-Interaction-Experiments/HLLLLLH-Z/provenance-002-001.json,023a8f88fe52b0b77d91cc3ef72caf45cabbbecf
HLLLLLH-Z,3,9381361489882843800,te_extinction,6,25,state-003-001-0000000.gz,0,TE-Interaction-Experiments/HLLLLLH-Z/provenance-003-001.json,023a8f88fe52b0b77d91cc3ef72caf45cabbbecf
HLLLLLL-HH,1,5213693347345356000,host_extinction,9,0,state-001-001-0000000.gz,0,TE-Interaction-Experiments/HLLLLLL-HH/provenance-001-001.json,ee6a78f884798442b70624bf215292b2aadfdf8d
HLLLLLL-HH,2,7562284282214660033,host_extinction,8,0,state-002-001-0000000.gz,0,TE-Interaction-Experiments/HLLLLLL-HH/provenance-002-001.json,ee6a78f884798442b70624bf215292b2aadfdf8d
HLLLLLL-HH,3,1174607843679708335,host_extinction,11,0,state-003-001-0000000.gz,0,TE-Interaction-Experiments/HLLLLLL-HH/provenance-003-001.json,ee6a78f884798442b70624bf215292b2aadfdf8d
HLLLLLL-HL,1,3065960389457105426,te_extinction,322,30,state-001-001-0000300.gz,300,TE-Interaction-Experiments/HLLLLLL-HL/provenance-001-001.json,ee6a78f884798442b70624bf215292b2aadfdf8d
HLLLLLL-HL,2,9929495405804158744,te_extinction,573,26,state-002-001-0000550.gz,550,TE-Interaction-Experiments/HLLLLLL-HL/provenance-002-001.json,ee6a78f884798442b70624bf215292b2aadfdf8d
HLLLLLL-HL,3,3869509260160249566,host_extinction,8,0,state-003-001-0000000.gz,0,TE-Interaction-Experiments/HLLLLLL-HL/provenance-003-001.json,ee6a78f884798442b70624bf215292b2aadfdf8d
HLLLLLL-LH,1,8478958823800795196,host_extinction,7,0,state-001-001-0000000.gz,0,TE-Interaction-Experiments/HLLLLLL-LH/provenance-001-001.json,ee6a78f884798442b70624bf215292b2aadfdf8d
HLLLLLL-LH,2,2544990362411395271,te_extinction,359,24,state-002-001-0000350.gz,350,TE-Interaction-Experiments/HLLLLLL-LH/provenance-002-001.json,ee6a78f884798442b70624bf215292b2aadfdf8d
HLLLLLL-LH,3,3915312609903978694,host_extinction,6,0,state-003-001-0000000.gz,0,TE-Interaction-Experiments/HLLLLLL-LH/provenance-003-001.json,ee6a78f884798442b70624bf215292b2aadfdf8d
HLLLLLL-LL,1,272075281655416268,host_extinction,6,0,state-001-001-0000000.gz,0,TE-Interaction-Experiments/HLLLLLL-LL/provenance-001-001.json,ee6a78f884798442b70624bf215292b2aadfdf8d
HLLLLLL-LL,2,8031736674670268807,host_extinction,5,0,state-002-001-0000000.gz,0,TE-Interaction-Experiments/HLLLLLL-LL/provenance-002-001.json,ee6a78f884798442b70624bf215292b2aadfdf8d
HLLLLLL-LL,3,7348878220376951765,host_extinction,6,0,state-003-001-0000000.gz,0,TE-Interaction-Experiments/HLLLLLL-LL/provenance-003-001.json,ee6a78f884798442b70624bf215292b2aadfdf8d
HLLLLLL-Z,1,2378314601435548478,host_extinction,5,0,state-001-001-0000000.gz,0,TE-Interaction-Experiments/HLLLLLL-Z/provenance-001-001.json,f9d0537629a4cacb6ed147d796121c399c460656
HLLLLLL-Z,2,16464736069911799282,host_extinction,5,0,state-002-001-0000000.gz,0,TE-Interaction-Experiments/HLLLLLL-Z/provenance-002-001.json,f9d0537629a4cacb6ed147d796121c399c460656
HLLLLLL-Z,3,2731489702416622044,host_extinction,5,0,state-003-001-0000000.gz,0,TE-Interaction-Experiments/HLLLLLL-Z/provenance-003-001.json,f9d0537629a4cacb6ed147d796121c399c460656
LHHHHHH-HH,1,15624114992168566097,host_extinction,15,0,state-001-001-0000000.gz,0,TE-Interaction-Experiments/LHHHHHH-HH/provenance-001-001.json,ee6a78f884798442b70624bf215292b2aadfdf8d
LHHHHHH-HH,2,7733090746867079957,host_extinction,19,0,state-002-001-0000000.gz,0,TE-Interaction-Experiments/LHHHHHH-HH/provenance-002-001.json,ee6a78f884798442b70624bf215292b2aadfdf8d
LHHHHHH-HH,3,15583733410369078706,host_extinction,15,0,state-003-001-0000000.gz,0,TE-Interaction-Experiments/LHHHHHH-HH/provenance-003-001.json,ee6a78f884798442b70624bf215292b2aadfdf8d
LHHHHHH-HL,1,14287345465431488018,host_extinction,18,0,state-001-001-0000000.gz,0,TE-Interaction-Experiments/LHHHHHH-HL/provenance-001-001.json,ee6a78f884798442b70624bf215292b2aadfdf8d
LHHHHHH-HL,2,12144029564178756770,host_extinction,13,0,state-002-001-0000000.gz,0,TE-Interaction-Experiments/LHHHHHH-HL/provenance-002-001.json,ee6a78f884798442b70624bf215292b2aadfdf8d
LHHHHHH-HL,3,13357457924062031622,host_extinction,13,0,state-003-001-0000000.gz,0,TE-Interaction-Experiments/LHHHHHH-HL/provenance-003-001.json,ee6a78f884798442b70624bf215292b2aadfdf8d
LHHHHHH-LH,1,3501596160761746037,host_extinction,10,0,state-001-001-0000000.gz,0,TE-Interaction-Experiments/LHHHHHH-LH/provenance-001-001.json,ee6a78f884798442b70624bf215292b2aadfdf8d
LHHHHHH-LH,2,4585233641176600195,maximum_generations,1500,318,state-002-001-0001500.gz,1500,TE-Interaction-Experiments/LHHHHHH-LH/provenance-002-001.json,ee6a78f884798442b70624bf215292b2aadfdf8d
LHHHHHH-LH,3,11955428072327389471,maximum_generations,1500,291,state-003-001-0001500.gz,1500,TE-Interaction-Experiments/LHHHHHH-LH/provenance-003-001.json,ee6a78f884798442b70624bf215292b2aadfdf8d
LHHHHHH-LL,1,5472684704912352735,host_extinction,11,0,state-001-001-0000000.gz,0,TE-Interaction-Experiments/LHHHHHH-LL/provenance-001-001.json,ee6a78f884798442b70624bf215292b2aadfdf8d
LHHHHHH-LL,2,12431958300461223382,host_extinction,9,0,state-002-001-0000000.gz,0,TE-Interaction-Experiments/LHHHHHH-LL/provenance-002-001.json,ee6a78f884798442b70624bf215292b2aadfdf8d
LHHHHHH-LL,3,12545767716274084118,host_extinction,12,0,state-003-001-0000000.gz,0,TE-Interaction-Experiments/LHHHHHH-LL/provenance-003-001.json,ee6a78f884798442b70624bf215292b2aadfdf8d
LHHHHHH-Z,1,17561439704258569571,host_extinction,9,0,state-001-001-0000000.gz,0,TE-Interaction-Experiments/LHHHHHH-Z/provenance-001-001.json,023a8f88fe52b0b77d91cc3ef72caf45cabbbecf
LHHHHHH-Z,2,8994305803945812873,te_extinction,10,79,state-002-001-0000000.gz,0,TE-Interaction-Experiments/LHHHHHH-Z/provenance-002-001.json,023a8f88fe52b0b77d91cc3ef72caf45cabbbecf
LHHHHHH-Z,3,7355319065730538906,host_extinction,10,0,state-003-001-0000000.gz,0,TE-Interaction-Experiments/LHHHHHH-Z/provenance-003-001.json,023a8f88fe52b0b77d91cc3ef72caf45cabbbecf
LHHHHHL-HH,1,11481854202564500967,host_extinction,10,0,state-001-001-0000000.gz,0,TE-Interaction-Experiments/LHHHHHL-HH/provenance-001-001.json,ee6a78f884798442b70624bf215292b2aadfdf8d
LHHHHHL-HH,2,5885678117993944774,host_extinction,12,0,state-002-001-0000000.gz,0,TE-Interaction-Experiments/LHHHHHL-HH/provenance-002-001.json,ee6a78f884798442b70624bf215292b2aadfdf8d
LHHHHHL-HH,3,12332349895377477979,host_extinction,11,0,state-003-001-0000000.gz,0,TE-Interaction-Experiments/LHHHHHL-HH/provenance-003-001.json,ee6a78f884798442b70624bf215292b2aadfdf8d
LHHHHHL-HL,1,2655382196429631573,host_extinction,9,0,state-001-001-0000000.gz,0,TE-Interaction-Experiments/LHHHHHL-HL/provenance-001-001.json,ee6a78f884798442b70624bf215292b2aadfdf8d
LHHHHHL-HL,2,10788847294182250403,host_extinction,14,0,state-002-001-0000000.gz,0,TE-Interaction-Experiments/LHHHHHL-HL/provenance-002-001.json,ee6a78f884798442b70624bf215292b2aadfdf8d
LHHHHHL-HL,3,7980973094442874853,te_extinction,1207,29,state-003-001-0001200.gz,1200,TE-Interaction-Experiments/LHHHHHL-HL/provenance-003-001.json,ee6a78f884798442b70624bf215292b2aadfdf8d
LHHHHHL-LH,1,9899518745645789324,host_extinction,7,0,state-001-001-0000000.gz,0,TE-Interaction-Experiments/LHHHHHL-LH/provenance-001-001.json,ee6a78f884798442b70624bf215292b2aadfdf8d
LHHHHHL-LH,2,4035618108537424599,host_extinction,10,0,state-002-001-0000000.gz,0,TE-Interaction-Experiments/LHHHHHL-LH/provenance-002-001.json,ee6a78f884798442b70624bf215292b2aadfdf8d
LHHHHHL-LH,3,4025121425881905577,host_extinction,8,0,state-003-001-0000000.gz,0,TE-Interaction-Experiments/LHHHHHL-LH/provenance-003-001.json,ee6a78f884798442b70624bf215292b2aadfdf8d
LHHHHHL-LL,1,5916745939303310863,host_extinction,7,0,state-001-001-0000000.gz,0,TE-Interaction-Experiments/LHHHHHL-LL/provenance-001-001.json,ee6a78f884798442b70624bf215292b2aadfdf8d
LHHHHHL-LL,2,4942655040570008533,host_extinction,9,0,state-002-001-0000000.gz,0,TE-Interaction-Experiments/LHHHHHL-LL/provenance-002-001.json,ee6a78f884798442b70624bf215292b2aadfdf8d
LHHHHHL-LL,3,943052994300468690,host_extinction,8,0,state-003-001-0000000.gz,0,TE-Interaction-Experiments/LHHHHHL-LL/provenance-003-001.json,ee6a78f884798442b70624bf215292b2aadfdf8d
LHHHHHL-Z,1,13217763435448136421,host_extinction,8,0,state-001-001-0000000.gz,0,TE-Interaction-Experiments/LHHHHHL-Z/provenance-001-001.json,023a8f88fe52b0b77d91cc3ef72caf45cabbbecf
LHHHHHL-Z,2,12096579447121587690,host_extinction,8,0,state-002-001-0000000.gz,0,TE-Interaction-Experiments/LHHHHHL-Z/provenance-002-001.json,023a8f88fe52b0b77d91cc3ef72caf45cabbbecf
LHHHHHL-Z,3,3257164260489474038,host_extinction,8,0,state-003-001-0000000.gz,0,TE-Interaction-Experiments/LHHHHHL-Z/provenance-003-001.json,023a8f88fe52b0b77d91cc3ef72caf45cabbbecf
LHHHHLH-HH,1,10230315843139845936,host_extinction,14,0,state-001-001-0000000.gz,0,TE-Interaction-Experiments/LHHHHLH-HH/provenance-001-001.json,ee6a78f884798442b70624bf215292b2aadfdf8d
LHHHHLH-HH,2,8939050134535891341,host_extinction,17,0,state-002-001-0000000.gz,0,TE-Interaction-Experiments/LHHHHLH-HH/provenance-002-001.json,ee6a78f884798442b70624bf215292b2aadfdf8d
LHHHHLH-HH,3,6325269155495070431,host_extinction,16,0,state-003-001-0000000.gz,0,TE-Interaction-Experiments/LHHHHLH-HH/provenance-003-001.json,ee6a78f884798442b70624bf215292b2aadfdf8d
LHHHHLH-HL,1,4162346556410091008,host_extinction,11,0,state-001-001-0000000.gz,0,TE-Interaction-Experiments/LHHHHLH-HL/provenance-001-001.json,ee6a78f884798442b70624bf215292b2aadfdf8d
LHHHHLH-HL,2,7688652551189160255,host_extinction,14,0,state-002-001-0000000.gz,0,TE-Interaction-Experiments/LHHHHLH-HL/provenance-002-001.json,ee6a78f884798442b70624bf215292b2aadfdf8d
LHHHHLH-HL,3,1563505199778671623,host_extinction,12,0,state-003-001-0000000.gz,0,TE-Interaction-Experiments/LHHHHLH-HL/provenance-003-001.json,ee6a78f884798442b70624bf215292b2aadfdf8d
LHHHHLH-LH,1,11815098722419764416,host_extinction,11,0,state-001-001-0000000.gz,0,TE-Interaction-Experiments/LHHHHLH-LH/provenance-001-001.json,ee6a78f884798442b70624bf215292b2aadfdf8d
LHHHHLH-LH,2,18308109854707726504,host_extinction,11,0,state-002-001-0000000.gz,0,TE-Interaction-Experiments/LHHHHLH-LH/provenance-002-001.json,ee6a78f884798442b70624bf215292b2aadfdf8d
LHHHHLH-LH,3,10296202296011133736,host_extinction,12,0,state-003-001-0000000.gz,0,TE-Interaction-Experiments/LHHHHLH-LH/provenance-003-001.json,ee6a78f884798442b70624bf215292b2aadfdf8d
LHHHHLH-LL,1,9133675681084899423,host_extinction,10,0,state-001-001-0000000.gz,0,TE-Interaction-Experiments/LHHHHLH-LL/provenance-001-001.json,ee6a78f884798442b70624bf215292b2aadfdf8d
LHHHHLH-LL,2,1137392904879783451,te_extinction,1389,290,state-002-001-0001350.gz,1350,TE-Interaction-Experiments/LHHHHLH-LL/provenance-002-001.json,ee6a78f884798442b70624bf215292b2aadfdf8d
LHHHHLH-LL,3,13966023989574497821,host_extinction,11,0,state-003-001-0000000.gz,0,TE-Interaction-Experiments/LHHHHLH-LL/provenance-003-001.json,ee6a78f884798442b70624bf215292b2aadfdf8d
LHHHHLH-Z,1,11389610436957771593,host_extinction,10,0,state-001-001-0000000.gz,0,TE-Interaction-Experiments/LHHHHLH-Z/provenance-001-001.json,023a8f88fe52b0b77d91cc3ef72caf45cabbbecf
LHHHHLH-Z,2,8668782016757204263,host_extinction,10,0,state-002-001-0000000.gz,0,TE-Interaction-Experiments/LHHHHLH-Z/provenance-002-001.json,023a8f88fe52b0b77d91cc3ef72caf45cabbbecf
LHHHHLH-Z,3,12644851211473124713,host_extinction,12,0,state-003-001-0000000.gz,0,TE-Interaction-Experiments/LHHHHLH-Z/provenance-003-001.json,023a8f88fe52b0b77d91cc3ef72caf45cabbbecf
LHHHHLL-HH,1,18394884231754957795,host_extinction,14,0,state-001-001-0000000.gz,0,TE-Interaction-Experiments/LHHHHLL-HH/provenance-001-001.json,ee6a78f884798442b70624bf215292b2aadfdf8d
LHHHHLL-HH,2,2162214932711486538,host_extinction,13,0,state-002-001-0000000.gz,0,TE-Interaction-Experiments/LHHHHLL-HH/provenance-002-001.json,ee6a78f884798442b70624bf215292b2aadfdf8d
LHHHHLL-HH,3,8896087144727543545,host_extinction,13,0,state-003-001-0000000.gz,0,TE-Interaction-Experiments/LHHHHLL-HH/provenance-003-001.json,ee6a78f884798442b70624bf215292b2aadfdf8d
LHHHHLL-HL,1,3941608683902765377,host_extinction,10,0,state-001-001-0000000.gz,0,TE-Interaction-Experiments/LHHHHLL-HL/provenance-001-001.json,ee6a78f884798442b70624bf215292b2aadfdf8d
LHHHHLL-HL,2,17296941154863402636,host_extinction,9,0,state-002-001-0000000.gz,0,TE-Interaction-Experiments/LHHHHLL-HL/provenance-002-001.json,ee6a78f884798442b70624bf215292b2aadfdf8d
LHHHHLL-HL,3,4739587469579163483,host_extinction,11,0,state-003-001-0000000.gz,0,TE-Interaction-Experiments/LHHHHLL-HL/provenance-003-001.json,ee6a78f884798442b70624bf215292b2aadfdf8d
LHHHHLL-LH,1,15071558804287862191,host_extinction,10,0,state-001-001-0000000.gz,0,TE-Interaction-Experiments/LHHHHLL-LH/provenance-001-001.json,ee6a78f884798442b70624bf215292b2aadfdf8d
LHHHHLL-LH,2,5284160162275451393,host_extinction,8,0,state-002-001-0000000.gz,0,TE-Interaction-Experiments/LHHHHLL-LH/provenance-002-001.json,ee6a78f884798442b70624bf215292b2aadfdf8d
LHHHHLL-LH,3,11751321342317105484,host_extinction,8,0,state-003-001-0000000.gz,0,TE-Interaction-Experiments/LHHHHLL-LH/provenance-003-001.json,ee6a78f884798442b70624bf215292b2aadfdf8d
LHHHHLL-LL,1,4948120194270252539,host_extinction,8,0,state-001-001-0000000.gz,0,TE-Interaction-Experiments/LHHHHLL-LL/provenance-001-001.json,ee6a78f884798442b70624bf215292b2aadfdf8d
LHHHHLL-LL,2,11859983088832962628,host_extinction,11,0,state-002-001-0000000.gz,0,TE-Interaction-Experiments/LHHHHLL-LL/provenance-002-001.json,ee6a78f884798442b70624bf215292b2aadfdf8d
LHHHHLL-LL,3,7367337333262450307,host_extinction,8,0,state-003-001-0000000.gz,0,TE-Interaction-Experiments/LHHHHLL-LL/provenance-003-001.json,ee6a78f884798442b70624bf215292b2aadfdf8d
LHHHHLL-Z,1,5365409002572197144,host_extinction,8,0,state-001-001-0000000.gz,0,TE-Interaction-Experiments/LHHHHLL-Z/provenance-001-001.json,023a8f88fe52b0b77d91cc3ef72caf45cabbbecf
LHHHHLL-Z,2,2054340500837564815,host_extinction,7,0,state-002-001-0000000.gz,0,TE-Interaction-Experiments/LHHHHLL-Z/provenance-002-001.json,023a8f88fe52b0b77d91cc3ef72caf45cabbbecf
LHHHHLL-Z,3,14168115277490306841,host_extinction,7,0,state-003-001-0000000.gz,0,TE-Interaction-Experiments/LHHHHLL-Z/provenance-003-001.json,023a8f88fe52b0b77d91cc3ef72caf45cabbbecf
LHHHLHH-HH,1,17256944062452985899,maximum_generations,1500,322,state-001-001-0001500.gz,1500,TE-Interaction-Experiments/LHHHLHH-HH/provenance-001-001.json,ee6a78f884798442b70624bf215292b2aadfdf8d
LHHHLHH-HH,2,10322169458715534968,maximum_generations,1500,293,state-002-001-0001500.gz,1500,TE-Interaction-Experiments/LHHHLHH-HH/provenance-002-001.json,ee6a78f884798442b70624bf215292b2aadfdf8d
LHHHLHH-HH,3,5286517963884334743,host_extinction,12,0,state-003-001-0000000.gz,0,TE-Interaction-Experiments/LHHHLHH-HH/provenance-003-001.json,ee6a78f884798442b70624bf215292b2aadfdf8d
LHHHLHH-HL,1,1781911739752145284,host_extinction,11,0,state-001-001-0000000.gz,0,TE-Interaction-Experiments/LHHHLHH-HL/provenance-001-001.json,ee6a78f884798442b70624bf215292b2aadfdf8d
LHHHLHH-HL,2,2565036615140741577,host_extinction,9,0,state-002-001-0000000.gz,0,TE-Interaction-Experiments/LHHHLHH-HL/provenance-002-001.json,ee6a78f884798442b70624bf215292b2aadfdf8d
LHHHLHH-HL,3,14483320206147451730,host_extinction,18,0,state-003-001-0000000.gz,0,TE-Interaction-Experiments/LHHHLHH-HL/provenance-003-001.json,ee6a78f884798442b70624bf215292b2aadfdf8d
LHHHLHH-LH,1,6365988278745060686,host_extinction,9,0,state-001-001-0000000.gz,0,TE-Interaction-Experiments/LHHHLHH-LH/provenance-001-001.json,ee6a78f884798442b70624bf215292b2aadfdf8d
LHHHLHH-LH,2,8454122985909511113,maximum_generations,1500,295,state-002-001-0001500.gz,1500,TE-Interaction-Experiments/LHHHLHH-LH/provenance-002-001.json,ee6a78f884798442b70624bf215292b2aadfdf8d
LHHHLHH-LH,3,11685963313415917774,host_extinction,12,0,state-003-001-0000000.gz,0,TE-Interaction-Experiments/LHHHLHH-LH/provenance-003-001.json,ee6a78f884798442b70624bf215292b2aadfdf8d
LHHHLHH-LL,1,7909639371665994084,host_extinction,8,0,state-001-001-0000000.gz,0,TE-Interaction-Experiments/LHHHLHH-LL/provenance-001-001.json,ee6a78f884798442b70624bf215292b2aadfdf8d
LHHHLHH-LL,2,11668965445608679873,host_extinction,9,0,state-002-001-0000000.gz,0,TE-Interaction-Experiments/LHHHLHH-LL/provenance-002-001.json,ee6a78f884798442b70624bf215292b2aadfdf8d
LHHHLHH-LL,3,14527554492520983101,host_extinction,8,0,state-003-001-0000000.gz,0,TE-Interaction-Experiments/LHHHLHH-LL/provenance-003-001.json,ee6a78f884798442b70624bf215292b2aadfdf8d
LHHHLHH-Z,1,3047185612320314222,host_extinction,7,0,state-001-001-0000000.gz,0,TE-Interaction-Experiments/LHHHLHH-Z/provenance-001-001.json,023a8f88fe52b0b77d91cc3ef72caf45cabbbecf
LHHHLHH-Z,2,16136172931249226138,host_extinction,8,0,state-002-001-0000000.gz,0,TE-Interaction-Experiments/LHHHLHH-Z/provenance-002-001.json,023a8f88fe52b0b77d91cc3ef72caf45cabbbecf
LHHHLHH-Z,3,2264752791381048080,te_extinction,9,30,state-003-001-0000000.gz,0,TE-Interaction-Experiments/LHHHLHH-Z/provenance-003-001.json,023a8f88fe52b0b77d91cc3ef72caf45cabbbecf
LHHHLHL-HH,1,12593598638619367808,host_extinction,10,0,state-001-001-0000000.gz,0,TE-Interaction-Experiments/LHHHLHL-HH/provenance-001-001.json,ee6a78f884798442b70624bf215292b2aadfdf8d
LHHHLHL-HH,2,17620214101168446007,host_extinction,6,0,state-002-001-0000000.gz,0,TE-Interaction-Experiments/LHHHLHL-HH/provenance-002-001.json,ee6a78f884798442b70624bf215292b2aadfdf8d
LHHHLHL-HH,3,16625257544370454383,host_extinction,8,0,state-003-001-0000000.gz,0,TE-Interaction-Experiments/LHHHLHL-HH/provenance-003-001.json,ee6a78f884798442b70624bf215292b2aadfdf8d
LHHHLHL-HL,1,14229993959777488962,host_extinction,7,0,state-001-001-0000000.gz,0,TE-Interaction-Experiments/LHHHLHL-HL/provenance-001-001.json,ee6a78f884798442b70624bf215292b2aadfdf8d
LHHHLHL-HL,2,8705096411312190913,host_extinction,6,0,state-002-001-0000000.gz,0,TE-Interaction-Experiments/LHHHLHL-HL/provenance-002-001.json,ee6a78f884798442b70624bf215292b2aadfdf8d
LHHHLHL-HL,3,662071658658681938,host_extinction,8,0,state-003-001-0000000.gz,0,TE-Interaction-Experiments/LHHHLHL-HL/provenance-003-001.json,ee6a78f884798442b70624bf215292b2aadfdf8d
LHHHLHL-LH,1,5009270371080609982,host_extinction,6,0,state-001-001-0000000.gz,0,TE-Interaction-Experiments/LHHHLHL-LH/provenance-001-001.json,ee6a78f884798442b70624bf215292b2aadfdf8d
LHHHLHL-LH,2,2889864296337767017,host_extinction,8,0,state-002-001-0000000.gz,0,TE-Interaction-Experiments/LHHHLHL-LH/provenance-002-001.json,ee6a78f884798442b70624bf215292b2aadfdf8d
LHHHLHL-LH,3,16154849734764248852,host_extinction,7,0,state-003-001-0000000.gz,0,TE-Interaction-Experiments/LHHHLHL-LH/provenance-003-001.json,ee6a78f884798442b70624bf215292b2aadfdf8d
LHHHLHL-LL,1,1679622832422508769,host_extinction,6,0,state-001-001-0000000.gz,0,TE-Interaction-Experiments/LHHHLHL-LL/provenance-001-001.json,ee6a78f884798442b70624bf215292b2aadfdf8d
LHHHLHL-LL,2,16615701080335283520,host_extinction,6,0,state-002-001-0000000.gz,0,TE-Interaction-Experiments/LHHHLHL-LL/provenance-002-001.json,ee6a78f884798442b70624bf215292b2aadfdf8d
LHHHLHL-LL,3,14719177649938613773,host_extinction,6,0,state-003-001-0000000.gz,0,TE-Interaction-Experiments/LHHHLHL-LL/provenance-003-001.json,ee6a78f884798442b70624bf215292b2aadfdf8d
LHHHLHL-Z,1,10681803475853514743,host_extinction,7,0,state-001-001-0000000.gz,0,TE-Interaction-Experiments/LHHHLHL-Z/provenance-001-001.json,023a8f88fe52b0b77d91cc3ef72caf45cabbbecf
LHHHLHL-Z,2,8080782994327860289,host_extinction,5,0,state-002-001-0000000.gz,0,TE-Interaction-Experiments/LHHHLHL-Z/provenance-002-001.json,023a8f88fe52b0b77d91cc3ef72caf45cabbbecf
LHHHLHL-Z,3,5677497627737746505,host_extinction,6,0,state-003-001-0000000.gz,0,TE-Interaction-Experiments/LHHHLHL-Z/provenance-003-001.json,023a8f88fe52b0b77d91cc3ef72caf45cabbbecf
LHHHLLH-HH,1,6906332399656158149,host_extinction,11,0,state-001-001-0000000.gz,0,TE-Interaction-Experiments/LHHHLLH-HH/provenance-001-001.json,ee6a78f884798442b70624bf215292b2aadfdf8d
LHHHLLH-HH,2,11959681056952121383,host_extinction,11,0,state-002-001-0000000.gz,0,TE-Interaction-Experiments/LHHHLLH-HH/provenance-002-001.json,ee6a78f884798442b70624bf215292b2aadfdf8d
LHHHLLH-HH,3,15142337998010815626,te_extinction,926,296,state-003-001-0000900.gz,900,TE-Interaction-Experiments/LHHHLLH-HH/provenance-003-001.json,ee6a78f884798442b70624bf215292b2aadfdf8d
LHHHLLH-HL,1,17028525104985382875,host_extinction,10,0,state-001-001-0000000.gz,0,TE-Interaction-Experiments/LHHHLLH-HL/provenance-001-001.json,ee6a78f884798442b70624bf215292b2aadfdf8d
LHHHLLH-HL,2,14688281821209074781,host_extinction,7,0,state-002-001-0000000.gz,0,TE-Interaction-Experiments/LHHHLLH-HL/provenance-002-001.json,ee6a78f884798442b70624bf215292b2aadfdf8d
LHHHLLH-HL,3,10582175368740507227,host_extinction,8,0,state-003-001-0000000.gz,0,TE-Interaction-Experiments/LHHHLLH-HL/provenance-003-001.json,ee6a78f884798442b70624bf215292b2aadfdf8d
LHHHLLH-LH,1,9925703248427040679,host_extinction,9,0,state-001-001-0000000.gz,0,TE-Interaction-Experiments/LHHHLLH-LH/provenance-001-001.json,ee6a78f884798442b70624bf215292b2aadfdf8d
LHHHLLH-LH,2,12922297597996346499,host_extinction,8,0,state-002-001-0000000.gz,0,TE-Interaction-Experiments/LHHHLLH-LH/provenance-002-001.json,ee6a78f884798442b70624bf215292b2aadfdf8d
LHHHLLH-LH,3,7677475358579251719,maximum_generations,1500,293,state-003-001-0001500.gz,1500,TE-Interaction-Experiments/LHHHLLH-LH/provenance-003-001.json,ee6a78f884798442b70624bf215292b2aadfdf8d
LHHHLLH-LL,1,8005126788907229295,host_extinction,9,0,state-001-001-0000000.gz,0,TE-Interaction-Experiments/LHHHLLH-LL/provenance-001-001.json,ee6a78f884798442b70624bf215292b2aadfdf8d
LHHHLLH-LL,2,954130700173011639,host_extinction,8,0,state-002-001-0000000.gz,0,TE-Interaction-Experiments/LHHHLLH-LL/provenance-002-001.json,ee6a78f884798442b70624bf215292b2aadfdf8d
LHHHLLH-LL,3,16056831965390638325,host_extinction,10,0,state-003-001-0000000.gz,0,TE-Interaction-Experiments/LHHHLLH-LL/provenance-003-001.json,ee6a78f884798442b70624bf215292b2aadfdf8d
LHHHLLH-Z,1,16479553618173241067,te_extinction,8,18,state-001-001-0000000.gz,0,TE-Interaction-Experiments/LHHHLLH-Z/provenance-001-001.json,023a8f88fe52b0b77d91cc3ef72caf45cabbbecf
LHHHLLH-Z,2,9354149642228634699,host_extinction,7,0,state-002-001-0000000.gz,0,TE-Interaction-Experiments/LHHHLLH-Z/provenance-002-001.json,023a8f88fe52b0b77d91cc3ef72caf45cabbbecf
LHHHLLH-Z,3,10804246874793869648,host_extinction,8,0,state-003-001-0000000.gz,0,TE-Interaction-Experiments/LHHHLLH-Z/provenance-003-001.json,023a8f88fe52b0b77d91cc3ef72caf45cabbbecf
LHHHLLL-HH,1,8283430694424619893,host_extinction,8,0,state-001-001-0000000.gz,0,TE-Interaction-Experiments/LHHHLLL-HH/provenance-001-001.json,ee6a78f884798442b70624bf215292b2aadfdf8d
LHHHLLL-HH,2,18201025583508965385,host_extinction,7,0,state-002-001-0000000.gz,0,TE-Interaction-Experiments/LHHHLLL-HH/provenance-002-001.json,ee6a78f884798442b70624bf215292b2aadfdf8d
LHHHLLL-HH,3,15279120999788389903,host_extinction,8,0,state-003-001-0000000.gz,0,TE-Interaction-Experiments/LHHHLLL-HH/provenance-003-001.json,ee6a78f884798442b70624bf215292b2aadfdf8d
LHHHLLL-HL,1,7710837235146342110,host_extinction,6,0,state-001-001-0000000.gz,0,TE-Interaction-Experiments/LHHHLLL-HL/provenance-001-001.json,ee6a78f884798442b70624bf215292b2aadfdf8d
LHHHLLL-HL,2,7990313562909269444,host_extinction,7,0,state-002-001-0000000.gz,0,TE-Interaction-Experiments/LHHHLLL-HL/provenance-002-001.json,ee6a78f884798442b70624bf215292b2aadfdf8d
LHHHLLL-HL,3,525876282761799643,host_extinction,7,0,state-003-001-0000000.gz,0,TE-Interaction-Experiments/LHHHLLL-HL/provenance-003-001.json,ee6a78f884798442b70624bf215292b2aadfdf8d
LHHHLLL-LH,1,5403124456076136998,host_extinction,6,0,state-001-001-0000000.gz,0,TE-Interaction-Experiments/LHHHLLL-LH/provenance-001-001.json,ee6a78f884798442b70624bf215292b2aadfdf8d
LHHHLLL-LH,2,15017299873396786585,host_extinction,6,0,state-002-001-0000000.gz,0,TE-Interaction-Experiments/LHHHLLL-LH/provenance-002-001.json,ee6a78f884798442b70624bf215292b2aadfdf8d
LHHHLLL-LH,3,4750499291247887867,host_extinction,8,0,state-003-001-0000000.gz,0,TE-Interaction-Experiments/LHHHLLL-LH/provenance-003-001.json,ee6a78f884798442b70624bf215292b2aadfdf8d
LHHHLLL-LL,1,10982990947307279222,host_extinction,6,0,state-001-001-0000000.gz,0,TE-Interaction-Experiments/LHHHLLL-LL/provenance-001-001.json,ee6a78f884798442b70624bf215292b2aadfdf8d
LHHHLLL-LL,2,13862087027732559346,host_extinction,7,0,state-002-001-0000000.gz,0,TE-Interaction-Experiments/LHHHLLL-LL/provenance-002-001.json,ee6a78f884798442b70624bf215292b2aadfdf8d
LHHHLLL-LL,3,6642075798785413222,host_extinction,7,0,state-003-001-0000000.gz,0,TE-Interaction-Experiments/LHHHLLL-LL/provenance-003-001.json,ee6a78f884798442b70624bf215292b2aadfdf8d
LHHHLLL-Z,1,12421266072121232658,host_extinction,8,0,state-001-001-0000000.gz,0,TE-Interaction-Experiments/LHHHLLL-Z/provenance-001-001.json,023a8f88fe52b0b77d91cc3ef72caf45cabbbecf
LHHHLLL-Z,2,18076838264473234756,host_extinction,6,0,state-002-001-0000000.gz,0,TE-Interaction-Experiments/LHHHLLL-Z/provenance-002-001.json,023a8f88fe52b0b77d91cc3ef72caf45cabbbecf
LHHHLLL-Z,3,4861745662063271269,host_extinction,7,0,state-003-001-0000000.gz,0,TE-Interaction-Experiments/LHHHLLL-Z/provenance-003-001.json,023a8f88fe52b0b77d91cc3ef72caf45cabbbecf
LHHLHHH-HH,1,205270224066154818,checkpointed,1154,303,state-001-002-0001154.gz,1154,TE-Interaction-Experiments/LHHLHHH-HH/provenance-001-002.json,6d7e1d3095ad5913aa6640d26f7b0a69d284dacb
LHHLHHH-HH,2,15533074427530738261,checkpointed,1377,295,state-002-002-0001377.gz,1377,TE-Interaction-Experiments/LHHLHHH-HH/provenance-002-002.json,6d7e1d3095ad5913aa6640d26f7b0a69d284dacb
LHHLHHH-HH,3,9365837636375283029,checkpointed,1363,297,state-003-002-0001363.gz,1363,TE-Interaction-Experiments/LHHLHHH-HH/provenance-003-002.json,6d7e1d3095ad5913aa6640d26f7b0a69d284dacb
LHHLHHH-HL,1,14729014654475657019,checkpointed,1205,308,state-001-002-0001205.gz,1205,TE-Interaction-Experiments/LHHLHHH-HL/provenance-001-002.json,6d7e1d3095ad5913aa6640d26f7b0a69d284dacb
LHHLHHH-HL,2,14358021410490703375,checkpointed,1228,283,state-002-002-0001228.gz,1228,TE-Interaction-Experiments/LHHLHHH-HL/provenance-002-002.json,6d7e1d3095ad5913aa6640d26f7b0a69d284dacb
LHHLHHH-HL,3,8330729480388092275,checkpointed,1213,308,state-003-002-0001213.gz,1213,TE-Interaction-Experiments/LHHLHHH-HL/provenance-003-002.json,6d7e1d3095ad5913aa6640d26f7b0a69d284dacb
LHHLHHH-LH,1,12804534676923583389,checkpointed,723,269,state-001-002-0000723.gz,723,TE-Interaction-Experiments/LHHLHHH-LH/provenance-001-002.json,6d7e1d3095ad5913aa6640d26f7b0a69d284dacb
LHHLHHH-LH,2,2807044939768160355,maximum_generations,1500,305,state-002-001-0001500.gz,1500,TE-Interaction-Experiments/LHHLHHH-LH/provenance-002-001.json,ee6a78f884798442b70624bf215292b2aadfdf8d
LHHLHHH-LH,3,6305396955115482329,checkpointed,751,298,state-003-002-0000751.gz,751,TE-Interaction-Experiments/LHHLHHH-LH/provenance-003-002.json,6d7e1d3095ad5913aa6640d26f7b0a69d284dacb
LHHLHHH-LL,1,16897532188885628193,checkpointed,762,309,state-001-002-0000762.gz,762,TE-Interaction-Experiments/LHHLHHH-LL/provenance-001-002.json,6d7e1d3095ad5913aa6640d26f7b0a69d284dacb
LHHLHHH-LL,2,9831820493181492386,maximum_generations,1500,297,state-002-001-0001500.gz,1500,TE-Interaction-Experiments/LHHLHHH-LL/provenance-002-001.json,ee6a78f884798442b70624bf215292b2aadfdf8d
LHHLHHH-LL,3,10473435002424732716,checkpointed,748,294,state-003-002-0000748.gz,748,TE-Interaction-Experiments/LHHLHHH-LL/provenance-003-002.json,6d7e1d3095ad5913aa6640d26f7b0a69d284dacb
LHHLHHH-Z,1,10336307910069363377,running,,,state-001-004-0000019.gz,19,TE-Interaction-Experiments/LHHLHHH-Z/provenance-001-004.json,30dfefc808a1eac43e49401fdcce00260d5eafac
LHHLHHH-Z,2,14819741988603149243,host_extinction,15,0,state-002-001-0000000.gz,0,TE-Interaction-Experiments/LHHLHHH-Z/provenance-002-001.json,023a8f88fe52b0b77d91cc3ef72caf45cabbbecf
LHHLHHH-Z,3,12267353393438547091,host_extinction,14,0,state-003-001-0000000.gz,0,TE-Interaction-Experiments/LHHLHHH-Z/provenance-003-001.json,023a8f88fe52b0b77d91cc3ef72caf45cabbbecf
LHHLHHL-HH,1,6867268018765925271,maximum_generations,1500,31,state-001-002-0001500.gz,1500,TE-Interaction-Experiments/LHHLHHL-HH/provenance-001-002.json,6d7e1d3095ad5913aa6640d26f7b0a69d284dacb
LHHLHHL-HH,2,18148083392599240,maximum_generations,1500,24,state-002-002-0001500.gz,1500,TE-Interaction-Experiments/LHHLHHL-HH/provenance-002-002.json,6d7e1d3095ad5913aa6640d26f7b0a69d284dacb
LHHLHHL-HH,3,9427521482877435296,maximum_generations,1500,26,state-003-002-0001500.gz,1500,TE-Interaction-Experiments/LHHLHHL-HH/provenance-003-002.json,6d7e1d3095ad5913aa6640d26f7b0a69d284dacb
LHHLHHL-HL,1,12482913676590189335,maximum_generations,1500,26,state-001-002-0001500.gz,1500,TE-Interaction-Experiments/LHHLHHL-HL/provenance-001-002.json,6d7e1d3095ad5913aa6640d26f7b0a69d284dacb
LHHLHHL-HL,2,8110180321389552806,maximum_generations,1500,23,state-002-002-0001500.gz,1500,TE-Interaction-Experiments/LHHLHHL-HL/provenance-002-002.json,6d7e1d3095ad5913aa6640d26f7b0a69d284dacb
LHHLHHL-HL,3,4034356242923039396,maximum_generations,1500,31,state-003-002-0001500.gz,1500,TE-Interaction-Experiments/LHHLHHL-HL/provenance-003-002.json,6d7e1d3095ad5913aa6640d26f7b0a69d284dacb
LHHLHHL-LH,1,4126888908037639698,host_extinction,24,0,state-001-001-0000000.gz,0,TE-Interaction-Experiments/LHHLHHL-LH/provenance-001-001.json,ee6a78f884798442b70624bf215292b2aadfdf8d
LHHLHHL-LH,2,6044186468449665768,maximum_generations,1500,34,state-002-002-0001500.gz,1500,TE-Interaction-Experiments/LHHLHHL-LH/provenance-002-002.json,6d7e1d3095ad5913aa6640d26f7b0a69d284dacb
LHHLHHL-LH,3,16720810817617134771,maximum_generations,1500,34,state-003-002-0001500.gz,1500,TE-Interaction-Experiments/LHHLHHL-LH/provenance-003-002.json,6d7e1d3095ad5913aa6640d26f7b0a69d284dacb
LHHLHHL-LL,1,1361781770602033803,maximum_generations,1500,24,state-001-002-0001500.gz,1500,TE-Interaction-Experiments/LHHLHHL-LL/provenance-001-002.json,6d7e1d3095ad5913aa6640d26f7b0a69d284dacb
LHHLHHL-LL,2,9177266723677184290,maximum_generations,1500,25,state-002-002-0001500.gz,1500,TE-Interaction-Experiments/LHHLHHL-LL/provenance-002-002.json,6d7e1d3095ad5913aa6640d26f7b0a69d284dacb
LHHLHHL-LL,3,18195362415292758417,host_extinction,18,0,state-003-001-0000000.gz,0,TE-Interaction-Experiments/LHHLHHL-LL/provenance-003-001.json,ee6a78f884798442b70624bf215292b2aadfdf8d
LHHLHHL-Z,1,6237916652834654809,host_extinction,13,0,state-001-001-0000000.gz,0,TE-Interaction-Experiments/LHHLHHL-Z/provenance-001-001.json,f9d0537629a4cacb6ed147d796121c399c460656
LHHLHHL-Z,2,3202649282948522442,host_extinction,20,0,state-002-001-0000000.gz,0,TE-Interaction-Experiments/LHHLHHL-Z/provenance-002-001.json,023a8f88fe52b0b77d91cc3ef72caf45cabbbecf
LHHLHHL-Z,3,523461397876979528,running,,,state-003-002-0000000.gz,0,TE-Interaction-Experiments/LHHLHHL-Z/provenance-003-002.json,30dfefc808a1eac43e49401fdcce00260d5eafac
LHHLHLH-HH,1,11275764567251422025,checkpointed,1389,299,state-001-002-0001389.gz,1389,TE-Interaction-Experiments/LHHLHLH-HH/provenance-001-002.json,6d7e1d3095ad5913aa6640d26f7b0a69d284dacb
LHHLHLH-HH,2,14268861945649448721,checkpointed,1428,323,state-002-002-0001428.gz,1428,TE-Interaction-Experiments/LHHLHLH-HH/provenance-002-002.json,6d7e1d3095ad5913aa6640d26f7b0a69d284dacb
LHHLHLH-HH,3,10897724212832553106,checkpointed,1410,315,state-003-002-0001410.gz,1410,TE-Interaction-Experiments/LHHLHLH-HH/provenance-003-002.json,6d7e1d3095ad5913aa6640d26f7b0a69d284dacb
LHHLHLH-HL,1,17121594356731218309,maximum_generations,1500,312,state-001-002-0001500.gz,1500,TE-Interaction-Experiments/LHHLHLH-HL/provenance-001-002.json,6d7e1d3095ad5913aa6640d26f7b0a69d284dacb
LHHLHLH-HL,2,6985789467637170660,checkpointed,1333,294,state-002-002-0001333.gz,1333,TE-Interaction-Experiments/LHHLHLH-HL/provenance-002-002.json,6d7e1d3095ad5913aa6640d26f7b0a69d284dacb
LHHLHLH-HL,3,4248032988504502259,maximum_generations,1500,297,state-003-002-0001500.gz,1500,TE-Interaction-Experiments/LHHLHLH-HL/provenance-003-002.json,6d7e1d3095ad5913aa6640d26f7b0a69d284dacb
LHHLHLH-LH,1,2089027081944390473,checkpointed,806,284,state-001-002-0000806.gz,806,TE-Interaction-Experiments/LHHLHLH-LH/provenance-001-002.json,6d7e1d3095ad5913aa6640d26f7b0a69d284dacb
LHHLHLH-LH,2,11821503965379253235,checkpointed,708,307,state-002-002-0000708.gz,708,TE-Interaction-Experiments/LHHLHLH-LH/provenance-002-002.json,6d7e1d3095ad5913aa6640d26f7b0a69d284dacb
LHHLHLH-LH,3,13532557858086262850,checkpointed,755,298,state-003-002-0000755.gz,755,TE-Interaction-Experiments/LHHLHLH-LH/provenance-003-002.json,6d7e1d3095ad5913aa6640d26f7b0a69d284dacb
LHHLHLH-LL,1,6314640015381002688,checkpointed,837,298,state-001-002-0000837.gz,837,TE-Interaction-Experiments/LHHLHLH-LL/provenance-001-002.json,6d7e1d3095ad5913aa6640d26f7b0a69d284dacb
LHHLHLH-LL,2,11252695830898100861,checkpointed,772,307,state-002-002-0000772.gz,772,TE-Interaction-Experiments/LHHLHLH-LL/provenance-002-002.json,6d7e1d3095ad5913aa6640d26f7b0a69d284dacb
LHHLHLH-LL,3,13195498643750961937,maximum_generations,1500,293,state-003-001-0001500.gz,1500,TE-Interaction-Experiments/LHHLHLH-LL/provenance-003-001.json,ee6a78f884798442b70624bf215292b2aadfdf8d
LHHLHLH-Z,1,7992451540594239553,running,,,state-001-002-0000024.gz,24,TE-Interaction-Experiments/LHHLHLH-Z/provenance-001-002.json,30dfefc808a1eac43e49401fdcce00260d5eafac
LHHLHLH-Z,2,4442992160710806587,host_extinction,15,0,state-002-001-0000000.gz,0,TE-Interaction-Experiments/LHHLHLH-Z/provenance-002-001.json,023a8f88fe52b0b77d91cc3ef72caf45cabbbecf
LHHLHLH-Z,3,16075539041532374995,host_extinction,15,0,state-003-001-0000000.gz,0,TE-Interaction-Experiments/LHHLHLH-Z/provenance-003-001.json,023a8f88fe52b0b77d91cc3ef72caf45cabbbecf
LHHLHLL-HH,1,2569199874378527354,maximum_generations,1500,25,state-001-002-0001500.gz,1500,TE-Interaction-Experiments/LHHLHLL-HH/provenance-001-002.json,6d7e1d3095ad5913aa6640d26f7b0a69d284dacb
LHHLHLL-HH,2,6792004599452494509,maximum_generations,1500,34,state-002-002-0001500.gz,1500,TE-Interaction-Experiments/LHHLHLL-HH/provenance-002-002.json,6d7e1d3095ad5913aa6640d26f7b0a69d284dacb
LHHLHLL-HH,3,2336002685566029070,maximum_generations,1500,33,state-003-002-0001500.gz,1500,TE-Interaction-Experiments/LHHLHLL-HH/provenance-003-002.json,6d7e1d3095ad5913aa6640d26f7b0a69d284dacb
LHHLHLL-HL,1,13645564569555092522,maximum_generations,1500,36,state-001-002-0001500.gz,1500,TE-Interaction-Experiments/LHHLHLL-HL/provenance-001-002.json,6d7e1d3095ad5913aa6640d26f7b0a69d284dacb
LHHLHLL-HL,2,14094074465544686905,maximum_generations,1500,33,state-002-002-0001500.gz,1500,TE-Interaction-Experiments/LHHLHLL-HL/provenance-002-002.json,6d7e1d3095ad5913aa6640d26f7b0a69d284dacb
LHHLHLL-HL,3,6054062407785827596,maximum_generations,1500,31,state-003-002-0001500.gz,1500,TE-Interaction-Experiments/LHHLHLL-HL/provenance-003-002.json,6d7e1d3095ad5913aa6640d26f7b0a69d284dacb
LHHLHLL-LH,1,9813350182237112853,maximum_generations,1500,27,state-001-002-0001500.gz,1500,TE-Interaction-Experiments/LHHLHLL-LH/provenance-001-002.json,6d7e1d3095ad5913aa6640d26f7b0a69d284dacb
LHHLHLL-LH,2,15579860786008654469,maximum_generations,1500,31,state-002-002-0001500.gz,1500,TE-Interaction-Experiments/LHHLHLL-LH/provenance-002-002.json,6d7e1d3095ad5913aa6640d26f7b0a69d284dacb
LHHLHLL-LH,3,14601862364572286792,maximum_generations,1500,30,state-003-002-0001500.gz,1500,TE-Interaction-Experiments/LHHLHLL-LH/provenance-003-002.json,6d7e1d3095ad5913aa6640d26f7b0a69d284dacb
LHHLHLL-LL,1,11085760741367695544,host_extinction,18,0,state-001-001-0000000.gz,0,TE-Interaction-Experiments/LHHLHLL-LL/provenance-001-001.json,ee6a78f884798442b70624bf215292b2aadfdf8d
LHHLHLL-LL,2,15307488822536748482,maximum_generations,1500,34,state-002-002-0001500.gz,1500,TE-Interaction-Experiments/LHHLHLL-LL/provenance-002-002.json,6d7e1d3095ad5913aa6640d26f7b0a69d284dacb
LHHLHLL-LL,3,3292136404092251895,maximum_generations,1500,30,state-003-002-0001500.gz,1500,TE-Interaction-Experiments/LHHLHLL-LL/provenance-003-002.json,6d7e1d3095ad5913aa6640d26f7b0a69d284dacb
LHHLHLL-Z,1,2584408088629922372,host_extinction,15,0,state-001-001-0000000.gz,0,TE-Interaction-Experiments/LHHLHLL-Z/provenance-001-001.json,023a8f88fe52b0b77d91cc3ef72caf45cabbbecf
LHHLHLL-Z,2,15714476127186349316,host_extinction,12,0,state-002-001-0000000.gz,0,TE-Interaction-Experiments/LHHLHLL-Z/provenance-002-001.json,023a8f88fe52b0b77d91cc3ef72caf45cabbbecf
LHHLHLL-Z,3,11897688906541782506,host_extinction,12,0,state-003-001-0000000.gz,0,TE-Interaction-Experiments/LHHLHLL-Z/provenance-003-001.json,023a8f88fe52b0b77d91cc3ef72caf45cabbbecf
LHHLLHH-HH,1,1106908442793341614,maximum_generations,1500,300,state-001-001-0001500.gz,1500,TE-Interaction-Experiments/LHHLLHH-HH/provenance-001-001.json,ee6a78f884798442b70624bf215292b2aadfdf8d
LHHLLHH-HH,2,17727151301699445853,maximum_generations,1500,292,state-002-002-0001500.gz,1500,TE-Interaction-Experiments/LHHLLHH-HH/provenance-002-002.json,6d7e1d3095ad5913aa6640d26f7b0a69d284dacb
LHHLLHH-HH,3,16438244308761205099,host_extinction,29,0,state-003-001-0000000.gz,0,TE-Interaction-Experiments/LHHLLHH-HH/provenance-003-001.json,ee6a78f884798442b70624bf215292b2aadfdf8d
LHHLLHH-HL,1,8058860773688780671,maximum_generations,1500,315,state-001-002-0001500.gz,1500,TE-Interaction-Experiments/LHHLLHH-HL/provenance-001-002.json,6d7e1d3095ad5913aa6640d26f7b0a69d284dacb
LHHLLHH-HL,2,14255300953944406657,te_extinction,564,292,state-002-001-0000550.gz,550,TE-Interaction-Experiments/LHHLLHH-HL/provenance-002-001.json,ee6a78f884798442b70624bf215292b2aadfdf8d
LHHLLHH-HL,3,4097939407211488630,te_extinction,453,278,state-003-001-0000450.gz,450,TE-Interaction-Experiments/LHHLLHH-HL/provenance-003-001.json,ee6a78f884798442b70624bf215292b2aadfdf8d
LHHLLHH-LH,1,8083227377893535997,host_extinction,12,0,state-001-001-0000000.gz,0,TE-Interaction-Experiments/LHHLLHH-LH/provenance-001-001.json,ee6a78f884798442b70624bf215292b2aadfdf8d
LHHLLHH-LH,2,977314836578690695,host_extinction,13,0,state-002-001-0000000.gz,0,TE-Interaction-Experiments/LHHLLHH-LH/provenance-002-001.json,ee6a78f884798442b70624bf215292b2aadfdf8d
LHHLLHH-LH,3,13662223863650470009,host_extinction,12,0,state-003-001-0000000.gz,0,TE-Interaction-Experiments/LHHLLHH-LH/provenance-003-001.json,ee6a78f884798442b70624bf215292b2aadfdf8d
LHHLLHH-LL,1,9948982040194554041,host_extinction,10,0,state-001-001-0000000.gz,0,TE-Interaction-Experiments/LHHLLHH-LL/provenance-001-001.json,ee6a78f884798442b70624bf215292b2aadfdf8d
LHHLLHH-LL,2,1704360268156005451,host_extinction,10,0,state-002-001-0000000.gz,0,TE-Interaction-Experiments/LHHLLHH-LL/provenance-002-001.json,ee6a78f884798442b70624bf215292b2aadfdf8d
LHHLLHH-LL,3,10413631127938132890,host_extinction,12,0,state-003-001-0000000.gz,0,TE-Interaction-Experiments/LHHLLHH-LL/provenance-003-001.json,ee6a78f884798442b70624bf215292b2aadfdf8d
LHHLLHH-Z,1,6237327276537499935,host_extinction,11,0,state-001-001-0000000.gz,0,TE-Interaction-Experiments/LHHLLHH-Z/provenance-001-001.json,f9d0537629a4cacb6ed147d796121c399c460656
LHHLLHH-Z,2,9545147254677140448,host_extinction,16,0,state-002-001-0000000.gz,0,TE-Interaction-Experiments/LHHLLHH-Z/provenance-002-001.json,023a8f88fe52b0b77d91cc3ef72caf45cabbbecf
LHHLLHH-Z,3,4996829821151954903,te_extinction,12,299,state-003-001-0000000.gz,0,TE-Interaction-Experiments/LHHLLHH-Z/provenance-003-001.json,023a8f88fe52b0b77d91cc3ef72caf45cabbbecf
LHHLLHL-HH,1,5411284826530903942,host_extinction,20,0,state-001-001-0000000.gz,0,TE-Interaction-Experiments/LHHLLHL-HH/provenance-001-001.json,ee6a78f884798442b70624bf215292b2aadfdf8d
LHHLLHL-HH,2,12857199547893469997,host_extinction,14,0,state-002-001-0000000.gz,0,TE-Interaction-Experiments/LHHLLHL-HH/provenance-002-001.json,ee6a78f884798442b70624bf215292b2aadfdf8d
LHHLLHL-HH,3,1368710105783531522,host_extinction,15,0,state-003-001-0000000.gz,0,TE-Interaction-Experiments/LHHLLHL-HH/provenance-003-001.json,ee6a78f884798442b70624bf215292b2aadfdf8d
LHHLLHL-HL,1,16764086091602242900,host_extinction,14,0,state-001-001-0000000.gz,0,TE-Interaction-Experiments/LHHLLHL-HL/provenance-001-001.json,ee6a78f884798442b70624bf215292b2aadfdf8d
LHHLLHL-HL,2,12992794088358363589,host_extinction,8,0,state-002-001-0000000.gz,0,TE-Interaction-Experiments/LHHLLHL-HL/provenance-002-001.json,ee6a78f884798442b70624bf215292b2aadfdf8d
LHHLLHL-HL,3,14978283908219176784,host_extinction,10,0,state-003-001-0000000.gz,0,TE-Interaction-Experiments/LHHLLHL-HL/provenance-003-001.json,ee6a78f884798442b70624bf215292b2aadfdf8d
LHHLLHL-LH,1,17591601602792703964,host_extinction,10,0,state-001-001-0000000.gz,0,TE-Interaction-Experiments/LHHLLHL-LH/provenance-001-001.json,ee6a78f884798442b70624bf215292b2aadfdf8d
LHHLLHL-LH,2,3647189382309600133,host_extinction,10,0,state-002-001-0000000.gz,0,TE-Interaction-Experiments/LHHLLHL-LH/provenance-002-001.json,ee6a78f884798442b70624bf215292b2aadfdf8d
LHHLLHL-LH,3,862699283752518473,host_extinction,10,0,state-003-001-0000000.gz,0,TE-Interaction-Experiments/LHHLLHL-LH/provenance-003-001.json,ee6a78f884798442b70624bf215292b2aadfdf8d
LHHLLHL-LL,1,14394968906921137865,host_extinction,10,0,state-001-001-0000000.gz,0,TE-Interaction-Experiments/LHHLLHL-LL/provenance-001-001.json,ee6a78f884798442b70624bf215292b2aadfdf8d
LHHLLHL-LL,2,16043529606965302746,host_extinction,10,0,state-002-001-0000000.gz,0,TE-Interaction-Experiments/LHHLLHL-LL/provenance-002-001.json,ee6a78f884798442b70624bf215292b2aadfdf8d
LHHLLHL-LL,3,6874829310267321478,host_extinction,10,0,state-003-001-0000000.gz,0,TE-Interaction-Experiments/LHHLLHL-LL/provenance-003-001.json,ee6a78f884798442b70624bf215292b2aadfdf8d
LHHLLHL-Z,1,16412056212644687190,host_extinction,9,0,state-001-001-0000000.gz,0,TE-Interaction-Experiments/LHHLLHL-Z/provenance-001-001.json,023a8f88fe52b0b77d91cc3ef72caf45cabbbecf
LHHLLHL-Z,2,2215896929943054774,host_extinction,10,0,state-002-001-0000000.gz,0,TE-Interaction-Experiments/LHHLLHL-Z/provenance-002-001.json,023a8f88fe52b0b77d91cc3ef72caf45cabbbecf
LHHLLHL-Z,3,12254629409748432586,host_extinction,11,0,state-003-001-0000000.gz,0,TE-Interaction-Experiments/LHHLLHL-Z/provenance-003-001.json,023a8f88fe52b0b77d91cc3ef72caf45cabbbecf
LHHLLLH-HH,1,12643016237935198569,maximum_generations,1500,307,state-001-001-0001500.gz,1500,TE-Interaction-Experiments/LHHLLLH-HH/provenance-001-001.json,ee6a78f884798442b70624bf215292b2aadfdf8d
LHHLLLH-HH,2,17571665563623767434,maximum_generations,1500,299,state-002-001-0001500.gz,1500,TE-Interaction-Experiments/LHHLLLH-HH/provenance-002-001.json,ee6a78f884798442b70624bf215292b2aadfdf8d
LHHLLLH-HH,3,5654008826315488112,maximum_generations,1500,296,state-003-001-0001500.gz,1500,TE-Interaction-Experiments/LHHLLLH-HH/provenance-003-001.json,ee6a78f884798442b70624bf215292b2aadfdf8d
LHHLLLH-HL,1,3095725242441799456,host_extinction,14,0,state-001-001-0000000.gz,0,TE-Interaction-Experiments/LHHLLLH-HL/provenance-001-001.json,ee6a78f884798442b70624bf215292b2aadfdf8d
LHHLLLH-HL,2,15525342708119089276,host_extinction,22,0,state-002-001-0000000.gz,0,TE-Interaction-Experiments/LHHLLLH-HL/provenance-002-001.json,ee6a78f884798442b70624bf215292b2aadfdf8d
LHHLLLH-HL,3,15821781337571247992,host_extinction,17,0,state-003-001-0000000.gz,0,TE-Interaction-Experiments/LHHLLLH-HL/provenance-003-001.json,ee6a78f884798442b70624bf215292b2aadfdf8d
LHHLLLH-LH,1,1940031765785196056,maximum_generations,1500,297,state-001-001-0001500.gz,1500,TE-Interaction-Experiments/LHHLLLH-LH/provenance-001-001.json,ee6a78f884798442b70624bf215292b2aadfdf8d
LHHLLLH-LH,2,4841160243379148134,host_extinction,11,0,state-002-001-0000000.gz,0,TE-Interaction-Experiments/LHHLLLH-LH/provenance-002-001.json,ee6a78f884798442b70624bf215292b2aadfdf8d
LHHLLLH-LH,3,1898434217204756868,host_extinction,13,0,state-003-001-0000000.gz,0,TE-Interaction-Experiments/LHHLLLH-LH/provenance-003-001.json,ee6a78f884798442b70624bf215292b2aadfdf8d
LHHLLLH-LL,1,13799085949955229815,host_extinction,11,0,state-001-001-0000000.gz,0,TE-Interaction-Experiments/LHHLLLH-LL/provenance-001-001.json,ee6a78f884798442b70624bf215292b2aadfdf8d
LHHLLLH-LL,2,5008643636523364409,host_extinction,11,0,state-002-001-0000000.gz,0,TE-Interaction-Experiments/LHHLLLH-LL/provenance-002-001.json,ee6a78f884798442b70624bf215292b2aadfdf8d
LHHLLLH-LL,3,13569325940659938837,host_extinction,11,0,state-003-001-0000000.gz,0,TE-Interaction-Experiments/LHHLLLH-LL/provenance-003-001.json,ee6a78f884798442b70624bf215292b2aadfdf8d
LHHLLLH-Z,1,14169196933661982252,host_extinction,13,0,state-001-001-0000000.gz,0,TE-Interaction-Experiments/LHHLLLH-Z/provenance-001-001.json,023a8f88fe52b0b77d91cc3ef72caf45cabbbecf
LHHLLLH-Z,2,9703343683852743649,host_extinction,11,0,state-002-001-0000000.gz,0,TE-Interaction-Experiments/LHHLLLH-Z/provenance-002-001.json,023a8f88fe52b0b77d91cc3ef72caf45cabbbecf
LHHLLLH-Z,3,4611067988299806473,host_extinction,16,0,state-003-001-0000000.gz,0,TE-Interaction-Experiments/LHHLLLH-Z/provenance-003-001.json,023a8f88fe52b0b77d91cc3ef72caf45cabbbecf
LHHLLLL-HH,1,2136146939268898333,maximum_generations,1500,28,state-001-001-0001500.gz,1500,TE-Interaction-Experiments/LHHLLLL-HH/provenance-001-001.json,ee6a78f884798442b70624bf215292b2aadfdf8d
LHHLLLL-HH,2,11013794105035181239,maximum_generations,1500,36,state-002-001-0001500.gz,1500,TE-Interaction-Experiments/LHHLLLL-HH/provenance-002-001.json,ee6a78f884798442b70624bf215292b2aadfdf8d
LHHLLLL-HH,3,10666532321442258572,host_extinction,12,0,state-003-001-0000000.gz,0,TE-Interaction-Experiments/LHHLLLL-HH/provenance-003-001.json,ee6a78f884798442b70624bf215292b2aadfdf8d
LHHLLLL-HL,1,4356084056948967190,host_extinction,12,0,state-001-001-0000000.gz,0,TE-Interaction-Experiments/LHHLLLL-HL/provenance-001-001.json,ee6a78f884798442b70624bf215292b2aadfdf8d
LHHLLLL-HL,2,2360949056615646395,host_extinction,12,0,state-002-001-0000000.gz,0,TE-Interaction-Experiments/LHHLLLL-HL/provenance-002-001.json,ee6a78f884798442b70624bf215292b2aadfdf8d
LHHLLLL-HL,3,713974276510780564,host_extinction,9,0,state-003-001-0000000.gz,0,TE-Interaction-Experiments/LHHLLLL-HL/provenance-003-001.json,ee6a78f884798442b70624bf215292b2aadfdf8d
LHHLLLL-LH,1,16136387496704098012,host_extinction,10,0,state-001-001-0000000.gz,0,TE-Interaction-Experiments/LHHLLLL-LH/provenance-001-001.json,ee6a78f884798442b70624bf215292b2aadfdf8d
LHHLLLL-LH,2,6915685044424829035,host_extinction,11,0,state-002-001-0000000.gz,0,TE-Interaction-Experiments/LHHLLLL-LH/provenance-002-001.json,ee6a78f884798442b70624bf215292b2aadfdf8d
LHHLLLL-LH,3,14034001738321162085,host_extinction,10,0,state-003-001-0000000.gz,0,TE-Interaction-Experiments/LHHLLLL-LH/provenance-003-001.json,ee6a78f884798442b70624bf215292b2aadfdf8d
LHHLLLL-LL,1,77061717486525702,host_extinction,8,0,state-001-001-0000000.gz,0,TE-Interaction-Experiments/LHHLLLL-LL/provenance-001-001.json,ee6a78f884798442b70624bf215292b2aadfdf8d
LHHLLLL-LL,2,8726191299889653159,host_extinction,10,0,state-002-001-0000000.gz,0,TE-Interaction-Experiments/LHHLLLL-LL/provenance-002-001.json,ee6a78f884798442b70624bf215292b2aadfdf8d
LHHLLLL-LL,3,16652182431628327585,host_extinction,9,0,state-003-001-0000000.gz,0,TE-Interaction-Experiments/LHHLLLL-LL/provenance-003-001.json,ee6a78f884798442b70624bf215292b2aadfdf8d
LHHLLLL-Z,1,9553323655201095780,host_extinction,11,0,state-001-001-0000000.gz,0,TE-Interaction-Experiments/LHHLLLL-Z/provenance-001-001.json,023a8f88fe52b0b77d91cc3ef72caf45cabbbecf
LHHLLLL-Z,2,17073477781087037815,host_extinction,10,0,state-002-001-0000000.gz,0,TE-Interaction-Experiments/LHHLLLL-Z/provenance-002-001.json,023a8f88fe52b0b77d91cc3ef72caf45cabbbecf
LHHLLLL-Z,3,6690497876316772928,host_extinction,9,0,state-003-001-0000000.gz,0,TE-Interaction-Experiments/LHHLLLL-Z/provenance-003-001.json,023a8f88fe52b0b77d91cc3ef72caf45cabbbecf
LHLHHHH-HH,1,12745257140944061506,host_extinction,15,0,state-001-001-0000000.gz,0,TE-Interaction-Experiments/LHLHHHH-HH/provenance-001-001.json,ee6a78f884798442b70624bf215292b2aadfdf8d
LHLHHHH-HH,2,6262433247699055427,host_extinction,12,0,state-002-001-0000000.gz,0,TE-Interaction-Experiments/LHLHHHH-HH/provenance-002-001.json,ee6a78f884798442b70624bf215292b2aadfdf8d
LHLHHHH-HH,3,8047012095683946555,host_extinction,21,0,state-003-001-0000000.gz,0,TE-Interaction-Experiments/LHLHHHH-HH/provenance-003-001.json,ee6a78f884798442b70624bf215292b2aadfdf8d
LHLHHHH-HL,1,10253678144548966966,host_extinction,10,0,state-001-001-0000000.gz,0,TE-Interaction-Experiments/LHLHHHH-HL/provenance-001-001.json,ee6a78f884798442b70624bf215292b2aadfdf8d
LHLHHHH-HL,2,711877126873088109,host_extinction,10,0,state-002-001-0000000.gz,0,TE-Interaction-Experiments/LHLHHHH-HL/provenance-002-001.json,ee6a78f884798442b70624bf215292b2aadfdf8d
LHLHHHH-HL,3,10276050232712687603,host_extinction,12,0,state-003-001-0000000.gz,0,TE-Interaction-Experiments/LHLHHHH-HL/provenance-003-001.json,ee6a78f884798442b70624bf215292b2aadfdf8d
LHLHHHH-LH,1,14573280212193779995,host_extinction,10,0,state-001-001-0000000.gz,0,TE-Interaction-Experiments/LHLHHHH-LH/provenance-001-001.json,ee6a78f884798442b70624bf215292b2aadfdf8d
LHLHHHH-LH,2,12935429110439720039,maximum_generations,1500,294,state-002-001-0001500.gz,1500,TE-Interaction-Experiments/LHLHHHH-LH/provenance-002-001.json,ee6a78f884798442b70624bf215292b2aadfdf8d
LHLHHHH-LH,3,15518673337024682034,host_extinction,9,0,state-003-001-0000000.gz,0,TE-Interaction-Experiments/LHLHHHH-LH/provenance-003-001.json,ee6a78f884798442b70624bf215292b2aadfdf8d
LHLHHHH-LL,1,6302474734863049137,host_extinction,10,0,state-001-001-0000000.gz,0,TE-Interaction-Experiments/LHLHHHH-LL/provenance-001-001.json,ee6a78f884798442b70624bf215292b2aadfdf8d
LHLHHHH-LL,2,13483602392933792844,host_extinction,10,0,state-002-001-0000000.gz,0,TE-Interaction-Experiments/LHLHHHH-LL/provenance-002-001.json,ee6a78f884798442b70624bf215292b2aadfdf8d
LHLHHHH-LL,3,6550666349481405032,host_extinction,9,0,state-003-001-0000000.gz,0,TE-Interaction-Experiments/LHLHHHH-LL/provenance-003-001.json,ee6a78f884798442b70624bf215292b2aadfdf8d
LHLHHHH-Z,1,13235467436271553458,host_extinction,11,0,state-001-001-0000000.gz,0,TE-Interaction-Experiments/LHLHHHH-Z/provenance-001-001.json,023a8f88fe52b0b77d91cc3ef72caf45cabbbecf
LHLHHHH-Z,2,1104952015698517150,te_extinction,8,33,state-002-001-0000000.gz,0,TE-Interaction-Experiments/LHLHHHH-Z/provenance-002-001.json,023a8f88fe52b0b77d91cc3ef72caf45cabbbecf
LHLHHHH-Z,3,16631775522120049212,te_extinction,9,41,state-003-001-0000000.gz,0,TE-Interaction-Experiments/LHLHHHH-Z/provenance-003-001.json,023a8f88fe52b0b77d91cc3ef72caf45cabbbecf
LHLHHHL-HH,1,11857529924092613012,host_extinction,11,0,state-001-001-0000000.gz,0,TE-Interaction-Experiments/LHLHHHL-HH/provenance-001-001.json,ee6a78f884798442b70624bf215292b2aadfdf8d
LHLHHHL-HH,2,2338560400642410810,host_extinction,13,0,state-002-001-0000000.gz,0,TE-Interaction-Experiments/LHLHHHL-HH/provenance-002-001.json,ee6a78f884798442b70624bf215292b2aadfdf8d
LHLHHHL-HH,3,8552848490195225200,host_extinction,8,0,state-003-001-0000000.gz,0,TE-Interaction-Experiments/LHLHHHL-HH/provenance-003-001.json,ee6a78f884798442b70624bf215292b2aadfdf8d
LHLHHHL-HL,1,1893541883004725533,host_extinction,9,0,state-001-001-0000000.gz,0,TE-Interaction-Experiments/LHLHHHL-HL/provenance-001-001.json,ee6a78f884798442b70624bf215292b2aadfdf8d
LHLHHHL-HL,2,18108448985570904625,host_extinction,8,0,state-002-001-0000000.gz,0,TE-Interaction-Experiments/LHLHHHL-HL/provenance-002-001.json,ee6a78f884798442b70624bf215292b2aadfdf8d
LHLHHHL-HL,3,649313777535141026,host_extinction,8,0,state-003-001-0000000.gz,0,TE-Interaction-Experiments/LHLHHHL-HL/provenance-003-001.json,ee6a78f884798442b70624bf215292b2aadfdf8d
LHLHHHL-LH,1,11056655026387948502,host_extinction,7,0,state-001-001-0000000.gz,0,TE-Interaction-Experiments/LHLHHHL-LH/provenance-001-001.json,ee6a78f884798442b70624bf215292b2aadfdf8d
LHLHHHL-LH,2,15382740755827995600,host_extinction,7,0,state-002-001-0000000.gz,0,TE-Interaction-Experiments/LHLHHHL-LH/provenance-002-001.json,ee6a78f884798442b70624bf215292b2aadfdf8d
LHLHHHL-LH,3,3848554893158808360,host_extinction,8,0,state-003-001-0000000.gz,0,TE-Interaction-Experiments/LHLHHHL-LH/provenance-003-001.json,ee6a78f884798442b70624bf215292b2aadfdf8d
LHLHHHL-LL,1,7994998921708663433,host_extinction,7,0,state-001-001-0000000.gz,0,TE-Interaction-Experiments/LHLHHHL-LL/provenance-001-001.json,ee6a78f884798442b70624bf215292b2aadfdf8d
LHLHHHL-LL,2,7007093011922481469,host_extinction,8,0,state-002-001-0000000.gz,0,TE-Interaction-Experiments/LHLHHHL-LL/provenance-002-001.json,ee6a78f884798442b70624bf215292b2aadfdf8d
LHLHHHL-LL,3,1818683260184293289,host_extinction,7,0,state-003-001-0000000.gz,0,TE-Interaction-Experiments/LHLHHHL-LL/provenance-003-001.json,ee6a78f884798442b70624bf215292b2aadfdf8d
LHLHHHL-Z,1,18146508268676286518,host_extinction,7,0,state-001-001-0000000.gz,0,TE-Interaction-Experiments/LHLHHHL-Z/provenance-001-001.json,023a8f88fe52b0b77d91cc3ef72caf45cabbbecf
LHLHHHL-Z,2,17316092270788069187,host_extinction,6,0,state-002-001-0000000.gz,0,TE-Interaction-Experiments/LHLHHHL-Z/provenance-002-001.json,023a8f88fe52b0b77d91cc3ef72caf45cabbbecf
LHLHHHL-Z,3,11807173631855422025,host_extinction,7,0,state-003-001-0000000.gz,0,TE-Interaction-Experiments/LHLHHHL-Z/provenance-003-001.json,023a8f88fe52b0b77d91cc3ef72caf45cabbbecf
LHLHHLH-HH,1,18081444354422991658,host_extinction,16,0,state-001-001-0000000.gz,0,TE-Interaction-Experiments/LHLHHLH-HH/provenance-001-001.json,ee6a78f884798442b70624bf215292b2aadfdf8d
LHLHHLH-HH,2,18176707499537908945,host_extinction,12,0,state-002-001-0000000.gz,0,TE-Interaction-Experiments/LHLHHLH-HH/provenance-002-001.json,ee6a78f884798442b70624bf215292b2aadfdf8d
LHLHHLH-HH,3,18147939845545536991,host_extinction,11,0,state-003-001-0000000.gz,0,TE-Interaction-Experiments/LHLHHLH-HH/provenance-003-001.json,ee6a78f884798442b70624bf215292b2aadfdf8d
LHLHHLH-HL,1,9245837227693552728,maximum_generations,1500,297,state-001-001-0001500.gz,1500,TE-Interaction-Experiments/LHLHHLH-HL/provenance-001-001.json,ee6a78f884798442b70624bf215292b2aadfdf8d
LHLHHLH-HL,2,16535213550715395607,host_extinction,10,0,state-002-001-0000000.gz,0,TE-Interaction-Experiments/LHLHHLH-HL/provenance-002-001.json,ee6a78f884798442b70624bf215292b2aadfdf8d
LHLHHLH-HL,3,4505087147860246954,host_extinction,9,0,state-003-001-0000000.gz,0,TE-Interaction-Experiments/LHLHHLH-HL/provenance-003-001.json,ee6a78f884798442b70624bf215292b2aadfdf8d
LHLHHLH-LH,1,4786097782408366147,host_extinction,9,0,state-001-001-0000000.gz,0,TE-Interaction-Experiments/LHLHHLH-LH/provenance-001-001.json,ee6a78f884798442b70624bf215292b2aadfdf8d
LHLHHLH-LH,2,10274190068469112071,host_extinction,11,0,state-002-001-0000000.gz,0,TE-Interaction-Experiments/LHLHHLH-LH/provenance-002-001.json,ee6a78f884798442b70624bf215292b2aadfdf8d
LHLHHLH-LH,3,10988128259732475329,host_extinction,12,0,state-003-001-0000000.gz,0,TE-Interaction-Experiments/LHLHHLH-LH/provenance-003-001.json,ee6a78f884798442b70624bf215292b2aadfdf8d
LHLHHLH-LL,1,6140457125857413753,host_extinction,10,0,state-001-001-0000000.gz,0,TE-Interaction-Experiments/LHLHHLH-LL/provenance-001-001.json,ee6a78f884798442b70624bf215292b2aadfdf8d
LHLHHLH-LL,2,18087098631617192579,host_extinction,8,0,state-002-001-0000000.gz,0,TE-Interaction-Experiments/LHLHHLH-LL/provenance-002-001.json,ee6a78f884798442b70624bf215292b2aadfdf8d
LHLHHLH-LL,3,13071691381468108105,host_extinction,11,0,state-003-001-0000000.gz,0,TE-Interaction-Experiments/LHLHHLH-LL/provenance-003-001.json,ee6a78f884798442b70624bf215292b2aadfdf8d
LHLHHLH-Z,1,11732583211488749414,te_extinction,8,100,state-001-001-0000000.gz,0,TE-Interaction-Experiments/LHLHHLH-Z/provenance-001-001.json,023a8f88fe52b0b77d91cc3ef72caf45cabbbecf
LHLHHLH-Z,2,16802370276540714937,host_extinction,8,0,state-002-001-0000000.gz,0,TE-Interaction-Experiments/LHLHHLH-Z/provenance-002-001.json,023a8f88fe52b0b77d91cc3ef72caf45cabbbecf
LHLHHLH-Z,3,6260731270503199202,host_extinction,9,0,state-003-001-0000000.gz,0,TE-Interaction-Experiments/LHLHHLH-Z/provenance-003-001.json,023a8f88fe52b0b77d91cc3ef72caf45cabbbecf
LHLHHLL-HH,1,12974742296510952350,host_extinction,9,0,state-001-001-0000000.gz,0,TE-Interaction-Experiments/LHLHHLL-HH/provenance-001-001.json,ee6a78f884798442b70624bf215292b2aadfdf8d
LHLHHLL-HH,2,12303048292818634351,host_extinction,10,0,state-002-001-0000000.gz,0,TE-Interaction-Experiments/LHLHHLL-HH/provenance-002-001.json,ee6a78f884798442b70624bf215292b2aadfdf8d
LHLHHLL-HH,3,6040615167450727716,host_extinction,12,0,state-003-001-0000000.gz,0,TE-Interaction-Experiments/LHLHHLL-HH/provenance-003-001.json,ee6a78f884798442b70624bf215292b2aadfdf8d
LHLHHLL-HL,1,8115369904141869799,host_extinction,7,0,state-001-001-0000000.gz,0,TE-Interaction-Experiments/LHLHHLL-HL/provenance-001-001.json,ee6a78f884798442b70624bf215292b2aadfdf8d
LHLHHLL-HL,2,6886670466676282616,host_extinction,7,0,state-002-001-0000000.gz,0,TE-Interaction-Experiments/LHLHHLL-HL/provenance-002-001.json,ee6a78f884798442b70624bf215292b2aadfdf8d
LHLHHLL-HL,3,4343745560530963084,host_extinction,8,0,state-003-001-0000000.gz,0,TE-Interaction-Experiments/LHLHHLL-HL/provenance-003-001.json,ee6a78f884798442b70624bf215292b2aadfdf8d
LHLHHLL-LH,1,10449160540400017491,host_extinction,7,0,state-001-001-0000000.gz,0,TE-Interaction-Experiments/LHLHHLL-LH/provenance-001-001.json,ee6a78f884798442b70624bf215292b2aadfdf8d
LHLHHLL-LH,2,17051218720937846395,host_extinction,7,0,state-002-001-0000000.gz,0,TE-Interaction-Experiments/LHLHHLL-LH/provenance-002-001.json,ee6a78f884798442b70624bf215292b2aadfdf8d
LHLHHLL-LH,3,3039944347266927596,host_extinction,7,0,state-003-001-0000000.gz,0,TE-Interaction-Experiments/LHLHHLL-LH/provenance-003-001.json,ee6a78f884798442b70624bf215292b2aadfdf8d
LHLHHLL-LL,1,14799116397845078553,host_extinction,9,0,state-001-001-0000000.gz,0,TE-Interaction-Experiments/LHLHHLL-LL/provenance-001-001.json,ee6a78f884798442b70624bf215292b2aadfdf8d
LHLHHLL-LL,2,11807840985211781797,host_extinction,7,0,state-002-001-0000000.gz,0,TE-Interaction-Experiments/LHLHHLL-LL/provenance-002-001.json,ee6a78f884798442b70624bf215292b2aadfdf8d
LHLHHLL-LL,3,4953329591201992280,host_extinction,9,0,state-003-001-0000000.gz,0,TE-Interaction-Experiments/LHLHHLL-LL/provenance-003-001.json,ee6a78f884798442b70624bf215292b2aadfdf8d
LHLHHLL-Z,1,1262744062412913980,host_extinction,7,0,state-001-001-0000000.gz,0,TE-Interaction-Experiments/LHLHHLL-Z/provenance-001-001.json,023a8f88fe52b0b77d91cc3ef72caf45cabbbecf
LHLHHLL-Z,2,1568066499542689805,host_extinction,7,0,state-002-001-0000000.gz,0,TE-Interaction-Experiments/LHLHHLL-Z/provenance-002-001.json,023a8f88fe52b0b77d91cc3ef72caf45cabbbecf
LHLHHLL-Z,3,927991478834451020,host_extinction,7,0,state-003-001-0000000.gz,0,TE-Interaction-Experiments/LHLHHLL-Z/provenance-003-001.json,023a8f88fe52b0b77d91cc3ef72caf45cabbbecf
LHLHLHH-HH,1,13261163285785572322,host_extinction,11,0,state-001-001-0000000.gz,0,TE-Interaction-Experiments/LHLHLHH-HH/provenance-001-001.json,ee6a78f884798442b70624bf215292b2aadfdf8d
LHLHLHH-HH,2,6414432245870875554,maximum_generations,1500,303,state-002-001-0001500.gz,1500,TE-Interaction-Experiments/LHLHLHH-HH/provenance-002-001.json,ee6a78f884798442b70624bf215292b2aadfdf8d
LHLHLHH-HH,3,4717680016119561542,host_extinction,9,0,state-003-001-0000000.gz,0,TE-Interaction-Experiments/LHLHLHH-HH/provenance-003-001.json,ee6a78f884798442b70624bf215292b2aadfdf8d
LHLHLHH-HL,1,15409220044478712441,host_extinction,9,0,state-001-001-0000000.gz,0,TE-Interaction-Experiments/LHLHLHH-HL/provenance-001-001.json,ee6a78f884798442b70624bf215292b2aadfdf8d
LHLHLHH-HL,2,4270350640435420402,host_extinction,9,0,state-002-001-0000000.gz,0,TE-Interaction-Experiments/LHLHLHH-HL/provenance-002-001.json,ee6a78f884798442b70624bf215292b2aadfdf8d
LHLHLHH-HL,3,13403308603493049944,maximum_generations,1500,299,state-003-001-0001500.gz,1500,TE-Interaction-Experiments/LHLHLHH-HL/provenance-003-001.json,ee6a78f884798442b70624bf215292b2aadfdf8d
LHLHLHH-LH,1,17270312875003265829,host_extinction,8,0,state-001-001-0000000.gz,0,TE-Interaction-Experiments/LHLHLHH-LH/provenance-001-001.json,ee6a78f884798442b70624bf215292b2aadfdf8d
LHLHLHH-LH,2,1727092315108005034,host_extinction,7,0,state-002-001-0000000.gz,0,TE-Interaction-Experiments/LHLHLHH-LH/provenance-002-001.json,ee6a78f884798442b70624bf215292b2aadfdf8d
LHLHLHH-LH,3,5081630415616160964,host_extinction,9,0,state-003-001-0000000.gz,0,TE-Interaction-Experiments/LHLHLHH-LH/provenance-003-001.json,ee6a78f884798442b70624bf215292b2aadfdf8d
LHLHLHH-LL,1,5920590678446893249,te_extinction,550,284,state-001-001-0000500.gz,500,TE-Interaction-Experiments/LHLHLHH-LL/provenance-001-001.json,ee6a78f884798442b70624bf215292b2aadfdf8d
LHLHLHH-LL,2,3279668010959002037,te_extinction,625,299,state-002-001-0000600.gz,600,TE-Interaction-Experiments/LHLHLHH-LL/provenance-002-001.json,ee6a78f884798442b70624bf215292b2aadfdf8d
LHLHLHH-LL,3,7122485101118462726,maximum_generations,1500,317,state-003-001-0001500.gz,1500,TE-Interaction-Experiments/LHLHLHH-LL/provenance-003-001.json,ee6a78f884798442b70624bf215292b2aadfdf8d
LHLHLHH-Z,1,17086978573478637677,host_extinction,8,0,state-001-001-0000000.gz,0,TE-Interaction-Experiments/LHLHLHH-Z/provenance-001-001.json,023a8f88fe52b0b77d91cc3ef72caf45cabbbecf
LHLHLHH-Z,2,15968114073926282604,te_extinction,9,33,state-002-001-0000000.gz,0,TE-Interaction-Experiments/LHLHLHH-Z/provenance-002-001.json,023a8f88fe52b0b77d91cc3ef72caf45cabbbecf
LHLHLHH-Z,3,4046018498622978112,host_extinction,7,0,state-003-001-0000000.gz,0,TE-Interaction-Experiments/LHLHLHH-Z/provenance-003-001.json,023a8f88fe52b0b77d91cc3ef72caf45cabbbecf
LHLHLHL-HH,1,9700707534803889323,host_extinction,8,0,state-001-001-0000000.gz,0,TE-Interaction-Experiments/LHLHLHL-HH/provenance-001-001.json,ee6a78f884798442b70624bf215292b2aadfdf8d
LHLHLHL-HH,2,5548804541683217747,host_extinction,8,0,state-002-001-0000000.gz,0,TE-Interaction-Experiments/LHLHLHL-HH/provenance-002-001.json,ee6a78f884798442b70624bf215292b2aadfdf8d
LHLHLHL-HH,3,8495360695825570014,host_extinction,7,0,state-003-001-0000000.gz,0,TE-Interaction-Experiments/LHLHLHL-HH/provenance-003-001.json,ee6a78f884798442b70624bf215292b2aadfdf8d
LHLHLHL-HL,1,917628143584792082,host_extinction,6,0,state-001-001-0000000.gz,0,TE-Interaction-Experiments/LHLHLHL-HL/provenance-001-001.json,ee6a78f884798442b70624bf215292b2aadfdf8d
LHLHLHL-HL,2,2355875367238338957,host_extinction,8,0,state-002-001-0000000.gz,0,TE-Interaction-Experiments/LHLHLHL-HL/provenance-002-001.json,ee6a78f884798442b70624bf215292b2aadfdf8d
LHLHLHL-HL,3,10624387559159617779,host_extinction,6,0,state-003-001-0000000.gz,0,TE-Interaction-Experiments/LHLHLHL-HL/provenance-003-001.json,ee6a78f884798442b70624bf215292b2aadfdf8d
LHLHLHL-LH,1,4346478493290230439,host_extinction,7,0,state-001-001-0000000.gz,0,TE-Interaction-Experiments/LHLHLHL-LH/provenance-001-001.json,ee6a78f884798442b70624bf215292b2aadfdf8d
LHLHLHL-LH,2,15777484618269778396,host_extinction,7,0,state-002-001-0000000.gz,0,TE-Interaction-Experiments/LHLHLHL-LH/provenance-002-001.json,ee6a78f884798442b70624bf215292b2aadfdf8d
LHLHLHL-LH,3,5109914574819304465,host_extinction,7,0,state-003-001-0000000.gz,0,TE-Interaction-Experiments/LHLHLHL-LH/provenance-003-001.json,ee6a78f884798442b70624bf215292b2aadfdf8d
LHLHLHL-LL,1,5812394632235047898,host_extinction,6,0,state-001-001-0000000.gz,0,TE-Interaction-Experiments/LHLHLHL-LL/provenance-001-001.json,ee6a78f884798442b70624bf215292b2aadfdf8d
LHLHLHL-LL,2,2668886477033408813,host_extinction,6,0,state-002-001-0000000.gz,0,TE-Interaction-Experiments/LHLHLHL-LL/provenance-002-001.json,ee6a78f884798442b70624bf215292b2aadfdf8d
LHLHLHL-LL,3,16936421183841491145,te_extinction,777,25,state-003-001-0000750.gz,750,TE-Interaction-Experiments/LHLHLHL-LL/provenance-003-001.json,ee6a78f884798442b70624bf215292b2aadfdf8d
LHLHLHL-Z,1,5902800033114903708,host_extinction,6,0,state-001-001-0000000.gz,0,TE-Interaction-Experiments/LHLHLHL-Z/provenance-001-001.json,023a8f88fe52b0b77d91cc3ef72caf45cabbbecf
LHLHLHL-Z,2,15211666159778064011,host_extinction,7,0,state-002-001-0000000.gz,0,TE-Interaction-Experiments/LHLHLHL-Z/provenance-002-001.json,023a8f88fe52b0b77d91cc3ef72caf45cabbbecf
LHLHLHL-Z,3,16643464718289669919,host_extinction,6,0,state-003-001-0000000.gz,0,TE-Interaction-Experiments/LHLHLHL-Z/provenance-003-001.json,023a8f88fe52b0b77d91cc3ef72caf45cabbbecf
LHLHLLH-HH,1,8537751047011660951,host_extinction,16,0,state-001-001-0000000.gz,0,TE-Interaction-Experiments/LHLHLLH-HH/provenance-001-001.json,ee6a78f884798442b70624bf215292b2aadfdf8d
LHLHLLH-HH,2,4047379268025876146,maximum_generations,1500,299,state-002-001-0001500.gz,1500,TE-Interaction-Experiments/LHLHLLH-HH/provenance-002-001.json,ee6a78f884798442b70624bf215292b2aadfdf8d
LHLHLLH-HH,3,6989053217303299746,host_extinction,11,0,state-003-001-0000000.gz,0,TE-Interaction-Experiments/LHLHLLH-HH/provenance-003-001.json,ee6a78f884798442b70624bf215292b2aadfdf8d
LHLHLLH-HL,1,13564807929912970548,maximum_generations,1500,310,state-001-001-0001500.gz,1500,TE-Interaction-Experiments/LHLHLLH-HL/provenance-001-001.json,ee6a78f884798442b70624bf215292b2aadfdf8d
LHLHLLH-HL,2,17344750957698252023,te_extinction,601,292,state-002-001-0000600.gz,600,TE-Interaction-Experiments/LHLHLLH-HL/provenance-002-001.json,ee6a78f884798442b70624bf215292b2aadfdf8d
LHLHLLH-HL,3,10625715382101776175,host_extinction,11,0,state-003-001-0000000.gz,0,TE-Interaction-Experiments/LHLHLLH-HL/provenance-003-001.json,ee6a78f884798442b70624bf215292b2aadfdf8d
LHLHLLH-LH,1,13633553406862438590,host_extinction,8,0,state-001-001-0000000.gz,0,TE-Interaction-Experiments/LHLHLLH-LH/provenance-001-001.json,ee6a78f884798442b70624bf215292b2aadfdf8d
LHLHLLH-LH,2,1780562553165303876,host_extinction,9,0,state-002-001-0000000.gz,0,TE-Interaction-Experiments/LHLHLLH-LH/provenance-002-001.json,ee6a78f884798442b70624bf215292b2aadfdf8d
LHLHLLH-LH,3,15992850469622637721,maximum_generations,1500,305,state-003-001-0001500.gz,1500,TE-Interaction-Experiments/LHLHLLH-LH/provenance-003-001.json,ee6a78f884798442b70624bf215292b2aadfdf8d
LHLHLLH-LL,1,16969596106654680978,host_extinction,9,0,state-001-001-0000000.gz,0,TE-Interaction-Experiments/LHLHLLH-LL/provenance-001-001.json,ee6a78f884798442b70624bf215292b2aadfdf8d
LHLHLLH-LL,2,13628482555293590711,host_extinction,8,0,state-002-001-0000000.gz,0,TE-Interaction-Experiments/LHLHLLH-LL/provenance-002-001.json,ee6a78f884798442b70624bf215292b2aadfdf8d
LHLHLLH-LL,3,4312507600081102032,host_extinction,7,0,state-003-001-0000000.gz,0,TE-Interaction-Experiments/LHLHLLH-LL/provenance-003-001.json,ee6a78f884798442b70624bf215292b2aadfdf8d
LHLHLLH-Z,1,3908520737512518370,te_extinction,8,24,state-001-001-0000000.gz,0,TE-Interaction-Experiments/LHLHLLH-Z/provenance-001-001.json,023a8f88fe52b0b77d91cc3ef72caf45cabbbecf
LHLHLLH-Z,2,12374510807277274571,host_extinction,7,0,state-002-001-0000000.gz,0,TE-Interaction-Experiments/LHLHLLH-Z/provenance-002-001.json,023a8f88fe52b0b77d91cc3ef72caf45cabbbecf
LHLHLLH-Z,3,9602533597328796568,te_extinction,7,15,state-003-001-0000000.gz,0,TE-Interaction-Experiments/LHLHLLH-Z/provenance-003-001.json,023a8f88fe52b0b77d91cc3ef72caf45cabbbecf
LHLHLLL-HH,1,12232628782921101230,host_extinction,9,0,state-001-001-0000000.gz,0,TE-Interaction-Experiments/LHLHLLL-HH/provenance-001-001.json,ee6a78f884798442b70624bf215292b2aadfdf8d
LHLHLLL-HH,2,10509278355595138085,host_extinction,7,0,state-002-001-0000000.gz,0,TE-Interaction-Experiments/LHLHLLL-HH/provenance-002-001.json,ee6a78f884798442b70624bf215292b2aadfdf8d
LHLHLLL-HH,3,4102130166357935341,host_extinction,6,0,state-003-001-0000000.gz,0,TE-Interaction-Experiments/LHLHLLL-HH/provenance-003-001.json,ee6a78f884798442b70624bf215292b2aadfdf8d
LHLHLLL-HL,1,15307772019461950079,host_extinction,7,0,state-001-001-0000000.gz,0,TE-Interaction-Experiments/LHLHLLL-HL/provenance-001-001.json,ee6a78f884798442b70624bf215292b2aadfdf8d
LHLHLLL-HL,2,2452035602548575911,host_extinction,8,0,state-002-001-0000000.gz,0,TE-Interaction-Experiments/LHLHLLL-HL/provenance-002-001.json,ee6a78f884798442b70624bf215292b2aadfdf8d
LHLHLLL-HL,3,12247212264939348805,host_extinction,6,0,state-003-001-0000000.gz,0,TE-Interaction-Experiments/LHLHLLL-HL/provenance-003-001.json,ee6a78f884798442b70624bf215292b2aadfdf8d
LHLHLLL-LH,1,15539328902428912053,host_extinction,7,0,state-001-001-0000000.gz,0,TE-Interaction-Experiments/LHLHLLL-LH/provenance-001-001.json,ee6a78f884798442b70624bf215292b2aadfdf8d
LHLHLLL-LH,2,10276146607271276917,host_extinction,7,0,state-002-001-0000000.gz,0,TE-Interaction-Experiments/LHLHLLL-LH/provenance-002-001.json,ee6a78f884798442b70624bf215292b2aadfdf8d
LHLHLLL-LH,3,12176460123561929214,host_extinction,5,0,state-003-001-0000000.gz,0,TE-Interaction-Experiments/LHLHLLL-LH/provenance-003-001.json,ee6a78f884798442b70624bf215292b2aadfdf8d
LHLHLLL-LL,1,5082192743547413790,host_extinction,9,0,state-001-001-0000000.gz,0,TE-Interaction-Experiments/LHLHLLL-LL/provenance-001-001.json,ee6a78f884798442b70624bf215292b2aadfdf8d
LHLHLLL-LL,2,701282966688257837,host_extinction,7,0,state-002-001-0000000.gz,0,TE-Interaction-Experiments/LHLHLLL-LL/provenance-002-001.json,ee6a78f884798442b70624bf215292b2aadfdf8d
LHLHLLL-LL,3,12997057320502238872,host_extinction,6,0,state-003-001-0000000.gz,0,TE-Interaction-Experiments/LHLHLLL-LL/provenance-003-001.json,ee6a78f884798442b70624bf215292b2aadfdf8d
LHLHLLL-Z,1,14981656107610659347,host_extinction,6,0,state-001-001-0000000.gz,0,TE-Interaction-Experiments/LHLHLLL-Z/provenance-001-001.json,023a8f88fe52b0b77d91cc3ef72caf45cabbbecf
LHLHLLL-Z,2,6340795945512223811,host_extinction,7,0,state-002-001-0000000.gz,0,TE-Interaction-Experiments/LHLHLLL-Z/provenance-002-001.json,023a8f88fe52b0b77d91cc3ef72caf45cabbbecf
LHLHLLL-Z,3,6229139409807294309,host_extinction,7,0,state-003-001-0000000.gz,0,TE-Interaction-Experiments/LHLHLLL-Z/provenance-003-001.json,023a8f88fe52b0b77d91cc3ef72caf45cabbbecf
LHLLHHH-HH,1,11995661327659828361,checkpointed,1463,318,state-001-002-0001463.gz,1463,TE-Interaction-Experiments/LHLLHHH-HH/provenance-001-002.json,6d7e1d3095ad5913aa6640d26f7b0a69d284dacb
LHLLHHH-HH,2,4021492569040454655,maximum_generations,1500,293,state-002-002-0001500.gz,1500,TE-Interaction-Experiments/LHLLHHH-HH/provenance-002-002.json,6d7e1d3095ad5913aa6640d26f7b0a69d284dacb
LHLLHHH-HH,3,9846369975049213938,checkpointed,1364,305,state-003-002-0001364.gz,1364,TE-Interaction-Experiments/LHLLHHH-HH/provenance-003-002.json,6d7e1d3095ad5913aa6640d26f7b0a69d284dacb
LHLLHHH-HL,1,18325401019532349870,checkpointed,1365,296,state-001-002-0001365.gz,1365,TE-Interaction-Experiments/LHLLHHH-HL/provenance-001-002.json,6d7e1d3095ad5913aa6640d26f7b0a69d284dacb
LHLLHHH-HL,2,6018931626273870640,maximum_generations,1500,286,state-002-001-0001500.gz,1500,TE-Interaction-Experiments/LHLLHHH-HL/provenance-002-001.json,ee6a78f884798442b70624bf215292b2aadfdf8d
LHLLHHH-HL,3,1673683660679024047,checkpointed,1292,296,state-003-002-0001292.gz,1292,TE-Interaction-Experiments/LHLLHHH-HL/provenance-003-002.json,6d7e1d3095ad5913aa6640d26f7b0a69d284dacb
LHLLHHH-LH,1,14627817048478246406,host_extinction,14,0,state-001-001-0000000.gz,0,TE-Interaction-Experiments/LHLLHHH-LH/provenance-001-001.json,ee6a78f884798442b70624bf215292b2aadfdf8d
LHLLHHH-LH,2,828048182333786748,host_extinction,15,0,state-002-001-0000000.gz,0,TE-Interaction-Experiments/LHLLHHH-LH/provenance-002-001.json,ee6a78f884798442b70624bf215292b2aadfdf8d
LHLLHHH-LH,3,3049412227027115442,host_extinction,14,0,state-003-001-0000000.gz,0,TE-Interaction-Experiments/LHLLHHH-LH/provenance-003-001.json,ee6a78f884798442b70624bf215292b2aadfdf8d
LHLLHHH-LL,1,3969589500117445240,host_extinction,14,0,state-001-001-0000000.gz,0,TE-Interaction-Experiments/LHLLHHH-LL/provenance-001-001.json,ee6a78f884798442b70624bf215292b2aadfdf8d
LHLLHHH-LL,2,16647621599578998428,te_extinction,784,306,state-002-001-0000750.gz,750,TE-Interaction-Experiments/LHLLHHH-LL/provenance-002-001.json,ee6a78f884798442b70624bf215292b2aadfdf8d
LHLLHHH-LL,3,13055226412061569901,host_extinction,14,0,state-003-001-0000000.gz,0,TE-Interaction-Experiments/LHLLHHH-LL/provenance-003-001.json,ee6a78f884798442b70624bf215292b2aadfdf8d
LHLLHHH-Z,1,17379510617774482639,te_extinction,11,87,state-001-001-0000000.gz,0,TE-Interaction-Experiments/LHLLHHH-Z/provenance-001-001.json,f9d0537629a4cacb6ed147d796121c399c460656
LHLLHHH-Z,2,17399715737882613687,host_extinction,12,0,state-002-001-0000000.gz,0,TE-Interaction-Experiments/LHLLHHH-Z/provenance-002-001.json,023a8f88fe52b0b77d91cc3ef72caf45cabbbecf
LHLLHHH-Z,3,16358438011121556727,host_extinction,12,0,state-003-001-0000000.gz,0,TE-Interaction-Experiments/LHLLHHH-Z/provenance-003-001.json,023a8f88fe52b0b77d91cc3ef72caf45cabbbecf
LHLLHHL-HH,1,4827529840055715942,maximum_generations,1500,34,state-001-002-0001500.gz,1500,TE-Interaction-Experiments/LHLLHHL-HH/provenance-001-002.json,6d7e1d3095ad5913aa6640d26f7b0a69d284dacb
LHLLHHL-HH,2,18067568476561410841,maximum_generations,1500,33,state-002-002-0001500.gz,1500,TE-Interaction-Experiments/LHLLHHL-HH/provenance-002-002.json,6d7e1d3095ad5913aa6640d26f7b0a69d284dacb
LHLLHHL-HH,3,15117316517722456790,maximum_generations,1500,33,state-003-002-0001500.gz,1500,TE-Interaction-Experiments/LHLLHHL-HH/provenance-003-002.json,6d7e1d3095ad5913aa6640d26f7b0a69d284dacb
LHLLHHL-HL,1,14800943154550788640,maximum_generations,1500,26,state-001-002-0001500.gz,1500,TE-Interaction-Experiments/LHLLHHL-HL/provenance-001-002.json,6d7e1d3095ad5913aa6640d26f7b0a69d284dacb
LHLLHHL-HL,2,13692469540994052756,maximum_generations,1500,18,state-002-002-0001500.gz,1500,TE-Interaction-Experiments/LHLLHHL-HL/provenance-002-002.json,6d7e1d3095ad5913aa6640d26f7b0a69d284dacb
LHLLHHL-HL,3,16112957525904704454,maximum_generations,1500,33,state-003-001-0001500.gz,1500,TE-Interaction-Experiments/LHLLHHL-HL/provenance-003-001.json,ee6a78f884798442b70624bf215292b2aadfdf8d
LHLLHHL-LH,1,4366740201483626350,host_extinction,15,0,state-001-001-0000000.gz,0,TE-Interaction-Experiments/LHLLHHL-LH/provenance-001-001.json,ee6a78f884798442b70624bf215292b2aadfdf8d
LHLLHHL-LH,2,12572335990060109427,host_extinction,12,0,state-002-001-0000000.gz,0,TE-Interaction-Experiments/LHLLHHL-LH/provenance-002-001.json,ee6a78f884798442b70624bf215292b2aadfdf8d
LHLLHHL-LH,3,1312374101518940556,host_extinction,12,0,state-003-001-0000000.gz,0,TE-Interaction-Experiments/LHLLHHL-LH/provenance-003-001.json,ee6a78f884798442b70624bf215292b2aadfdf8d
LHLLHHL-LL,1,13478389438644153252,host_extinction,10,0,state-001-001-0000000.gz,0,TE-Interaction-Experiments/LHLLHHL-LL/provenance-001-001.json,ee6a78f884798442b70624bf215292b2aadfdf8d
LHLLHHL-LL,2,2615043375938987301,host_extinction,12,0,state-002-001-0000000.gz,0,TE-Interaction-Experiments/LHLLHHL-LL/provenance-002-001.json,ee6a78f884798442b70624bf215292b2aadfdf8d
LHLLHHL-LL,3,17858741642162453743,host_extinction,12,0,state-003-001-0000000.gz,0,TE-Interaction-Experiments/LHLLHHL-LL/provenance-003-001.json,ee6a78f884798442b70624bf215292b2aadfdf8d
LHLLHHL-Z,1,17571896238356613800,host_extinction,11,0,state-001-001-0000000.gz,0,TE-Interaction-Experiments/LHLLHHL-Z/provenance-001-001.json,023a8f88fe52b0b77d91cc3ef72caf45cabbbecf
LHLLHHL-Z,2,3837806602091351288,host_extinction,11,0,state-002-001-0000000.gz,0,TE-Interaction-Experiments/LHLLHHL-Z/provenance-002-001.json,023a8f88fe52b0b77d91cc3ef72caf45cabbbecf
LHLLHHL-Z,3,2253567286957383828,host_extinction,11,0,state-003-001-0000000.gz,0,TE-Interaction-Experiments/LHLLHHL-Z/provenance-003-001.json,023a8f88fe52b0b77d91cc3ef72caf45cabbbecf
LHLLHLH-HH,1,8008278165612030029,maximum_generations,1500,295,state-001-002-0001500.gz,1500,TE-Interaction-Experiments/LHLLHLH-HH/provenance-001-002.json,6d7e1d3095ad5913aa6640d26f7b0a69d284dacb
LHLLHLH-HH,2,14026964242278335725,maximum_generations,1500,295,state-002-002-0001500.gz,1500,TE-Interaction-Experiments/LHLLHLH-HH/provenance-002-002.json,6d7e1d3095ad5913aa6640d26f7b0a69d284dacb
LHLLHLH-HH,3,1305409906714210045,checkpointed,1498,310,state-003-002-0001498.gz,1498,TE-Interaction-Experiments/LHLLHLH-HH/provenance-003-002.json,6d7e1d3095ad5913aa6640d26f7b0a69d284dacb
LHLLHLH-HL,1,9628703431650186377,maximum_generations,1500,287,state-001-002-0001500.gz,1500,TE-Interaction-Experiments/LHLLHLH-HL/provenance-001-002.json,6d7e1d3095ad5913aa6640d26f7b0a69d284dacb
LHLLHLH-HL,2,5171768084434136808,maximum_generations,1500,290,state-002-002-0001500.gz,1500,TE-Interaction-Experiments/LHLLHLH-HL/provenance-002-002.json,6d7e1d3095ad5913aa6640d26f7b0a69d284dacb
LHLLHLH-HL,3,1181365990299584687,maximum_generations,1500,297,state-003-002-0001500.gz,1500,TE-Interaction-Experiments/LHLLHLH-HL/provenance-003-002.json,6d7e1d3095ad5913aa6640d26f7b0a69d284dacb
LHLLHLH-LH,1,5931552632321624626,host_extinction,14,0,state-001-001-0000000.gz,0,TE-Interaction-Experiments/LHLLHLH-LH/provenance-001-001.json,ee6a78f884798442b70624bf215292b2aadfdf8d
LHLLHLH-LH,2,13733876462196872038,host_extinction,17,0,state-002-001-0000000.gz,0,TE-Interaction-Experiments/LHLLHLH-LH/provenance-002-001.json,ee6a78f884798442b70624bf215292b2aadfdf8d
LHLLHLH-LH,3,5711088676685119594,host_extinction,15,0,state-003-001-0000000.gz,0,TE-Interaction-Experiments/LHLLHLH-LH/provenance-003-001.json,ee6a78f884798442b70624bf215292b2aadfdf8d
LHLLHLH-LL,1,14048894804225060199,host_extinction,12,0,state-001-001-0000000.gz,0,TE-Interaction-Experiments/LHLLHLH-LL/provenance-001-001.json,ee6a78f884798442b70624bf215292b2aadfdf8d
LHLLHLH-LL,2,9085174782886461191,host_extinction,16,0,state-002-001-0000000.gz,0,TE-Interaction-Experiments/LHLLHLH-LL/provenance-002-001.json,ee6a78f884798442b70624bf215292b2aadfdf8d
LHLLHLH-LL,3,1051616099857817528,host_extinction,13,0,state-003-001-0000000.gz,0,TE-Interaction-Experiments/LHLLHLH-LL/provenance-003-001.json,ee6a78f884798442b70624bf215292b2aadfdf8d
LHLLHLH-Z,1,11640589279239666260,host_extinction,11,0,state-001-001-0000000.gz,0,TE-Interaction-Experiments/LHLLHLH-Z/provenance-001-001.json,023a8f88fe52b0b77d91cc3ef72caf45cabbbecf
LHLLHLH-Z,2,8082532298280615294,te_extinction,12,81,state-002-001-0000000.gz,0,TE-Interaction-Experiments/LHLLHLH-Z/provenance-002-001.json,023a8f88fe52b0b77d91cc3ef72caf45cabbbecf
LHLLHLH-Z,3,7091071289123232072,host_extinction,13,0,state-003-001-0000000.gz,0,TE-Interaction-Experiments/LHLLHLH-Z/provenance-003-001.json,023a8f88fe52b0b77d91cc3ef72caf45cabbbecf
LHLLHLL-HH,1,7830393783371657271,maximum_generations,1500,28,state-001-001-0001500.gz,1500,TE-Interaction-Experiments/LHLLHLL-HH/provenance-001-001.json,ee6a78f884798442b70624bf215292b2aadfdf8d
LHLLHLL-HH,2,12030113992391450526,maximum_generations,1500,25,state-002-002-0001500.gz,1500,TE-Interaction-Experiments/LHLLHLL-HH/provenance-002-002.json,6d7e1d3095ad5913aa6640d26f7b0a69d284dacb
LHLLHLL-HH,3,1828716818579682901,maximum_generations,1500,22,state-003-002-0001500.gz,1500,TE-Interaction-Experiments/LHLLHLL-HH/provenance-003-002.json,6d7e1d3095ad5913aa6640d26f7b0a69d284dacb
LHLLHLL-HL,1,4911371048050681198,maximum_generations,1500,32,state-001-001-0001500.gz,1500,TE-Interaction-Experiments/LHLLHLL-HL/provenance-001-001.json,ee6a78f884798442b70624bf215292b2aadfdf8d
LHLLHLL-HL,2,5898727695289328270,maximum_generations,1500,31,state-002-001-0001500.gz,1500,TE-Interaction-Experiments/LHLLHLL-HL/provenance-002-001.json,ee6a78f884798442b70624bf215292b2aadfdf8d
LHLLHLL-HL,3,586911482669947462,host_extinction,25,0,state-003-001-0000000.gz,0,TE-Interaction-Experiments/LHLLHLL-HL/provenance-003-001.json,ee6a78f884798442b70624bf215292b2aadfdf8d
LHLLHLL-LH,1,13594822246629208836,host_extinction,16,0,state-001-001-0000000.gz,0,TE-Interaction-Experiments/LHLLHLL-LH/provenance-001-001.json,ee6a78f884798442b70624bf215292b2aadfdf8d
LHLLHLL-LH,2,9459306275443034436,host_extinction,12,0,state-002-001-0000000.gz,0,TE-Interaction-Experiments/LHLLHLL-LH/provenance-002-001.json,ee6a78f884798442b70624bf215292b2aadfdf8d
LHLLHLL-LH,3,9443714301607838258,host_extinction,12,0,state-003-001-0000000.gz,0,TE-Interaction-Experiments/LHLLHLL-LH/provenance-003-001.json,ee6a78f884798442b70624bf215292b2aadfdf8d
LHLLHLL-LL,1,10262674519197105041,host_extinction,11,0,state-001-001-0000000.gz,0,TE-Interaction-Experiments/LHLLHLL-LL/provenance-001-001.json,ee6a78f884798442b70624bf215292b2aadfdf8d
LHLLHLL-LL,2,10382640233456025020,host_extinction,12,0,state-002-001-0000000.gz,0,TE-Interaction-Experiments/LHLLHLL-LL/provenance-002-001.json,ee6a78f884798442b70624bf215292b2aadfdf8d
LHLLHLL-LL,3,10715754419959181550,host_extinction,9,0,state-003-001-0000000.gz,0,TE-Interaction-Experiments/LHLLHLL-LL/provenance-003-001.json,ee6a78f884798442b70624bf215292b2aadfdf8d
LHLLHLL-Z,1,9185849747516232808,host_extinction,10,0,state-001-001-0000000.gz,0,TE-Interaction-Experiments/LHLLHLL-Z/provenance-001-001.json,023a8f88fe52b0b77d91cc3ef72caf45cabbbecf
LHLLHLL-Z,2,2603752184637691163,host_extinction,10,0,state-002-001-0000000.gz,0,TE-Interaction-Experiments/LHLLHLL-Z/provenance-002-001.json,023a8f88fe52b0b77d91cc3ef72caf45cabbbecf
LHLLHLL-Z,3,10377149135083034309,host_extinction,10,0,state-003-001-0000000.gz,0,TE-Interaction-Experiments/LHLLHLL-Z/provenance-003-001.json,023a8f88fe52b0b77d91cc3ef72caf45cabbbecf
LHLLLHH-HH,1,298530957829677615,maximum_generations,1500,287,state-001-001-0001500.gz,1500,TE-Interaction-Experiments/LHLLLHH-HH/provenance-001-001.json,ee6a78f884798442b70624bf215292b2aadfdf8d
LHLLLHH-HH,2,9448325346315435185,host_extinction,14,0,state-002-001-0000000.gz,0,TE-Interaction-Experiments/LHLLLHH-HH/provenance-002-001.json,ee6a78f884798442b70624bf215292b2aadfdf8d
LHLLLHH-HH,3,9833266403805907935,host_extinction,17,0,state-003-001-0000000.gz,0,TE-Interaction-Experiments/LHLLLHH-HH/provenance-003-001.json,ee6a78f884798442b70624bf215292b2aadfdf8d
LHLLLHH-HL,1,15714904032266068286,host_extinction,15,0,state-001-001-0000000.gz,0,TE-Interaction-Experiments/LHLLLHH-HL/provenance-001-001.json,ee6a78f884798442b70624bf215292b2aadfdf8d
LHLLLHH-HL,2,1330751209278599764,host_extinction,13,0,state-002-001-0000000.gz,0,TE-Interaction-Experiments/LHLLLHH-HL/provenance-002-001.json,ee6a78f884798442b70624bf215292b2aadfdf8d
LHLLLHH-HL,3,16840873447459224383,host_extinction,14,0,state-003-001-0000000.gz,0,TE-Interaction-Experiments/LHLLLHH-HL/provenance-003-001.json,ee6a78f884798442b70624bf215292b2aadfdf8d
LHLLLHH-LH,1,3326812434573804235,host_extinction,9,0,state-001-001-0000000.gz,0,TE-Interaction-Experiments/LHLLLHH-LH/provenance-001-001.json,ee6a78f884798442b70624bf215292b2aadfdf8d
LHLLLHH-LH,2,18023673719592911655,host_extinction,10,0,state-002-001-0000000.gz,0,TE-Interaction-Experiments/LHLLLHH-LH/provenance-002-001.json,ee6a78f884798442b70624bf215292b2aadfdf8d
LHLLLHH-LH,3,6521945520389444350,host_extinction,11,0,state-003-001-0000000.gz,0,TE-Interaction-Experiments/LHLLLHH-LH/provenance-003-001.json,ee6a78f884798442b70624bf215292b2aadfdf8d
LHLLLHH-LL,1,105296214163361720,maximum_generations,1500,291,state-001-001-0001500.gz,1500,TE-Interaction-Experiments/LHLLLHH-LL/provenance-001-001.json,ee6a78f884798442b70624bf215292b2aadfdf8d
LHLLLHH-LL,2,13833428262108535479,host_extinction,10,0,state-002-001-0000000.gz,0,TE-Interaction-Experiments/LHLLLHH-LL/provenance-002-001.json,ee6a78f884798442b70624bf215292b2aadfdf8d
LHLLLHH-LL,3,15530684768491979720,host_extinction,10,0,state-003-001-0000000.gz,0,TE-Interaction-Experiments/LHLLLHH-LL/provenance-003-001.json,ee6a78f884798442b70624bf215292b2aadfdf8d
LHLLLHH-Z,1,4895504319040934119,host_extinction,11,0,state-001-001-0000000.gz,0,TE-Interaction-Experiments/LHLLLHH-Z/provenance-001-001.json,023a8f88fe52b0b77d91cc3ef72caf45cabbbecf
LHLLLHH-Z,2,1548455470869632591,host_extinction,10,0,state-002-001-0000000.gz,0,TE-Interaction-Experiments/LHLLLHH-Z/provenance-002-001.json,023a8f88fe52b0b77d91cc3ef72caf45cabbbecf
LHLLLHH-Z,3,457510914988224309,host_extinction,10,0,state-003-001-0000000.gz,0,TE-Interaction-Experiments/LHLLLHH-Z/provenance-003-001.json,023a8f88fe52b0b77d91cc3ef72caf45cabbbecf
LHLLLHL-HH,1,4488062936101729187,host_extinction,11,0,state-001-001-0000000.gz,0,TE-Interaction-Experiments/LHLLLHL-HH/provenance-001-001.json,ee6a78f884798442b70624bf215292b2aadfdf8d
LHLLLHL-HH,2,12370523364924067167,host_extinction,11,0,state-002-001-0000000.gz,0,TE-Interaction-Experiments/LHLLLHL-HH/provenance-002-001.json,ee6a78f884798442b70624bf215292b2aadfdf8d
LHLLLHL-HH,3,10662177488442755010,host_extinction,9,0,state-003-001-0000000.gz,0,TE-Interaction-Experiments/LHLLLHL-HH/provenance-003-001.json,ee6a78f884798442b70624bf215292b2aadfdf8d
LHLLLHL-HL,1,9636828572754212398,host_extinction,15,0,state-001-001-0000000.gz,0,TE-Interaction-Experiments/LHLLLHL-HL/provenance-001-001.json,ee6a78f884798442b70624bf215292b2aadfdf8d
LHLLLHL-HL,2,14389403734716350170,host_extinction,8,0,state-002-001-0000000.gz,0,TE-Interaction-Experiments/LHLLLHL-HL/provenance-002-001.json,ee6a78f884798442b70624bf215292b2aadfdf8d
LHLLLHL-HL,3,11027015036814465217,host_extinction,10,0,state-003-001-0000000.gz,0,TE-Interaction-Experiments/LHLLLHL-HL/provenance-003-001.json,ee6a78f884798442b70624bf215292b2aadfdf8d
LHLLLHL-LH,1,6338747904050614228,host_extinction,8,0,state-001-001-0000000.gz,0,TE-Interaction-Experiments/LHLLLHL-LH/provenance-001-001.json,ee6a78f884798442b70624bf215292b2aadfdf8d
LHLLLHL-LH,2,4527678801665059516,maximum_generations,1500,32,state-002-001-0001500.gz,1500,TE-Interaction-Experiments/LHLLLHL-LH/provenance-002-001.json,ee6a78f884798442b70624bf215292b2aadfdf8d
LHLLLHL-LH,3,5438983198099815841,host_extinction,7,0,state-003-001-0000000.gz,0,TE-Interaction-Experiments/LHLLLHL-LH/provenance-003-001.json,ee6a78f884798442b70624bf215292b2aadfdf8d
LHLLLHL-LL,1,1080585819188291406,host_extinction,8,0,state-001-001-0000000.gz,0,TE-Interaction-Experiments/LHLLLHL-LL/provenance-001-001.json,ee6a78f884798442b70624bf215292b2aadfdf8d
LHLLLHL-LL,2,18067073358304309534,host_extinction,8,0,state-002-001-0000000.gz,0,TE-Interaction-Experiments/LHLLLHL-LL/provenance-002-001.json,ee6a78f884798442b70624bf215292b2aadfdf8d
LHLLLHL-LL,3,18042673946150966545,host_extinction,8,0,state-003-001-0000000.gz,0,TE-Interaction-Experiments/LHLLLHL-LL/provenance-003-001.json,ee6a78f884798442b70624bf215292b2aadfdf8d
LHLLLHL-Z,1,207316348321881101,host_extinction,7,0,state-001-001-0000000.gz,0,TE-Interaction-Experiments/LHLLLHL-Z/provenance-001-001.json,023a8f88fe52b0b77d91cc3ef72caf45cabbbecf
LHLLLHL-Z,2,9091935815548489645,host_extinction,8,0,state-002-001-0000000.gz,0,TE-Interaction-Experiments/LHLLLHL-Z/provenance-002-001.json,023a8f88fe52b0b77d91cc3ef72caf45cabbbecf
LHLLLHL-Z,3,2265416029769214597,host_extinction,7,0,state-003-001-0000000.gz,0,TE-Interaction-Experiments/LHLLLHL-Z/provenance-003-001.json,023a8f88fe52b0b77d91cc3ef72caf45cabbbecf
LHLLLLH-HH,1,1729504022257145311,host_extinction,23,0,state-001-001-0000000.gz,0,TE-Interaction-Experiments/LHLLLLH-HH/provenance-001-001.json,ee6a78f884798442b70624bf215292b2aadfdf8d
LHLLLLH-HH,2,9731483351794637912,host_extinction,12,0,state-002-001-0000000.gz,0,TE-Interaction-Experiments/LHLLLLH-HH/provenance-002-001.json,ee6a78f884798442b70624bf215292b2aadfdf8d
LHLLLLH-HH,3,3804211605483024677,host_extinction,13,0,state-003-001-0000000.gz,0,TE-Interaction-Experiments/LHLLLLH-HH/provenance-003-001.json,ee6a78f884798442b70624bf215292b2aadfdf8d
LHLLLLH-HL,1,5409510955238851808,host_extinction,15,0,state-001-001-0000000.gz,0,TE-Interaction-Experiments/LHLLLLH-HL/provenance-001-001.json,ee6a78f884798442b70624bf215292b2aadfdf8d
LHLLLLH-HL,2,11818030882048362021,host_extinction,11,0,state-002-001-0000000.gz,0,TE-Interaction-Experiments/LHLLLLH-HL/provenance-002-001.json,ee6a78f884798442b70624bf215292b2aadfdf8d
LHLLLLH-HL,3,14480818420218620247,host_extinction,12,0,state-003-001-0000000.gz,0,TE-Interaction-Experiments/LHLLLLH-HL/provenance-003-001.json,ee6a78f884798442b70624bf215292b2aadfdf8d
LHLLLLH-LH,1,3479468556418486533,host_extinction,11,0,state-001-001-0000000.gz,0,TE-Interaction-Experiments/LHLLLLH-LH/provenance-001-001.json,ee6a78f884798442b70624bf215292b2aadfdf8d
LHLLLLH-LH,2,7806130412570853405,host_extinction,10,0,state-002-001-0000000.gz,0,TE-Interaction-Experiments/LHLLLLH-LH/provenance-002-001.json,ee6a78f884798442b70624bf215292b2aadfdf8d
LHLLLLH-LH,3,4066389521980734835,host_extinction,10,0,state-003-001-0000000.gz,0,TE-Interaction-Experiments/LHLLLLH-LH/provenance-003-001.json,ee6a78f884798442b70624bf215292b2aadfdf8d
LHLLLLH-LL,1,4425118881111568160,host_extinction,9,0,state-001-001-0000000.gz,0,TE-Interaction-Experiments/LHLLLLH-LL/provenance-001-001.json,ee6a78f884798442b70624bf215292b2aadfdf8d
LHLLLLH-LL,2,18875042405501422,te_extinction,807,291,state-002-001-0000800.gz,800,TE-Interaction-Experiments/LHLLLLH-LL/provenance-002-001.json,ee6a78f884798442b70624bf215292b2aadfdf8d
LHLLLLH-LL,3,7894240075233908315,maximum_generations,1500,292,state-003-001-0001500.gz,1500,TE-Interaction-Experiments/LHLLLLH-LL/provenance-003-001.json,ee6a78f884798442b70624bf215292b2aadfdf8d
LHLLLLH-Z,1,5959031025982759431,host_extinction,10,0,state-001-001-0000000.gz,0,TE-Interaction-Experiments/LHLLLLH-Z/provenance-001-001.json,023a8f88fe52b0b77d91cc3ef72caf45cabbbecf
LHLLLLH-Z,2,12119070978717163504,host_extinction,10,0,state-002-001-0000000.gz,0,TE-Interaction-Experiments/LHLLLLH-Z/provenance-002-001.json,023a8f88fe52b0b77d91cc3ef72caf45cabbbecf
LHLLLLH-Z,3,6204860667586365637,host_extinction,11,0,state-003-001-0000000.gz,0,TE-Interaction-Experiments/LHLLLLH-Z/provenance-003-001.json,023a8f88fe52b0b77d91cc3ef72caf45cabbbecf
LHLLLLL-HH,1,9044820003490683319,maximum_generations,1500,26,state-001-001-0001500.gz,1500,TE-Interaction-Experiments/LHLLLLL-HH/provenance-001-001.json,ee6a78f884798442b70624bf215292b2aadfdf8d
LHLLLLL-HH,2,2667842879969842511,host_extinction,10,0,state-002-001-0000000.gz,0,TE-Interaction-Experiments/LHLLLLL-HH/provenance-002-001.json,ee6a78f884798442b70624bf215292b2aadfdf8d
LHLLLLL-HH,3,17682774311555364167,host_extinction,14,0,state-003-001-0000000.gz,0,TE-Interaction-Experiments/LHLLLLL-HH/provenance-003-001.json,ee6a78f884798442b70624bf215292b2aadfdf8d
LHLLLLL-HL,1,5266609471491305662,host_extinction,8,0,state-001-001-0000000.gz,0,TE-Interaction-Experiments/LHLLLLL-HL/provenance-001-001.json,ee6a78f884798442b70624bf215292b2aadfdf8d
LHLLLLL-HL,2,10589292015306006369,host_extinction,16,0,state-002-001-0000000.gz,0,TE-Interaction-Experiments/LHLLLLL-HL/provenance-002-001.json,ee6a78f884798442b70624bf215292b2aadfdf8d
LHLLLLL-HL,3,5914500988230072750,host_extinction,8,0,state-003-001-0000000.gz,0,TE-Interaction-Experiments/LHLLLLL-HL/provenance-003-001.json,ee6a78f884798442b70624bf215292b2aadfdf8d
LHLLLLL-LH,1,12976971408049553954,host_extinction,11,0,state-001-001-0000000.gz,0,TE-Interaction-Experiments/LHLLLLL-LH/provenance-001-001.json,ee6a78f884798442b70624bf215292b2aadfdf8d
LHLLLLL-LH,2,12098405063553941161,host_extinction,7,0,state-002-001-0000000.gz,0,TE-Interaction-Experiments/LHLLLLL-LH/provenance-002-001.json,ee6a78f884798442b70624bf215292b2aadfdf8d
LHLLLLL-LH,3,1684473839195975407,host_extinction,9,0,state-003-001-0000000.gz,0,TE-Interaction-Experiments/LHLLLLL-LH/provenance-003-001.json,ee6a78f884798442b70624bf215292b2aadfdf8d
LHLLLLL-LL,1,4623579868125022576,host_extinction,7,0,state-001-001-0000000.gz,0,TE-Interaction-Experiments/LHLLLLL-LL/provenance-001-001.json,ee6a78f884798442b70624bf215292b2aadfdf8d
LHLLLLL-LL,2,8200199084144781215,host_extinction,9,0,state-002-001-0000000.gz,0,TE-Interaction-Experiments/LHLLLLL-LL/provenance-002-001.json,ee6a78f884798442b70624bf215292b2aadfdf8d
LHLLLLL-LL,3,9258328179833337672,host_extinction,7,0,state-003-001-0000000.gz,0,TE-Interaction-Experiments/LHLLLLL-LL/provenance-003-001.json,ee6a78f884798442b70624bf215292b2aadfdf8d
LHLLLLL-Z,1,2319130225227213340,host_extinction,8,0,state-001-001-0000000.gz,0,TE-Interaction-Experiments/LHLLLLL-Z/provenance-001-001.json,023a8f88fe52b0b77d91cc3ef72caf45cabbbecf
LHLLLLL-Z,2,875908677963124517,host_extinction,7,0,state-002-001-0000000.gz,0,TE-Interaction-Experiments/LHLLLLL-Z/provenance-002-001.json,023a8f88fe52b0b77d91cc3ef72caf45cabbbecf
LHLLLLL-Z,3,17821187519097668054,host_extinction,7,0,state-003-001-0000000.gz,0,TE-Interaction-Experiments/LHLLLLL-Z/provenance-003-001.json,023a8f88fe52b0b77d91cc3ef72caf45cabbbecf
LLHHHHH-HH,1,15535402296957809583,host_extinction,24,0,state-001-001-0000000.gz,0,TE-Interaction-Experiments/LLHHHHH-HH/provenance-001-001.json,ee6a78f884798442b70624bf215292b2aadfdf8d
LLHHHHH-HH,2,17980094383899410625,te_extinction,790,284,state-002-001-0000750.gz,750,TE-Interaction-Experiments/LLHHHHH-HH/provenance-002-001.json,ee6a78f884798442b70624bf215292b2aadfdf8d
LLHHHHH-HH,3,15386103645163950727,host_extinction,15,0,state-003-001-0000000.gz,0,TE-Interaction-Experiments/LLHHHHH-HH/provenance-003-001.json,ee6a78f884798442b70624bf215292b2aadfdf8d
LLHHHHH-HL,1,17250608120344710905,te_extinction,311,297,state-001-001-0000300.gz,300,TE-Interaction-Experiments/LLHHHHH-HL/provenance-001-001.json,ee6a78f884798442b70624bf215292b2aadfdf8d
LLHHHHH-HL,2,15813802725562315860,te_extinction,170,299,state-002-001-0000150.gz,150,TE-Interaction-Experiments/LLHHHHH-HL/provenance-002-001.json,ee6a78f884798442b70624bf215292b2aadfdf8d
LLHHHHH-HL,3,7379781455846091052,te_extinction,284,309,state-003-001-0000250.gz,250,TE-Interaction-Experiments/LLHHHHH-HL/provenance-003-001.json,ee6a78f884798442b70624bf215292b2aadfdf8d
LLHHHHH-LH,1,1850095315256516618,host_extinction,9,0,state-001-001-0000000.gz,0,TE-Interaction-Experiments/LLHHHHH-LH/provenance-001-001.json,ee6a78f884798442b70624bf215292b2aadfdf8d
LLHHHHH-LH,2,14746495969067998445,te_extinction,862,295,state-002-001-0000850.gz,850,TE-Interaction-Experiments/LLHHHHH-LH/provenance-002-001.json,ee6a78f884798442b70624bf215292b2aadfdf8d
LLHHHHH-LH,3,6012829707981659338,te_extinction,317,294,state-003-001-0000300.gz,300,TE-Interaction-Experiments/LLHHHHH-LH/provenance-003-001.json,ee6a78f884798442b70624bf215292b2aadfdf8d
LLHHHHH-LL,1,5593786160880541563,te_extinction,354,298,state-001-001-0000350.gz,350,TE-Interaction-Experiments/LLHHHHH-LL/provenance-001-001.json,ee6a78f884798442b70624bf215292b2aadfdf8d
LLHHHHH-LL,2,9357090742213985796,te_extinction,378,309,state-002-001-0000350.gz,350,TE-Interaction-Experiments/LLHHHHH-LL/provenance-002-001.json,ee6a78f884798442b70624bf215292b2aadfdf8d
LLHHHHH-LL,3,6194345241790431511,te_extinction,239,291,state-003-001-0000200.gz,200,TE-Interaction-Experiments/LLHHHHH-LL/provenance-003-001.json,ee6a78f884798442b70624bf215292b2aadfdf8d
LLHHHHH-Z,1,12714097914983353479,host_extinction,12,0,state-001-001-0000000.gz,0,TE-Interaction-Experiments/LLHHHHH-Z/provenance-001-001.json,023a8f88fe52b0b77d91cc3ef72caf45cabbbecf
LLHHHHH-Z,2,2637911462453207802,te_extinction,11,169,state-002-001-0000000.gz,0,TE-Interaction-Experiments/LLHHHHH-Z/provenance-002-001.json,023a8f88fe52b0b77d91cc3ef72caf45cabbbecf
LLHHHHH-Z,3,7197155525356670142,te_extinction,10,129,state-003-001-0000000.gz,0,TE-Interaction-Experiments/LLHHHHH-Z/provenance-003-001.json,023a8f88fe52b0b77d91cc3ef72caf45cabbbecf
LLHHHHL-HH,1,9793706769388729704,host_extinction,12,0,state-001-001-0000000.gz,0,TE-Interaction-Experiments/LLHHHHL-HH/provenance-001-001.json,ee6a78f884798442b70624bf215292b2aadfdf8d
LLHHHHL-HH,2,14137360827200349174,host_extinction,18,0,state-002-001-0000000.gz,0,TE-Interaction-Experiments/LLHHHHL-HH/provenance-002-001.json,ee6a78f884798442b70624bf215292b2aadfdf8d
LLHHHHL-HH,3,16682558475225267461,host_extinction,16,0,state-003-001-0000000.gz,0,TE-Interaction-Experiments/LLHHHHL-HH/provenance-003-001.json,ee6a78f884798442b70624bf215292b2aadfdf8d
LLHHHHL-HL,1,15498889628735349836,host_extinction,12,0,state-001-001-0000000.gz,0,TE-Interaction-Experiments/LLHHHHL-HL/provenance-001-001.json,ee6a78f884798442b70624bf215292b2aadfdf8d
LLHHHHL-HL,2,14264985293451612114,host_extinction,9,0,state-002-001-0000000.gz,0,TE-Interaction-Experiments/LLHHHHL-HL/provenance-002-001.json,ee6a78f884798442b70624bf215292b2aadfdf8d
LLHHHHL-HL,3,7186199923156681110,host_extinction,9,0,state-003-001-0000000.gz,0,TE-Interaction-Experiments/LLHHHHL-HL/provenance-003-001.json,ee6a78f884798442b70624bf215292b2aadfdf8d
LLHHHHL-LH,1,5284947623408969038,te_extinction,647,27,state-001-001-0000600.gz,600,TE-Interaction-Experiments/LLHHHHL-LH/provenance-001-001.json,ee6a78f884798442b70624bf215292b2aadfdf8d
LLHHHHL-LH,2,11515518861367798831,host_extinction,13,0,state-002-001-0000000.gz,0,TE-Interaction-Experiments/LLHHHHL-LH/provenance-002-001.json,ee6a78f884798442b70624bf215292b2aadfdf8d
LLHHHHL-LH,3,5382427187625584816,host_extinction,8,0,state-003-001-0000000.gz,0,TE-Interaction-Experiments/LLHHHHL-LH/provenance-003-001.json,ee6a78f884798442b70624bf215292b2aadfdf8d
LLHHHHL-LL,1,6502855274642845384,host_extinction,7,0,state-001-001-0000000.gz,0,TE-Interaction-Experiments/LLHHHHL-LL/provenance-001-001.json,ee6a78f884798442b70624bf215292b2aadfdf8d
LLHHHHL-LL,2,18307910657524813111,host_extinction,9,0,state-002-001-0000000.gz,0,TE-Interaction-Experiments/LLHHHHL-LL/provenance-002-001.json,ee6a78f884798442b70624bf215292b2aadfdf8d
LLHHHHL-LL,3,17022637212815776553,host_extinction,7,0,state-003-001-0000000.gz,0,TE-Interaction-Experiments/LLHHHHL-LL/provenance-003-001.json,ee6a78f884798442b70624bf215292b2aadfdf8d
LLHHHHL-Z,1,4573083992382142837,host_extinction,7,0,state-001-001-0000000.gz,0,TE-Interaction-Experiments/LLHHHHL-Z/provenance-001-001.json,023a8f88fe52b0b77d91cc3ef72caf45cabbbecf
LLHHHHL-Z,2,7267308936592623537,host_extinction,8,0,state-002-001-0000000.gz,0,TE-Interaction-Experiments/LLHHHHL-Z/provenance-002-001.json,023a8f88fe52b0b77d91cc3ef72caf45cabbbecf
LLHHHHL-Z,3,17266714184364213867,host_extinction,9,0,state-003-001-0000000.gz,0,TE-Interaction-Experiments/LLHHHHL-Z/provenance-003-001.json,023a8f88fe52b0b77d91cc3ef72caf45cabbbecf
LLHHHLH-HH,1,2367703389712638026,te_extinction,295,311,state-001-001-0000250.gz,250,TE-Interaction-Experiments/LLHHHLH-HH/provenance-001-001.json,ee6a78f884798442b70624bf215292b2aadfdf8d
LLHHHLH-HH,2,16185751247379845024,te_extinction,425,297,state-002-001-0000400.gz,400,TE-Interaction-Experiments/LLHHHLH-HH/provenance-002-001.json,ee6a78f884798442b70624bf215292b2aadfdf8d
LLHHHLH-HH,3,7985772866970211552,te_extinction,736,302,state-003-001-0000700.gz,700,TE-Interaction-Experiments/LLHHHLH-HH/provenance-003-001.json,ee6a78f884798442b70624bf215292b2aadfdf8d
LLHHHLH-HL,1,14238674137988324611,te_extinction,552,298,state-001-001-0000550.gz,550,TE-Interaction-Experiments/LLHHHLH-HL/provenance-001-001.json,ee6a78f884798442b70624bf215292b2aadfdf8d
LLHHHLH-HL,2,13849912604315429753,host_extinction,12,0,state-002-001-0000000.gz,0,TE-Interaction-Experiments/LLHHHLH-HL/provenance-002-001.json,ee6a78f884798442b70624bf215292b2aadfdf8d
LLHHHLH-HL,3,18102789134512568427,te_extinction,551,306,state-003-001-0000550.gz,550,TE-Interaction-Experiments/LLHHHLH-HL/provenance-003-001.json,ee6a78f884798442b70624bf215292b2aadfdf8d
LLHHHLH-LH,1,9100082836632366676,te_extinction,289,305,state-001-001-0000250.gz,250,TE-Interaction-Experiments/LLHHHLH-LH/provenance-001-001.json,ee6a78f884798442b70624bf215292b2aadfdf8d
LLHHHLH-LH,2,6267236797211943796,te_extinction,658,297,state-002-001-0000650.gz,650,TE-Interaction-Experiments/LLHHHLH-LH/provenance-002-001.json,ee6a78f884798442b70624bf215292b2aadfdf8d
LLHHHLH-LH,3,2949616425237375666,te_extinction,485,279,state-003-001-0000450.gz,450,TE-Interaction-Experiments/LLHHHLH-LH/provenance-003-001.json,ee6a78f884798442b70624bf215292b2aadfdf8d
LLHHHLH-LL,1,2491616563788996477,te_extinction,293,277,state-001-001-0000250.gz,250,TE-Interaction-Experiments/LLHHHLH-LL/provenance-001-001.json,ee6a78f884798442b70624bf215292b2aadfdf8d
LLHHHLH-LL,2,1120482512066810576,te_extinction,375,300,state-002-001-0000350.gz,350,TE-Interaction-Experiments/LLHHHLH-LL/provenance-002-001.json,ee6a78f884798442b70624bf215292b2aadfdf8d
LLHHHLH-LL,3,8322451547217814479,te_extinction,564,304,state-003-001-0000550.gz,550,TE-Interaction-Experiments/LLHHHLH-LL/provenance-003-001.json,ee6a78f884798442b70624bf215292b2aadfdf8d
LLHHHLH-Z,1,16702458739409642940,host_extinction,9,0,state-001-001-0000000.gz,0,TE-Interaction-Experiments/LLHHHLH-Z/provenance-001-001.json,023a8f88fe52b0b77d91cc3ef72caf45cabbbecf
LLHHHLH-Z,2,2225724287899110577,te_extinction,12,106,state-002-001-0000000.gz,0,TE-Interaction-Experiments/LLHHHLH-Z/provenance-002-001.json,023a8f88fe52b0b77d91cc3ef72caf45cabbbecf
LLHHHLH-Z,3,8291914828148447630,te_extinction,10,157,state-003-001-0000000.gz,0,TE-Interaction-Experiments/LLHHHLH-Z/provenance-003-001.json,023a8f88fe52b0b77d91cc3ef72caf45cabbbecf
LLHHHLL-HH,1,7719610294310647063,host_extinction,14,0,state-001-001-0000000.gz,0,TE-Interaction-Experiments/LLHHHLL-HH/provenance-001-001.json,ee6a78f884798442b70624bf215292b2aadfdf8d
LLHHHLL-HH,2,4878402972531088403,host_extinction,16,0,state-002-001-0000000.gz,0,TE-Interaction-Experiments/LLHHHLL-HH/provenance-002-001.json,ee6a78f884798442b70624bf215292b2aadfdf8d
LLHHHLL-HH,3,1570835301794773858,host_extinction,11,0,state-003-001-0000000.gz,0,TE-Interaction-Experiments/LLHHHLL-HH/provenance-003-001.json,ee6a78f884798442b70624bf215292b2aadfdf8d
LLHHHLL-HL,1,11038950077908980012,host_extinction,9,0,state-001-001-0000000.gz,0,TE-Interaction-Experiments/LLHHHLL-HL/provenance-001-001.json,ee6a78f884798442b70624bf215292b2aadfdf8d
LLHHHLL-HL,2,5373682137358884746,host_extinction,9,0,state-002-001-0000000.gz,0,TE-Interaction-Experiments/LLHHHLL-HL/provenance-002-001.json,ee6a78f884798442b70624bf215292b2aadfdf8d
LLHHHLL-HL,3,7551863572395678750,host_extinction,10,0,state-003-001-0000000.gz,0,TE-Interaction-Experiments/LLHHHLL-HL/provenance-003-001.json,ee6a78f884798442b70624bf215292b2aadfdf8d
LLHHHLL-LH,1,8553771434254683830,host_extinction,8,0,state-001-001-0000000.gz,0,TE-Interaction-Experiments/LLHHHLL-LH/provenance-001-001.json,ee6a78f884798442b70624bf215292b2aadfdf8d
LLHHHLL-LH,2,5853867887573989503,host_extinction,8,0,state-002-001-0000000.gz,0,TE-Interaction-Experiments/LLHHHLL-LH/provenance-002-001.json,ee6a78f884798442b70624bf215292b2aadfdf8d
LLHHHLL-LH,3,4618315910232910563,host_extinction,12,0,state-003-001-0000000.gz,0,TE-Interaction-Experiments/LLHHHLL-LH/provenance-003-001.json,ee6a78f884798442b70624bf215292b2aadfdf8d
LLHHHLL-LL,1,8395010209958745990,host_extinction,8,0,state-001-001-0000000.gz,0,TE-Interaction-Experiments/LLHHHLL-LL/provenance-001-001.json,ee6a78f884798442b70624bf215292b2aadfdf8d
LLHHHLL-LL,2,14342000780098057419,te_extinction,476,31,state-002-001-0000450.gz,450,TE-Interaction-Experiments/LLHHHLL-LL/provenance-002-001.json,ee6a78f884798442b70624bf215292b2aadfdf8d
LLHHHLL-LL,3,186687779286263165,host_extinction,8,0,state-003-001-0000000.gz,0,TE-Interaction-Experiments/LLHHHLL-LL/provenance-003-001.json,ee6a78f884798442b70624bf215292b2aadfdf8d
LLHHHLL-Z,1,14924539610448190312,te_extinction,7,14,state-001-001-0000000.gz,0,TE-Interaction-Experiments/LLHHHLL-Z/provenance-001-001.json,023a8f88fe52b0b77d91cc3ef72caf45cabbbecf
LLHHHLL-Z,2,16117630801558807827,host_extinction,8,0,state-002-001-0000000.gz,0,TE-Interaction-Experiments/LLHHHLL-Z/provenance-002-001.json,023a8f88fe52b0b77d91cc3ef72caf45cabbbecf
LLHHHLL-Z,3,16856428623315662505,host_extinction,8,0,state-003-001-0000000.gz,0,TE-Interaction-Experiments/LLHHHLL-Z/provenance-003-001.json,023a8f88fe52b0b77d91cc3ef72caf45cabbbecf
LLHHLHH-HH,1,8327766643564294810,te_extinction,450,285,state-001-001-0000400.gz,400,TE-Interaction-Experiments/LLHHLHH-HH/provenance-001-001.json,ee6a78f884798442b70624bf215292b2aadfdf8d
LLHHLHH-HH,2,15956305082075836085,te_extinction,571,306,state-002-001-0000550.gz,550,TE-Interaction-Experiments/LLHHLHH-HH/provenance-002-001.json,ee6a78f884798442b70624bf215292b2aadfdf8d
LLHHLHH-HH,3,1447374103844332897,te_extinction,193,312,state-003-001-0000150.gz,150,TE-Interaction-Experiments/LLHHLHH-HH/provenance-003-001.json,ee6a78f884798442b70624bf215292b2aadfdf8d
LLHHLHH-HL,1,1078628104916499550,te_extinction,238,294,state-001-001-0000200.gz,200,TE-Interaction-Experiments/LLHHLHH-HL/provenance-001-001.json,ee6a78f884798442b70624bf215292b2aadfdf8d
LLHHLHH-HL,2,2034302492794064813,te_extinction,1004,301,state-002-001-0001000.gz,1000,TE-Interaction-Experiments/LLHHLHH-HL/provenance-002-001.json,ee6a78f884798442b70624bf215292b2aadfdf8d
LLHHLHH-HL,3,1407815333968482522,te_extinction,554,299,state-003-001-0000550.gz,550,TE-Interaction-Experiments/LLHHLHH-HL/provenance-003-001.json,ee6a78f884798442b70624bf215292b2aadfdf8d
LLHHLHH-LH,1,14644136834955028272,te_extinction,709,311,state-001-001-0000700.gz,700,TE-Interaction-Experiments/LLHHLHH-LH/provenance-001-001.json,ee6a78f884798442b70624bf215292b2aadfdf8d
LLHHLHH-LH,2,6739770029392030680,te_extinction,938,311,state-002-001-0000900.gz,900,TE-Interaction-Experiments/LLHHLHH-LH/provenance-002-001.json,ee6a78f884798442b70624bf215292b2aadfdf8d
LLHHLHH-LH,3,8160760341630235842,te_extinction,1317,295,state-003-001-0001300.gz,1300,TE-Interaction-Experiments/LLHHLHH-LH/provenance-003-001.json,ee6a78f884798442b70624bf215292b2aadfdf8d
LLHHLHH-LL,1,7459056114657110959,te_extinction,166,304,state-001-001-0000150.gz,150,TE-Interaction-Experiments/LLHHLHH-LL/provenance-001-001.json,ee6a78f884798442b70624bf215292b2aadfdf8d
LLHHLHH-LL,2,13808504188149919003,te_extinction,555,270,state-002-001-0000550.gz,550,TE-Interaction-Experiments/LLHHLHH-LL/provenance-002-001.json,ee6a78f884798442b70624bf215292b2aadfdf8d
LLHHLHH-LL,3,14096823755367082815,host_extinction,8,0,state-003-001-0000000.gz,0,TE-Interaction-Experiments/LLHHLHH-LL/provenance-003-001.json,ee6a78f884798442b70624bf215292b2aadfdf8d
LLHHLHH-Z,1,5074906680780213671,te_extinction,9,172,state-001-001-0000000.gz,0,TE-Interaction-Experiments/LLHHLHH-Z/provenance-001-001.json,023a8f88fe52b0b77d91cc3ef72caf45cabbbecf
LLHHLHH-Z,2,4235872239236005141,te_extinction,7,45,state-002-001-0000000.gz,0,TE-Interaction-Experiments/LLHHLHH-Z/provenance-002-001.json,023a8f88fe52b0b77d91cc3ef72caf45cabbbecf
LLHHLHH-Z,3,17646032452963271844,te_extinction,9,158,state-003-001-0000000.gz,0,TE-Interaction-Experiments/LLHHLHH-Z/provenance-003-001.json,023a8f88fe52b0b77d91cc3ef72caf45cabbbecf
LLHHLHL-HH,1,6419525344816539254,host_extinction,7,0,state-001-001-0000000.gz,0,TE-Interaction-Experiments/LLHHLHL-HH/provenance-001-001.json,ee6a78f884798442b70624bf215292b2aadfdf8d
LLHHLHL-HH,2,889367872272127930,host_extinction,9,0,state-002-001-0000000.gz,0,TE-Interaction-Experiments/LLHHLHL-HH/provenance-002-001.json,ee6a78f884798442b70624bf215292b2aadfdf8d
LLHHLHL-HH,3,11696389513074228590,host_extinction,7,0,state-003-001-0000000.gz,0,TE-Interaction-Experiments/LLHHLHL-HH/provenance-003-001.json,ee6a78f884798442b70624bf215292b2aadfdf8d
LLHHLHL-HL,1,18408126066692676627,host_extinction,7,0,state-001-001-0000000.gz,0,TE-Interaction-Experiments/LLHHLHL-HL/provenance-001-001.json,ee6a78f884798442b70624bf215292b2aadfdf8d
LLHHLHL-HL,2,9537902858952059965,host_extinction,6,0,state-002-001-0000000.gz,0,TE-Interaction-Experiments/LLHHLHL-HL/provenance-002-001.json,ee6a78f884798442b70624bf215292b2aadfdf8d
LLHHLHL-HL,3,6766044813560461594,host_extinction,6,0,state-003-001-0000000.gz,0,TE-Interaction-Experiments/LLHHLHL-HL/provenance-003-001.json,ee6a78f884798442b70624bf215292b2aadfdf8d
LLHHLHL-LH,1,2533773647073982703,host_extinction,6,0,state-001-001-0000000.gz,0,TE-Interaction-Experiments/LLHHLHL-LH/provenance-001-001.json,ee6a78f884798442b70624bf215292b2aadfdf8d
LLHHLHL-LH,2,8857712199174242998,host_extinction,7,0,state-002-001-0000000.gz,0,TE-Interaction-Experiments/LLHHLHL-LH/provenance-002-001.json,ee6a78f884798442b70624bf215292b2aadfdf8d
LLHHLHL-LH,3,11233541007108004593,host_extinction,6,0,state-003-001-0000000.gz,0,TE-Interaction-Experiments/LLHHLHL-LH/provenance-003-001.json,ee6a78f884798442b70624bf215292b2aadfdf8d
LLHHLHL-LL,1,13142647888615731707,host_extinction,6,0,state-001-001-0000000.gz,0,TE-Interaction-Experiments/LLHHLHL-LL/provenance-001-001.json,ee6a78f884798442b70624bf215292b2aadfdf8d
LLHHLHL-LL,2,16454848765366137695,te_extinction,68,26,state-002-001-0000050.gz,50,TE-Interaction-Experiments/LLHHLHL-LL/provenance-002-001.json,ee6a78f884798442b70624bf215292b2aadfdf8d
LLHHLHL-LL,3,8857258652999314913,host_extinction,6,0,state-003-001-0000000.gz,0,TE-Interaction-Experiments/LLHHLHL-LL/provenance-003-001.json,ee6a78f884798442b70624bf215292b2aadfdf8d
LLHHLHL-Z,1,6316890269091799883,host_extinction,6,0,state-001-001-0000000.gz,0,TE-Interaction-Experiments/LLHHLHL-Z/provenance-001-001.json,023a8f88fe52b0b77d91cc3ef72caf45cabbbecf
LLHHLHL-Z,2,383189788308063718,host_extinction,8,0,state-002-001-0000000.gz,0,TE-Interaction-Experiments/LLHHLHL-Z/provenance-002-001.json,023a8f88fe52b0b77d91cc3ef72caf45cabbbecf
LLHHLHL-Z,3,13565538979390342295,host_extinction,5,0,state-003-001-0000000.gz,0,TE-Interaction-Experiments/LLHHLHL-Z/provenance-003-001.json,023a8f88fe52b0b77d91cc3ef72caf45cabbbecf
LLHHLLH-HH,1,5811956275079823701,te_extinction,357,305,state-001-001-0000350.gz,350,TE-Interaction-Experiments/LLHHLLH-HH/provenance-001-001.json,ee6a78f884798442b70624bf215292b2aadfdf8d
LLHHLLH-HH,2,9604642802603319887,te_extinction,707,314,state-002-001-0000700.gz,700,TE-Interaction-Experiments/LLHHLLH-HH/provenance-002-001.json,ee6a78f884798442b70624bf215292b2aadfdf8d
LLHHLLH-HH,3,717836257336477719,te_extinction,633,266,state-003-001-0000600.gz,600,TE-Interaction-Experiments/LLHHLLH-HH/provenance-003-001.json,ee6a78f884798442b70624bf215292b2aadfdf8d
LLHHLLH-HL,1,10923046575135240507,te_extinction,466,306,state-001-001-0000450.gz,450,TE-Interaction-Experiments/LLHHLLH-HL/provenance-001-001.json,ee6a78f884798442b70624bf215292b2aadfdf8d
LLHHLLH-HL,2,11102648155477474679,te_extinction,263,286,state-002-001-0000250.gz,250,TE-Interaction-Experiments/LLHHLLH-HL/provenance-002-001.json,ee6a78f884798442b70624bf215292b2aadfdf8d
LLHHLLH-HL,3,6573591781243502910,te_extinction,455,283,state-003-001-0000450.gz,450,TE-Interaction-Experiments/LLHHLLH-HL/provenance-003-001.json,ee6a78f884798442b70624bf215292b2aadfdf8d
LLHHLLH-LH,1,15321994444381214847,te_extinction,795,299,state-001-001-0000750.gz,750,TE-Interaction-Experiments/LLHHLLH-LH/provenance-001-001.json,ee6a78f884798442b70624bf215292b2aadfdf8d
LLHHLLH-LH,2,18359921280787911042,te_extinction,1304,272,state-002-001-0001300.gz,1300,TE-Interaction-Experiments/LLHHLLH-LH/provenance-002-001.json,ee6a78f884798442b70624bf215292b2aadfdf8d
LLHHLLH-LH,3,17613561555826897945,te_extinction,592,302,state-003-001-0000550.gz,550,TE-Interaction-Experiments/LLHHLLH-LH/provenance-003-001.json,ee6a78f884798442b70624bf215292b2aadfdf8d
LLHHLLH-LL,1,10038955817898629596,te_extinction,736,301,state-001-001-0000700.gz,700,TE-Interaction-Experiments/LLHHLLH-LL/provenance-001-001.json,ee6a78f884798442b70624bf215292b2aadfdf8d
LLHHLLH-LL,2,13130043016012538444,te_extinction,529,285,state-002-001-0000500.gz,500,TE-Interaction-Experiments/LLHHLLH-LL/provenance-002-001.json,ee6a78f884798442b70624bf215292b2aadfdf8d
LLHHLLH-LL,3,4491748733506713268,host_extinction,8,0,state-003-001-0000000.gz,0,TE-Interaction-Experiments/LLHHLLH-LL/provenance-003-001.json,ee6a78f884798442b70624bf215292b2aadfdf8d
LLHHLLH-Z,1,6933723288140032608,te_extinction,8,154,state-001-001-0000000.gz,0,TE-Interaction-Experiments/LLHHLLH-Z/provenance-001-001.json,023a8f88fe52b0b77d91cc3ef72caf45cabbbecf
LLHHLLH-Z,2,16919084749592459388,te_extinction,11,300,state-002-001-0000000.gz,0,TE-Interaction-Experiments/LLHHLLH-Z/provenance-002-001.json,023a8f88fe52b0b77d91cc3ef72caf45cabbbecf
LLHHLLH-Z,3,5822418680314598635,te_extinction,8,146,state-003-001-0000000.gz,0,TE-Interaction-Experiments/LLHHLLH-Z/provenance-003-001.json,023a8f88fe52b0b77d91cc3ef72caf45cabbbecf
LLHHLLL-HH,1,16756969040685096797,host_extinction,12,0,state-001-001-0000000.gz,0,TE-Interaction-Experiments/LLHHLLL-HH/provenance-001-001.json,ee6a78f884798442b70624bf215292b2aadfdf8d
LLHHLLL-HH,2,17321952069926319876,host_extinction,9,0,state-002-001-0000000.gz,0,TE-Interaction-Experiments/LLHHLLL-HH/provenance-002-001.json,ee6a78f884798442b70624bf215292b2aadfdf8d
LLHHLLL-HH,3,422029959897133033,te_extinction,352,22,state-003-001-0000350.gz,350,TE-Interaction-Experiments/LLHHLLL-HH/provenance-003-001.json,ee6a78f884798442b70624bf215292b2aadfdf8d
LLHHLLL-HL,1,3988542994305334175,host_extinction,6,0,state-001-001-0000000.gz,0,TE-Interaction-Experiments/LLHHLLL-HL/provenance-001-001.json,ee6a78f884798442b70624bf215292b2aadfdf8d
LLHHLLL-HL,2,14378562013484728462,te_extinction,155,29,state-002-001-0000150.gz,150,TE-Interaction-Experiments/LLHHLLL-HL/provenance-002-001.json,ee6a78f884798442b70624bf215292b2aadfdf8d
LLHHLLL-HL,3,7976373081850552662,host_extinction,5,0,state-003-001-0000000.gz,0,TE-Interaction-Experiments/LLHHLLL-HL/provenance-003-001.json,ee6a78f884798442b70624bf215292b2aadfdf8d
LLHHLLL-LH,1,14193738002459334527,host_extinction,8,0,state-001-001-0000000.gz,0,TE-Interaction-Experiments/LLHHLLL-LH/provenance-001-001.json,ee6a78f884798442b70624bf215292b2aadfdf8d
LLHHLLL-LH,2,16873460249597576633,te_extinction,381,28,state-002-001-0000350.gz,350,TE-Interaction-Experiments/LLHHLLL-LH/provenance-002-001.json,ee6a78f884798442b70624bf215292b2aadfdf8d
LLHHLLL-LH,3,1013308072699479191,host_extinction,10,0,state-003-001-0000000.gz,0,TE-Interaction-Experiments/LLHHLLL-LH/provenance-003-001.json,ee6a78f884798442b70624bf215292b2aadfdf8d
LLHHLLL-LL,1,4263675257217724239,te_extinction,845,27,state-001-001-0000800.gz,800,TE-Interaction-Experiments/LLHHLLL-LL/provenance-001-001.json,ee6a78f884798442b70624bf215292b2aadfdf8d
LLHHLLL-LL,2,7947765918439369602,host_extinction,7,0,state-002-001-0000000.gz,0,TE-Interaction-Experiments/LLHHLLL-LL/provenance-002-001.json,ee6a78f884798442b70624bf215292b2aadfdf8d
LLHHLLL-LL,3,18032237207790155537,host_extinction,5,0,state-003-001-0000000.gz,0,TE-Interaction-Experiments/LLHHLLL-LL/provenance-003-001.json,ee6a78f884798442b70624bf215292b2aadfdf8d
LLHHLLL-Z,1,8658561608930435929,host_extinction,6,0,state-001-001-0000000.gz,0,TE-Interaction-Experiments/LLHHLLL-Z/provenance-001-001.json,023a8f88fe52b0b77d91cc3ef72caf45cabbbecf
LLHHLLL-Z,2,8297186409971813171,host_extinction,8,0,state-002-001-0000000.gz,0,TE-Interaction-Experiments/LLHHLLL-Z/provenance-002-001.json,023a8f88fe52b0b77d91cc3ef72caf45cabbbecf
LLHHLLL-Z,3,1166207370780747368,te_extinction,7,27,state-003-001-0000000.gz,0,TE-Interaction-Experiments/LLHHLLL-Z/provenance-003-001.json,023a8f88fe52b0b77d91cc3ef72caf45cabbbecf
LLHLHHH-HH,1,646949114402340018,maximum_generations,1500,282,state-001-002-0001500.gz,1500,TE-Interaction-Experiments/LLHLHHH-HH/provenance-001-002.json,6d7e1d3095ad5913aa6640d26f7b0a69d284dacb
LLHLHHH-HH,2,16125838316082640504,maximum_generations,1500,281,state-002-002-0001500.gz,1500,TE-Interaction-Experiments/LLHLHHH-HH/provenance-002-002.json,6d7e1d3095ad5913aa6640d26f7b0a69d284dacb
LLHLHHH-HH,3,13041562103071196829,maximum_generations,1500,323,state-003-002-0001500.gz,1500,TE-Interaction-Experiments/LLHLHHH-HH/provenance-003-002.json,6d7e1d3095ad5913aa6640d26f7b0a69d284dacb
LLHLHHH-HL,1,38014901505469019,maximum_generations,1500,294,state-001-002-0001500.gz,1500,TE-Interaction-Experiments/LLHLHHH-HL/provenance-001-002.json,6d7e1d3095ad5913aa6640d26f7b0a69d284dacb
LLHLHHH-HL,2,644575781059171193,maximum_generations,1500,287,state-002-002-0001500.gz,1500,TE-Interaction-Experiments/LLHLHHH-HL/provenance-002-002.json,6d7e1d3095ad5913aa6640d26f7b0a69d284dacb
LLHLHHH-HL,3,4419924066419169275,checkpointed,1490,312,state-003-002-0001490.gz,1490,TE-Interaction-Experiments/LLHLHHH-HL/provenance-003-002.json,6d7e1d3095ad5913aa6640d26f7b0a69d284dacb
LLHLHHH-LH,1,3558601286344962081,checkpointed,1023,294,state-001-002-0001023.gz,1023,TE-Interaction-Experiments/LLHLHHH-LH/provenance-001-002.json,6d7e1d3095ad5913aa6640d26f7b0a69d284dacb
LLHLHHH-LH,2,9725054499199836269,checkpointed,1060,292,state-002-002-0001060.gz,1060,TE-Interaction-Experiments/LLHLHHH-LH/provenance-002-002.json,6d7e1d3095ad5913aa6640d26f7b0a69d284dacb
LLHLHHH-LH,3,16202230178800986698,checkpointed,994,332,state-003-002-0000994.gz,994,TE-Interaction-Experiments/LLHLHHH-LH/provenance-003-002.json,6d7e1d3095ad5913aa6640d26f7b0a69d284dacb
LLHLHHH-LL,1,5682015371311325889,te_extinction,172,293,state-001-001-0000150.gz,150,TE-Interaction-Experiments/LLHLHHH-LL/provenance-001-001.json,ee6a78f884798442b70624bf215292b2aadfdf8d
LLHLHHH-LL,2,10387745347127464246,checkpointed,973,274,state-002-002-0000973.gz,973,TE-Interaction-Experiments/LLHLHHH-LL/provenance-002-002.json,6d7e1d3095ad5913aa6640d26f7b0a69d284dacb
LLHLHHH-LL,3,16061034534812209997,checkpointed,1006,298,state-003-002-0001006.gz,1006,TE-Interaction-Experiments/LLHLHHH-LL/provenance-003-002.json,6d7e1d3095ad5913aa6640d26f7b0a69d284dacb
LLHLHHH-Z,1,12613173739777559254,te_extinction,14,308,state-001-001-0000000.gz,0,TE-Interaction-Experiments/LLHLHHH-Z/provenance-001-001.json,f9d0537629a4cacb6ed147d796121c399c460656
LLHLHHH-Z,2,4565429883736839339,host_extinction,18,0,state-002-001-0000000.gz,0,TE-Interaction-Experiments/LLHLHHH-Z/provenance-002-001.json,023a8f88fe52b0b77d91cc3ef72caf45cabbbecf
LLHLHHH-Z,3,9510567271303547621,running,,,state-003-002-0000000.gz,0,TE-Interaction-Experiments/LLHLHHH-Z/provenance-003-002.json,30dfefc808a1eac43e49401fdcce00260d5eafac
LLHLHHL-HH,1,15858019597010699125,maximum_generations,1500,29,state-001-001-0001500.gz,1500,TE-Interaction-Experiments/LLHLHHL-HH/provenance-001-001.json,ee6a78f884798442b70624bf215292b2aadfdf8d
LLHLHHL-HH,2,17112165985254437480,maximum_generations,1500,28,state-002-001-0001500.gz,1500,TE-Interaction-Experiments/LLHLHHL-HH/provenance-002-001.json,ee6a78f884798442b70624bf215292b2aadfdf8d
LLHLHHL-HH,3,11466362276425570581,maximum_generations,1500,31,state-003-001-0001500.gz,1500,TE-Interaction-Experiments/LLHLHHL-HH/provenance-003-001.json,ee6a78f884798442b70624bf215292b2aadfdf8d
LLHLHHL-HL,1,6779687979696116285,maximum_generations,1500,25,state-001-001-0001500.gz,1500,TE-Interaction-Experiments/LLHLHHL-HL/provenance-001-001.json,ee6a78f884798442b70624bf215292b2aadfdf8d
LLHLHHL-HL,2,2296986937951735451,maximum_generations,1500,34,state-002-001-0001500.gz,1500,TE-Interaction-Experiments/LLHLHHL-HL/provenance-002-001.json,ee6a78f884798442b70624bf215292b2aadfdf8d
LLHLHHL-HL,3,8376721115741022876,maximum_generations,1500,23,state-003-001-0001500.gz,1500,TE-Interaction-Experiments/LLHLHHL-HL/provenance-003-001.json,ee6a78f884798442b70624bf215292b2aadfdf8d
LLHLHHL-LH,1,5095707784875300725,maximum_generations,1500,28,state-001-002-0001500.gz,1500,TE-Interaction-Experiments/LLHLHHL-LH/provenance-001-002.json,6d7e1d3095ad5913aa6640d26f7b0a69d284dacb
LLHLHHL-LH,2,13932264968330201094,maximum_generations,1500,29,state-002-002-0001500.gz,1500,TE-Interaction-Experiments/LLHLHHL-LH/provenance-002-002.json,6d7e1d3095ad5913aa6640d26f7b0a69d284dacb
LLHLHHL-LH,3,4751518326162552256,maximum_generations,1500,30,state-003-002-0001500.gz,1500,TE-Interaction-Experiments/LLHLHHL-LH/provenance-003-002.json,6d7e1d3095ad5913aa6640d26f7b0a69d284dacb
LLHLHHL-LL,1,5058151079104851618,te_extinction,297,32,state-001-001-0000250.gz,250,TE-Interaction-Experiments/LLHLHHL-LL/provenance-001-001.json,ee6a78f884798442b70624bf215292b2aadfdf8d
LLHLHHL-LL,2,8368502535921655652,te_extinction,779,30,state-002-001-0000750.gz,750,TE-Interaction-Experiments/LLHLHHL-LL/provenance-002-001.json,ee6a78f884798442b70624bf215292b2aadfdf8d
LLHLHHL-LL,3,18134978959332374644,host_extinction,16,0,state-003-001-0000000.gz,0,TE-Interaction-Experiments/LLHLHHL-LL/provenance-003-001.json,ee6a78f884798442b70624bf215292b2aadfdf8d
LLHLHHL-Z,1,9322604777464928018,host_extinction,12,0,state-001-001-0000000.gz,0,TE-Interaction-Experiments/LLHLHHL-Z/provenance-001-001.json,f9d0537629a4cacb6ed147d796121c399c460656
LLHLHHL-Z,2,14445362511427478936,host_extinction,12,0,state-002-001-0000000.gz,0,TE-Interaction-Experiments/LLHLHHL-Z/provenance-002-001.json,023a8f88fe52b0b77d91cc3ef72caf45cabbbecf
LLHLHHL-Z,3,11539995579099627430,host_extinction,13,0,state-003-001-0000000.gz,0,TE-Interaction-Experiments/LLHLHHL-Z/provenance-003-001.json,023a8f88fe52b0b77d91cc3ef72caf45cabbbecf
LLHLHLH-HH,1,6446122531586894981,maximum_generations,1500,293,state-001-002-0001500.gz,1500,TE-Interaction-Experiments/LLHLHLH-HH/provenance-001-002.json,6d7e1d3095ad5913aa6640d26f7b0a69d284dacb
LLHLHLH-HH,2,14063681899084053316,te_extinction,439,300,state-002-001-0000400.gz,400,TE-Interaction-Experiments/LLHLHLH-HH/provenance-002-001.json,ee6a78f884798442b70624bf215292b2aadfdf8d
LLHLHLH-HH,3,2453107437363516801,te_extinction,1012,283,state-003-001-0001000.gz,1000,TE-Interaction-Experiments/LLHLHLH-HH/provenance-003-001.json,ee6a78f884798442b70624bf215292b2aadfdf8d
LLHLHLH-HL,1,4015647960317596961,maximum_generations,1500,305,state-001-002-0001500.gz,1500,TE-Interaction-Experiments/LLHLHLH-HL/provenance-001-002.json,6d7e1d3095ad5913aa6640d26f7b0a69d284dacb
LLHLHLH-HL,2,16024328277952462297,te_extinction,348,302,state-002-001-0000300.gz,300,TE-Interaction-Experiments/LLHLHLH-HL/provenance-002-001.json,ee6a78f884798442b70624bf215292b2aadfdf8d
LLHLHLH-HL,3,12863608471468139357,maximum_generations,1500,288,state-003-002-0001500.gz,1500,TE-Interaction-Experiments/LLHLHLH-HL/provenance-003-002.json,6d7e1d3095ad5913aa6640d26f7b0a69d284dacb
LLHLHLH-LH,1,1520474245110663676,checkpointed,1165,304,state-001-002-0001165.gz,1165,TE-Interaction-Experiments/LLHLHLH-LH/provenance-001-002.json,6d7e1d3095ad5913aa6640d26f7b0a69d284dacb
LLHLHLH-LH,2,15105500726445784216,te_extinction,416,325,state-002-001-0000400.gz,400,TE-Interaction-Experiments/LLHLHLH-LH/provenance-002-001.json,ee6a78f884798442b70624bf215292b2aadfdf8d
LLHLHLH-LH,3,6528520244128794327,checkpointed,1011,302,state-003-002-0001011.gz,1011,TE-Interaction-Experiments/LLHLHLH-LH/provenance-003-002.json,6d7e1d3095ad5913aa6640d26f7b0a69d284dacb
LLHLHLH-LL,1,12093170714330081960,checkpointed,1016,283,state-001-002-0001016.gz,1016,TE-Interaction-Experiments/LLHLHLH-LL/provenance-001-002.json,6d7e1d3095ad5913aa6640d26f7b0a69d284dacb
LLHLHLH-LL,2,9977350960919497379,te_extinction,312,308,state-002-001-0000300.gz,300,TE-Interaction-Experiments/LLHLHLH-LL/provenance-002-001.json,ee6a78f884798442b70624bf215292b2aadfdf8d
LLHLHLH-LL,3,4169541234956581767,checkpointed,1097,307,state-003-002-0001097.gz,1097,TE-Interaction-Experiments/LLHLHLH-LL/provenance-003-002.json,6d7e1d3095ad5913aa6640d26f7b0a69d284dacb
LLHLHLH-Z,1,5808665998793931523,host_extinction,15,0,state-001-001-0000000.gz,0,TE-Interaction-Experiments/LLHLHLH-Z/provenance-001-001.json,023a8f88fe52b0b77d91cc3ef72caf45cabbbecf
LLHLHLH-Z,2,3283407094143577216,te_extinction,14,308,state-002-001-0000000.gz,0,TE-Interaction-Experiments/LLHLHLH-Z/provenance-002-001.json,023a8f88fe52b0b77d91cc3ef72caf45cabbbecf
LLHLHLH-Z,3,15101481801600572277,te_extinction,14,309,state-003-001-0000000.gz,0,TE-Interaction-Experiments/LLHLHLH-Z/provenance-003-001.json,023a8f88fe52b0b77d91cc3ef72caf45cabbbecf
LLHLHLL-HH,1,2720830076257021962,maximum_generations,1500,25,state-001-001-0001500.gz,1500,TE-Interaction-Experiments/LLHLHLL-HH/provenance-001-001.json,ee6a78f884798442b70624bf215292b2aadfdf8d
LLHLHLL-HH,2,13644868356398816517,maximum_generations,1500,23,state-002-001-0001500.gz,1500,TE-Interaction-Experiments/LLHLHLL-HH/provenance-002-001.json,ee6a78f884798442b70624bf215292b2aadfdf8d
LLHLHLL-HH,3,11512110484798963213,maximum_generations,1500,26,state-003-001-0001500.gz,1500,TE-Interaction-Experiments/LLHLHLL-HH/provenance-003-001.json,ee6a78f884798442b70624bf215292b2aadfdf8d
LLHLHLL-HL,1,12014195420040079244,maximum_generations,1500,27,state-001-001-0001500.gz,1500,TE-Interaction-Experiments/LLHLHLL-HL/provenance-001-001.json,ee6a78f884798442b70624bf215292b2aadfdf8d
LLHLHLL-HL,2,16061746584759937086,maximum_generations,1500,28,state-002-001-0001500.gz,1500,TE-Interaction-Experiments/LLHLHLL-HL/provenance-002-001.json,ee6a78f884798442b70624bf215292b2aadfdf8d
LLHLHLL-HL,3,10272239809775953956,maximum_generations,1500,36,state-003-001-0001500.gz,1500,TE-Interaction-Experiments/LLHLHLL-HL/provenance-003-001.json,ee6a78f884798442b70624bf215292b2aadfdf8d
LLHLHLL-LH,1,7648329293900316670,maximum_generations,1500,23,state-001-002-0001500.gz,1500,TE-Interaction-Experiments/LLHLHLL-LH/provenance-001-002.json,6d7e1d3095ad5913aa6640d26f7b0a69d284dacb
LLHLHLL-LH,2,8077210737802779392,maximum_generations,1500,28,state-002-002-0001500.gz,1500,TE-Interaction-Experiments/LLHLHLL-LH/provenance-002-002.json,6d7e1d3095ad5913aa6640d26f7b0a69d284dacb
LLHLHLL-LH,3,13205681711364083572,maximum_generations,1500,26,state-003-002-0001500.gz,1500,TE-Interaction-Experiments/LLHLHLL-LH/provenance-003-002.json,6d7e1d3095ad5913aa6640d26f7b0a69d284dacb
LLHLHLL-LL,1,12437570353644603873,maximum_generations,1500,32,state-001-002-0001500.gz,1500,TE-Interaction-Experiments/LLHLHLL-LL/provenance-001-002.json,6d7e1d3095ad5913aa6640d26f7b0a69d284dacb
LLHLHLL-LL,2,3207690829484362872,host_extinction,14,0,state-002-001-0000000.gz,0,TE-Interaction-Experiments/LLHLHLL-LL/provenance-002-001.json,ee6a78f884798442b70624bf215292b2aadfdf8d
LLHLHLL-LL,3,14769758534279581027,host_extinction,20,0,state-003-001-0000000.gz,0,TE-Interaction-Experiments/LLHLHLL-LL/provenance-003-001.json,ee6a78f884798442b70624bf215292b2aadfdf8d
LLHLHLL-Z,1,7864509946425171045,checkpointed,26,32,state-001-004-0000026.gz,26,TE-Interaction-Experiments/LLHLHLL-Z/provenance-001-004.json,ee6a78f884798442b70624bf215292b2aadfdf8d
LLHLHLL-Z,2,999250302151480636,host_extinction,14,0,state-002-001-0000000.gz,0,TE-Interaction-Experiments/LLHLHLL-Z/provenance-002-001.json,023a8f88fe52b0b77d91cc3ef72caf45cabbbecf
LLHLHLL-Z,3,1865409549972204554,host_extinction,13,0,state-003-001-0000000.gz,0,TE-Interaction-Experiments/LLHLHLL-Z/provenance-003-001.json,023a8f88fe52b0b77d91cc3ef72caf45cabbbecf
LLHLLHH-HH,1,3415475399489191307,te_extinction,297,309,state-001-001-0000250.gz,250,TE-Interaction-Experiments/LLHLLHH-HH/provenance-001-001.json,ee6a78f884798442b70624bf215292b2aadfdf8d
LLHLLHH-HH,2,2522504671963554036,maximum_generations,1500,303,state-002-002-0001500.gz,1500,TE-Interaction-Experiments/LLHLLHH-HH/provenance-002-002.json,6d7e1d3095ad5913aa6640d26f7b0a69d284dacb
LLHLLHH-HH,3,5015231326610250617,te_extinction,258,287,state-003-001-0000250.gz,250,TE-Interaction-Experiments/LLHLLHH-HH/provenance-003-001.json,ee6a78f884798442b70624bf215292b2aadfdf8d
LLHLLHH-HL,1,5379488559826349746,te_extinction,446,319,state-001-001-0000400.gz,400,TE-Interaction-Experiments/LLHLLHH-HL/provenance-001-001.json,ee6a78f884798442b70624bf215292b2aadfdf8d
LLHLLHH-HL,2,4072057615440724581,maximum_generations,1500,288,state-002-002-0001500.gz,1500,TE-Interaction-Experiments/LLHLLHH-HL/provenance-002-002.json,6d7e1d3095ad5913aa6640d26f7b0a69d284dacb
LLHLLHH-HL,3,3364471869938089178,te_extinction,159,306,state-003-001-0000150.gz,150,TE-Interaction-Experiments/LLHLLHH-HL/provenance-003-001.json,ee6a78f884798442b70624bf215292b2aadfdf8d
LLHLLHH-LH,1,10922438807962442714,host_extinction,13,0,state-001-001-0000000.gz,0,TE-Interaction-Experiments/LLHLLHH-LH/provenance-001-001.json,ee6a78f884798442b70624bf215292b2aadfdf8d
LLHLLHH-LH,2,8074706014804731835,te_extinction,579,286,state-002-001-0000550.gz,550,TE-Interaction-Experiments/LLHLLHH-LH/provenance-002-001.json,ee6a78f884798442b70624bf215292b2aadfdf8d
LLHLLHH-LH,3,1039382405162752582,te_extinction,252,285,state-003-001-0000250.gz,250,TE-Interaction-Experiments/LLHLLHH-LH/provenance-003-001.json,ee6a78f884798442b70624bf215292b2aadfdf8d
LLHLLHH-LL,1,14944320590258445721,host_extinction,10,0,state-001-001-0000000.gz,0,TE-Interaction-Experiments/LLHLLHH-LL/provenance-001-001.json,ee6a78f884798442b70624bf215292b2aadfdf8d
LLHLLHH-LL,2,15675964362299778658,te_extinction,448,322,state-002-001-0000400.gz,400,TE-Interaction-Experiments/LLHLLHH-LL/provenance-002-001.json,ee6a78f884798442b70624bf215292b2aadfdf8d
LLHLLHH-LL,3,875493140352158119,te_extinction,264,298,state-003-001-0000250.gz,250,TE-Interaction-Experiments/LLHLLHH-LL/provenance-003-001.json,ee6a78f884798442b70624bf215292b2aadfdf8d
LLHLLHH-Z,1,4398731848550254330,host_extinction,11,0,state-001-001-0000000.gz,0,TE-Interaction-Experiments/LLHLLHH-Z/provenance-001-001.json,f9d0537629a4cacb6ed147d796121c399c460656
LLHLLHH-Z,2,9099063776560850587,te_extinction,11,293,state-002-001-0000000.gz,0,TE-Interaction-Experiments/LLHLLHH-Z/provenance-002-001.json,023a8f88fe52b0b77d91cc3ef72caf45cabbbecf
LLHLLHH-Z,3,11890788917590786505,te_extinction,11,196,state-003-001-0000000.gz,0,TE-Interaction-Experiments/LLHLLHH-Z/provenance-003-001.json,023a8f88fe52b0b77d91cc3ef72caf45cabbbecf
LLHLLHL-HH,1,8822515347546716357,host_extinction,21,0,state-001-001-0000000.gz,0,TE-Interaction-Experiments/LLHLLHL-HH/provenance-001-001.json,ee6a78f884798442b70624bf215292b2aadfdf8d
LLHLLHL-HH,2,8612005409719525450,host_extinction,25,0,state-002-001-0000000.gz,0,TE-Interaction-Experiments/LLHLLHL-HH/provenance-002-001.json,ee6a78f884798442b70624bf215292b2aadfdf8d
LLHLLHL-HH,3,3490564778441194377,te_extinction,1451,26,state-003-001-0001450.gz,1450,TE-Interaction-Experiments/LLHLLHL-HH/provenance-003-001.json,ee6a78f884798442b70624bf215292b2aadfdf8d
LLHLLHL-HL,1,5661193794104079900,host_extinction,18,0,state-001-001-0000000.gz,0,TE-Interaction-Experiments/LLHLLHL-HL/provenance-001-001.json,ee6a78f884798442b70624bf215292b2aadfdf8d
LLHLLHL-HL,2,14209416048226614984,host_extinction,12,0,state-002-001-0000000.gz,0,TE-Interaction-Experiments/LLHLLHL-HL/provenance-002-001.json,ee6a78f884798442b70624bf215292b2aadfdf8d
LLHLLHL-HL,3,4899610841925570032,te_extinction,97,27,state-003-001-0000050.gz,50,TE-Interaction-Experiments/LLHLLHL-HL/provenance-003-001.json,ee6a78f884798442b70624bf215292b2aadfdf8d
LLHLLHL-LH,1,7792219881089144318,host_extinction,9,0,state-001-001-0000000.gz,0,TE-Interaction-Experiments/LLHLLHL-LH/provenance-001-001.json,ee6a78f884798442b70624bf215292b2aadfdf8d
LLHLLHL-LH,2,12299283837576644438,host_extinction,10,0,state-002-001-0000000.gz,0,TE-Interaction-Experiments/LLHLLHL-LH/provenance-002-001.json,ee6a78f884798442b70624bf215292b2aadfdf8d
LLHLLHL-LH,3,16984411929738975908,host_extinction,9,0,state-003-001-0000000.gz,0,TE-Interaction-Experiments/LLHLLHL-LH/provenance-003-001.json,ee6a78f884798442b70624bf215292b2aadfdf8d
LLHLLHL-LL,1,2446284346513401238,te_extinction,200,25,state-001-001-0000150.gz,150,TE-Interaction-Experiments/LLHLLHL-LL/provenance-001-001.json,ee6a78f884798442b70624bf215292b2aadfdf8d
LLHLLHL-LL,2,9019770682932857293,te_extinction,397,27,state-002-001-0000350.gz,350,TE-Interaction-Experiments/LLHLLHL-LL/provenance-002-001.json,ee6a78f884798442b70624bf215292b2aadfdf8d
LLHLLHL-LL,3,1114927418469683219,host_extinction,10,0,state-003-001-0000000.gz,0,TE-Interaction-Experiments/LLHLLHL-LL/provenance-003-001.json,ee6a78f884798442b70624bf215292b2aadfdf8d
LLHLLHL-Z,1,11962428290700250690,host_extinction,12,0,state-001-001-0000000.gz,0,TE-Interaction-Experiments/LLHLLHL-Z/provenance-001-001.json,f9d0537629a4cacb6ed147d796121c399c460656
LLHLLHL-Z,2,6963411166749688953,host_extinction,10,0,state-002-001-0000000.gz,0,TE-Interaction-Experiments/LLHLLHL-Z/provenance-002-001.json,023a8f88fe52b0b77d91cc3ef72caf45cabbbecf
LLHLLHL-Z,3,7840294336172793460,host_extinction,9,0,state-003-001-0000000.gz,0,TE-Interaction-Experiments/LLHLLHL-Z/provenance-003-001.json,023a8f88fe52b0b77d91cc3ef72caf45cabbbecf
LLHLLLH-HH,1,13070569962120075635,te_extinction,571,293,state-001-001-0000550.gz,550,TE-Interaction-Experiments/LLHLLLH-HH/provenance-001-001.json,ee6a78f884798442b70624bf215292b2aadfdf8d
LLHLLLH-HH,2,303531878383372858,maximum_generations,1500,298,state-002-001-0001500.gz,1500,TE-Interaction-Experiments/LLHLLLH-HH/provenance-002-001.json,ee6a78f884798442b70624bf215292b2aadfdf8d
LLHLLLH-HH,3,8622100236887983883,te_extinction,1236,303,state-003-001-0001200.gz,1200,TE-Interaction-Experiments/LLHLLLH-HH/provenance-003-001.json,ee6a78f884798442b70624bf215292b2aadfdf8d
LLHLLLH-HL,1,1158585786587625841,maximum_generations,1500,333,state-001-001-0001500.gz,1500,TE-Interaction-Experiments/LLHLLLH-HL/provenance-001-001.json,ee6a78f884798442b70624bf215292b2aadfdf8d
LLHLLLH-HL,2,13447941038403572073,te_extinction,758,296,state-002-001-0000750.gz,750,TE-Interaction-Experiments/LLHLLLH-HL/provenance-002-001.json,ee6a78f884798442b70624bf215292b2aadfdf8d
LLHLLLH-HL,3,3701323874461705555,host_extinction,16,0,state-003-001-0000000.gz,0,TE-Interaction-Experiments/LLHLLLH-HL/provenance-003-001.json,ee6a78f884798442b70624bf215292b2aadfdf8d
LLHLLLH-LH,1,7448750991048109316,host_extinction,11,0,state-001-001-0000000.gz,0,TE-Interaction-Experiments/LLHLLLH-LH/provenance-001-001.json,ee6a78f884798442b70624bf215292b2aadfdf8d
LLHLLLH-LH,2,11978859866497243900,te_extinction,971,278,state-002-001-0000950.gz,950,TE-Interaction-Experiments/LLHLLLH-LH/provenance-002-001.json,ee6a78f884798442b70624bf215292b2aadfdf8d
LLHLLLH-LH,3,17694276039595657,te_extinction,693,291,state-003-001-0000650.gz,650,TE-Interaction-Experiments/LLHLLLH-LH/provenance-003-001.json,ee6a78f884798442b70624bf215292b2aadfdf8d
LLHLLLH-LL,1,12337277035210528006,te_extinction,754,314,state-001-001-0000750.gz,750,TE-Interaction-Experiments/LLHLLLH-LL/provenance-001-001.json,ee6a78f884798442b70624bf215292b2aadfdf8d
LLHLLLH-LL,2,7582343601611392066,te_extinction,379,293,state-002-001-0000350.gz,350,TE-Interaction-Experiments/LLHLLLH-LL/provenance-002-001.json,ee6a78f884798442b70624bf215292b2aadfdf8d
LLHLLLH-LL,3,16149100590424053310,te_extinction,638,275,state-003-001-0000600.gz,600,TE-Interaction-Experiments/LLHLLLH-LL/provenance-003-001.json,ee6a78f884798442b70624bf215292b2aadfdf8d
LLHLLLH-Z,1,15593809042944528510,host_extinction,14,0,state-001-001-0000000.gz,0,TE-Interaction-Experiments/LLHLLLH-Z/provenance-001-001.json,023a8f88fe52b0b77d91cc3ef72caf45cabbbecf
LLHLLLH-Z,2,2903171098684458531,te_extinction,13,302,state-002-001-0000000.gz,0,TE-Interaction-Experiments/LLHLLLH-Z/provenance-002-001.json,023a8f88fe52b0b77d91cc3ef72caf45cabbbecf
LLHLLLH-Z,3,11157193329936672451,te_extinction,13,307,state-003-001-0000000.gz,0,TE-Interaction-Experiments/LLHLLLH-Z/provenance-003-001.json,023a8f88fe52b0b77d91cc3ef72caf45cabbbecf
LLHLLLL-HH,1,4995888896417912074,host_extinction,14,0,state-001-001-0000000.gz,0,TE-Interaction-Experiments/LLHLLLL-HH/provenance-001-001.json,ee6a78f884798442b70624bf215292b2aadfdf8d
LLHLLLL-HH,2,5354192404745329886,host_extinction,24,0,state-002-001-0000000.gz,0,TE-Interaction-Experiments/LLHLLLL-HH/provenance-002-001.json,ee6a78f884798442b70624bf215292b2aadfdf8d
LLHLLLL-HH,3,17758592206734324740,host_extinction,15,0,state-003-001-0000000.gz,0,TE-Interaction-Experiments/LLHLLLL-HH/provenance-003-001.json,ee6a78f884798442b70624bf215292b2aadfdf8d
LLHLLLL-HL,1,17764593079442051292,host_extinction,17,0,state-001-001-0000000.gz,0,TE-Interaction-Experiments/LLHLLLL-HL/provenance-001-001.json,ee6a78f884798442b70624bf215292b2aadfdf8d
LLHLLLL-HL,2,3677142109898602103,te_extinction,217,27,state-002-001-0000200.gz,200,TE-Interaction-Experiments/LLHLLLL-HL/provenance-002-001.json,ee6a78f884798442b70624bf215292b2aadfdf8d
LLHLLLL-HL,3,4537584898940128059,te_extinction,583,29,state-003-001-0000550.gz,550,TE-Interaction-Experiments/LLHLLLL-HL/provenance-003-001.json,ee6a78f884798442b70624bf215292b2aadfdf8d
LLHLLLL-LH,1,10533629663704420991,host_extinction,12,0,state-001-001-0000000.gz,0,TE-Interaction-Experiments/LLHLLLL-LH/provenance-001-001.json,ee6a78f884798442b70624bf215292b2aadfdf8d
LLHLLLL-LH,2,11076576756753920387,host_extinction,12,0,state-002-001-0000000.gz,0,TE-Interaction-Experiments/LLHLLLL-LH/provenance-002-001.json,ee6a78f884798442b70624bf215292b2aadfdf8d
LLHLLLL-LH,3,15007818645169046602,host_extinction,10,0,state-003-001-0000000.gz,0,TE-Interaction-Experiments/LLHLLLL-LH/provenance-003-001.json,ee6a78f884798442b70624bf215292b2aadfdf8d
LLHLLLL-LL,1,15828488229978961795,host_extinction,9,0,state-001-001-0000000.gz,0,TE-Interaction-Experiments/LLHLLLL-LL/provenance-001-001.json,ee6a78f884798442b70624bf215292b2aadfdf8d
LLHLLLL-LL,2,6715794415851144862,host_extinction,11,0,state-002-001-0000000.gz,0,TE-Interaction-Experiments/LLHLLLL-LL/provenance-002-001.json,ee6a78f884798442b70624bf215292b2aadfdf8d
LLHLLLL-LL,3,15558684592517982818,host_extinction,9,0,state-003-001-0000000.gz,0,TE-Interaction-Experiments/LLHLLLL-LL/provenance-003-001.json,ee6a78f884798442b70624bf215292b2aadfdf8d
LLHLLLL-Z,1,472615701398110980,host_extinction,10,0,state-001-001-0000000.gz,0,TE-Interaction-Experiments/LLHLLLL-Z/provenance-001-001.json,023a8f88fe52b0b77d91cc3ef72caf45cabbbecf
LLHLLLL-Z,2,7981394726163330384,host_extinction,9,0,state-002-001-0000000.gz,0,TE-Interaction-Experiments/LLHLLLL-Z/provenance-002-001.json,023a8f88fe52b0b77d91cc3ef72caf45cabbbecf
LLHLLLL-Z,3,5531668603784380319,te_extinction,8,30,state-003-001-0000000.gz,0,TE-Interaction-Experiments/LLHLLLL-Z/provenance-003-001.json,023a8f88fe52b0b77d91cc3ef72caf45cabbbecf
LLLHHHH-HH,1,7329071422544517189,te_extinction,440,296,state-001-001-0000400.gz,400,TE-Interaction-Experiments/LLLHHHH-HH/provenance-001-001.json,ee6a78f884798442b70624bf215292b2aadfdf8d
LLLHHHH-HH,2,201909588381591101,te_extinction,500,300,state-002-001-0000450.gz,450,TE-Interaction-Experiments/LLLHHHH-HH/provenance-002-001.json,ee6a78f884798442b70624bf215292b2aadfdf8d
LLLHHHH-HH,3,10239558431699169492,host_extinction,12,0,state-003-001-0000000.gz,0,TE-Interaction-Experiments/LLLHHHH-HH/provenance-003-001.json,ee6a78f884798442b70624bf215292b2aadfdf8d
LLLHHHH-HL,1,10882166462198550475,te_extinction,161,308,state-001-001-0000150.gz,150,TE-Interaction-Experiments/LLLHHHH-HL/provenance-001-001.json,ee6a78f884798442b70624bf215292b2aadfdf8d
LLLHHHH-HL,2,1105298673625460331,te_extinction,192,304,state-002-001-0000150.gz,150,TE-Interaction-Experiments/LLLHHHH-HL/provenance-002-001.json,ee6a78f884798442b70624bf215292b2aadfdf8d
LLLHHHH-HL,3,2001393623955176936,host_extinction,10,0,state-003-001-0000000.gz,0,TE-Interaction-Experiments/LLLHHHH-HL/provenance-003-001.json,ee6a78f884798442b70624bf215292b2aadfdf8d
LLLHHHH-LH,1,665928129270366949,te_extinction,853,314,state-001-001-0000850.gz,850,TE-Interaction-Experiments/LLLHHHH-LH/provenance-001-001.json,ee6a78f884798442b70624bf215292b2aadfdf8d
LLLHHHH-LH,2,5091318076054068718,te_extinction,268,289,state-002-001-0000250.gz,250,TE-Interaction-Experiments/LLLHHHH-LH/provenance-002-001.json,ee6a78f884798442b70624bf215292b2aadfdf8d
LLLHHHH-LH,3,10819213423247657123,te_extinction,399,290,state-003-001-0000350.gz,350,TE-Interaction-Experiments/LLLHHHH-LH/provenance-003-001.json,ee6a78f884798442b70624bf215292b2aadfdf8d
LLLHHHH-LL,1,4125193232423674317,te_extinction,131,296,state-001-001-0000100.gz,100,TE-Interaction-Experiments/LLLHHHH-LL/provenance-001-001.json,ee6a78f884798442b70624bf215292b2aadfdf8d
LLLHHHH-LL,2,16087750016792730026,host_extinction,9,0,state-002-001-0000000.gz,0,TE-Interaction-Experiments/LLLHHHH-LL/provenance-002-001.json,ee6a78f884798442b70624bf215292b2aadfdf8d
LLLHHHH-LL,3,1031865599819105483,host_extinction,8,0,state-003-001-0000000.gz,0,TE-Interaction-Experiments/LLLHHHH-LL/provenance-003-001.json,ee6a78f884798442b70624bf215292b2aadfdf8d
LLLHHHH-Z,1,13737490170218850819,te_extinction,8,14,state-001-001-0000000.gz,0,TE-Interaction-Experiments/LLLHHHH-Z/provenance-001-001.json,023a8f88fe52b0b77d91cc3ef72caf45cabbbecf
LLLHHHH-Z,2,2850881181212187849,te_extinction,8,39,state-002-001-0000000.gz,0,TE-Interaction-Experiments/LLLHHHH-Z/provenance-002-001.json,023a8f88fe52b0b77d91cc3ef72caf45cabbbecf
LLLHHHH-Z,3,6393864115873786318,te_extinction,10,80,state-003-001-0000000.gz,0,TE-Interaction-Experiments/LLLHHHH-Z/provenance-003-001.json,023a8f88fe52b0b77d91cc3ef72caf45cabbbecf
LLLHHHL-HH,1,5134004462303146674,host_extinction,9,0,state-001-001-0000000.gz,0,TE-Interaction-Experiments/LLLHHHL-HH/provenance-001-001.json,ee6a78f884798442b70624bf215292b2aadfdf8d
LLLHHHL-HH,2,9238231670134611907,host_extinction,10,0,state-002-001-0000000.gz,0,TE-Interaction-Experiments/LLLHHHL-HH/provenance-002-001.json,ee6a78f884798442b70624bf215292b2aadfdf8d
LLLHHHL-HH,3,3322414276514277975,host_extinction,17,0,state-003-001-0000000.gz,0,TE-Interaction-Experiments/LLLHHHL-HH/provenance-003-001.json,ee6a78f884798442b70624bf215292b2aadfdf8d
LLLHHHL-HL,1,4682678259688059648,host_extinction,8,0,state-001-001-0000000.gz,0,TE-Interaction-Experiments/LLLHHHL-HL/provenance-001-001.json,ee6a78f884798442b70624bf215292b2aadfdf8d
LLLHHHL-HL,2,15507061891806809907,te_extinction,767,30,state-002-001-0000750.gz,750,TE-Interaction-Experiments/LLLHHHL-HL/provenance-002-001.json,ee6a78f884798442b70624bf215292b2aadfdf8d
LLLHHHL-HL,3,2862749937363584614,host_extinction,9,0,state-003-001-0000000.gz,0,TE-Interaction-Experiments/LLLHHHL-HL/provenance-003-001.json,ee6a78f884798442b70624bf215292b2aadfdf8d
LLLHHHL-LH,1,11512857294864831092,host_extinction,10,0,state-001-001-0000000.gz,0,TE-Interaction-Experiments/LLLHHHL-LH/provenance-001-001.json,ee6a78f884798442b70624bf215292b2aadfdf8d
LLLHHHL-LH,2,3269652338836995165,host_extinction,8,0,state-002-001-0000000.gz,0,TE-Interaction-Experiments/LLLHHHL-LH/provenance-002-001.json,ee6a78f884798442b70624bf215292b2aadfdf8d
LLLHHHL-LH,3,17587385468138476407,host_extinction,11,0,state-003-001-0000000.gz,0,TE-Interaction-Experiments/LLLHHHL-LH/provenance-003-001.json,ee6a78f884798442b70624bf215292b2aadfdf8d
LLLHHHL-LL,1,5489633195730584965,host_extinction,7,0,state-001-001-0000000.gz,0,TE-Interaction-Experiments/LLLHHHL-LL/provenance-001-001.json,ee6a78f884798442b70624bf215292b2aadfdf8d
LLLHHHL-LL,2,1046748216622977371,host_extinction,7,0,state-002-001-0000000.gz,0,TE-Interaction-Experiments/LLLHHHL-LL/provenance-002-001.json,ee6a78f884798442b70624bf215292b2aadfdf8d
LLLHHHL-LL,3,1389800619625647487,host_extinction,7,0,state-003-001-0000000.gz,0,TE-Interaction-Experiments/LLLHHHL-LL/provenance-003-001.json,ee6a78f884798442b70624bf215292b2aadfdf8d
LLLHHHL-Z,1,6508827844335974401,host_extinction,7,0,state-001-001-0000000.gz,0,TE-Interaction-Experiments/LLLHHHL-Z/provenance-001-001.json,023a8f88fe52b0b77d91cc3ef72caf45cabbbecf
LLLHHHL-Z,2,9006038614531639969,host_extinction,8,0,state-002-001-0000000.gz,0,TE-Interaction-Experiments/LLLHHHL-Z/provenance-002-001.json,023a8f88fe52b0b77d91cc3ef72caf45cabbbecf
LLLHHHL-Z,3,7907335794723018683,host_extinction,10,0,state-003-001-0000000.gz,0,TE-Interaction-Experiments/LLLHHHL-Z/provenance-003-001.json,023a8f88fe52b0b77d91cc3ef72caf45cabbbecf
LLLHHLH-HH,1,16520892735507162958,te_extinction,395,293,state-001-001-0000350.gz,350,TE-Interaction-Experiments/LLLHHLH-HH/provenance-001-001.json,ee6a78f884798442b70624bf215292b2aadfdf8d
LLLHHLH-HH,2,16575879966718066818,maximum_generations,1500,284,state-002-001-0001500.gz,1500,TE-Interaction-Experiments/LLLHHLH-HH/provenance-002-001.json,ee6a78f884798442b70624bf215292b2aadfdf8d
LLLHHLH-HH,3,5471737417268274588,te_extinction,1047,282,state-003-001-0001000.gz,1000,TE-Interaction-Experiments/LLLHHLH-HH/provenance-003-001.json,ee6a78f884798442b70624bf215292b2aadfdf8d
LLLHHLH-HL,1,12730346504505721158,te_extinction,287,289,state-001-001-0000250.gz,250,TE-Interaction-Experiments/LLLHHLH-HL/provenance-001-001.json,ee6a78f884798442b70624bf215292b2aadfdf8d
LLLHHLH-HL,2,3072015649548043904,te_extinction,209,303,state-002-001-0000200.gz,200,TE-Interaction-Experiments/LLLHHLH-HL/provenance-002-001.json,ee6a78f884798442b70624bf215292b2aadfdf8d
LLLHHLH-HL,3,7828946777991273826,te_extinction,497,302,state-003-001-0000450.gz,450,TE-Interaction-Experiments/LLLHHLH-HL/provenance-003-001.json,ee6a78f884798442b70624bf215292b2aadfdf8d
LLLHHLH-LH,1,981830805354604545,te_extinction,1360,280,state-001-001-0001350.gz,1350,TE-Interaction-Experiments/LLLHHLH-LH/provenance-001-001.json,ee6a78f884798442b70624bf215292b2aadfdf8d
LLLHHLH-LH,2,9386269335962788558,host_extinction,9,0,state-002-001-0000000.gz,0,TE-Interaction-Experiments/LLLHHLH-LH/provenance-002-001.json,ee6a78f884798442b70624bf215292b2aadfdf8d
LLLHHLH-LH,3,674696654556733772,te_extinction,369,309,state-003-001-0000350.gz,350,TE-Interaction-Experiments/LLLHHLH-LH/provenance-003-001.json,ee6a78f884798442b70624bf215292b2aadfdf8d
LLLHHLH-LL,1,7175098571500493421,te_extinction,227,294,state-001-001-0000200.gz,200,TE-Interaction-Experiments/LLLHHLH-LL/provenance-001-001.json,ee6a78f884798442b70624bf215292b2aadfdf8d
LLLHHLH-LL,2,6007866811960341368,te_extinction,415,300,state-002-001-0000400.gz,400,TE-Interaction-Experiments/LLLHHLH-LL/provenance-002-001.json,ee6a78f884798442b70624bf215292b2aadfdf8d
LLLHHLH-LL,3,1803900818482147494,te_extinction,353,309,state-003-001-0000350.gz,350,TE-Interaction-Experiments/LLLHHLH-LL/provenance-003-001.json,ee6a78f884798442b70624bf215292b2aadfdf8d
LLLHHLH-Z,1,12849223208395378947,te_extinction,8,44,state-001-001-0000000.gz,0,TE-Interaction-Experiments/LLLHHLH-Z/provenance-001-001.json,023a8f88fe52b0b77d91cc3ef72caf45cabbbecf
LLLHHLH-Z,2,3082842409863931424,host_extinction,10,0,state-002-001-0000000.gz,0,TE-Interaction-Experiments/LLLHHLH-Z/provenance-002-001.json,023a8f88fe52b0b77d91cc3ef72caf45cabbbecf
LLLHHLH-Z,3,2558774397998402412,te_extinction,8,78,state-003-001-0000000.gz,0,TE-Interaction-Experiments/LLLHHLH-Z/provenance-003-001.json,023a8f88fe52b0b77d91cc3ef72caf45cabbbecf
LLLHHLL-HH,1,1090493040717624371,host_extinction,7,0,state-001-001-0000000.gz,0,TE-Interaction-Experiments/LLLHHLL-HH/provenance-001-001.json,ee6a78f884798442b70624bf215292b2aadfdf8d
LLLHHLL-HH,2,13308471082347113326,host_extinction,11,0,state-002-001-0000000.gz,0,TE-Interaction-Experiments/LLLHHLL-HH/provenance-002-001.json,ee6a78f884798442b70624bf215292b2aadfdf8d
LLLHHLL-HH,3,17657093134219741357,host_extinction,9,0,state-003-001-0000000.gz,0,TE-Interaction-Experiments/LLLHHLL-HH/provenance-003-001.json,ee6a78f884798442b70624bf215292b2aadfdf8d
LLLHHLL-HL,1,6061485412605217283,te_extinction,375,29,state-001-001-0000350.gz,350,TE-Interaction-Experiments/LLLHHLL-HL/provenance-001-001.json,ee6a78f884798442b70624bf215292b2aadfdf8d
LLLHHLL-HL,2,1424622199381435997,host_extinction,8,0,state-002-001-0000000.gz,0,TE-Interaction-Experiments/LLLHHLL-HL/provenance-002-001.json,ee6a78f884798442b70624bf215292b2aadfdf8d
LLLHHLL-HL,3,1501979855644305789,host_extinction,8,0,state-003-001-0000000.gz,0,TE-Interaction-Experiments/LLLHHLL-HL/provenance-003-001.json,ee6a78f884798442b70624bf215292b2aadfdf8d
LLLHHLL-LH,1,4125293802432148625,host_extinction,9,0,state-001-001-0000000.gz,0,TE-Interaction-Experiments/LLLHHLL-LH/provenance-001-001.json,ee6a78f884798442b70624bf215292b2aadfdf8d
LLLHHLL-LH,2,6412176779572800658,host_extinction,8,0,state-002-001-0000000.gz,0,TE-Interaction-Experiments/LLLHHLL-LH/provenance-002-001.json,ee6a78f884798442b70624bf215292b2aadfdf8d
LLLHHLL-LH,3,8318118347472021115,host_extinction,7,0,state-003-001-0000000.gz,0,TE-Interaction-Experiments/LLLHHLL-LH/provenance-003-001.json,ee6a78f884798442b70624bf215292b2aadfdf8d
LLLHHLL-LL,1,7149312367481669430,host_extinction,8,0,state-001-001-0000000.gz,0,TE-Interaction-Experiments/LLLHHLL-LL/provenance-001-001.json,ee6a78f884798442b70624bf215292b2aadfdf8d
LLLHHLL-LL,2,959847640567015618,host_extinction,8,0,state-002-001-0000000.gz,0,TE-Interaction-Experiments/LLLHHLL-LL/provenance-002-001.json,ee6a78f884798442b70624bf215292b2aadfdf8d
LLLHHLL-LL,3,18019880283925148973,host_extinction,6,0,state-003-001-0000000.gz,0,TE-Interaction-Experiments/LLLHHLL-LL/provenance-003-001.json,ee6a78f884798442b70624bf215292b2aadfdf8d
LLLHHLL-Z,1,10577295587109046995,host_extinction,7,0,state-001-001-0000000.gz,0,TE-Interaction-Experiments/LLLHHLL-Z/provenance-001-001.json,023a8f88fe52b0b77d91cc3ef72caf45cabbbecf
LLLHHLL-Z,2,8786592472566451300,host_extinction,7,0,state-002-001-0000000.gz,0,TE-Interaction-Experiments/LLLHHLL-Z/provenance-002-001.json,023a8f88fe52b0b77d91cc3ef72caf45cabbbecf
LLLHHLL-Z,3,10688754828976443856,host_extinction,8,0,state-003-001-0000000.gz,0,TE-Interaction-Experiments/LLLHHLL-Z/provenance-003-001.json,023a8f88fe52b0b77d91cc3ef72caf45cabbbecf
LLLHLHH-HH,1,14899599922253875117,te_extinction,1114,303,state-001-001-0001100.gz,1100,TE-Interaction-Experiments/LLLHLHH-HH/provenance-001-001.json,ee6a78f884798442b70624bf215292b2aadfdf8d
LLLHLHH-HH,2,12787910796335429947,te_extinction,380,313,state-002-001-0000350.gz,350,TE-Interaction-Experiments/LLLHLHH-HH/provenance-002-001.json,ee6a78f884798442b70624bf215292b2aadfdf8d
LLLHLHH-HH,3,10528898532659937491,te_extinction,126,296,state-003-001-0000100.gz,100,TE-Interaction-Experiments/LLLHLHH-HH/provenance-003-001.json,ee6a78f884798442b70624bf215292b2aadfdf8d
LLLHLHH-HL,1,11326565695818010151,te_extinction,115,300,state-001-001-0000100.gz,100,TE-Interaction-Experiments/LLLHLHH-HL/provenance-001-001.json,ee6a78f884798442b70624bf215292b2aadfdf8d
LLLHLHH-HL,2,16827296151585575611,te_extinction,155,296,state-002-001-0000150.gz,150,TE-Interaction-Experiments/LLLHLHH-HL/provenance-002-001.json,ee6a78f884798442b70624bf215292b2aadfdf8d
LLLHLHH-HL,3,6895917705352138497,te_extinction,127,280,state-003-001-0000100.gz,100,TE-Interaction-Experiments/LLLHLHH-HL/provenance-003-001.json,ee6a78f884798442b70624bf215292b2aadfdf8d
LLLHLHH-LH,1,4260819869423437777,te_extinction,356,316,state-001-001-0000350.gz,350,TE-Interaction-Experiments/LLLHLHH-LH/provenance-001-001.json,ee6a78f884798442b70624bf215292b2aadfdf8d
LLLHLHH-LH,2,1290652848339509253,te_extinction,1108,309,state-002-001-0001100.gz,1100,TE-Interaction-Experiments/LLLHLHH-LH/provenance-002-001.json,ee6a78f884798442b70624bf215292b2aadfdf8d
LLLHLHH-LH,3,5963512526405227727,te_extinction,279,303,state-003-001-0000250.gz,250,TE-Interaction-Experiments/LLLHLHH-LH/provenance-003-001.json,ee6a78f884798442b70624bf215292b2aadfdf8d
LLLHLHH-LL,1,7442503534554907566,te_extinction,335,296,state-001-001-0000300.gz,300,TE-Interaction-Experiments/LLLHLHH-LL/provenance-001-001.json,ee6a78f884798442b70624bf215292b2aadfdf8d
LLLHLHH-LL,2,17776503347069468833,te_extinction,534,313,state-002-001-0000500.gz,500,TE-Interaction-Experiments/LLLHLHH-LL/provenance-002-001.json,ee6a78f884798442b70624bf215292b2aadfdf8d
LLLHLHH-LL,3,6672975751571667281,te_extinction,137,297,state-003-001-0000100.gz,100,TE-Interaction-Experiments/LLLHLHH-LL/provenance-003-001.json,ee6a78f884798442b70624bf215292b2aadfdf8d
LLLHLHH-Z,1,15363109099829232767,host_extinction,7,0,state-001-001-0000000.gz,0,TE-Interaction-Experiments/LLLHLHH-Z/provenance-001-001.json,023a8f88fe52b0b77d91cc3ef72caf45cabbbecf
LLLHLHH-Z,2,9714391261075712648,te_extinction,9,20,state-002-001-0000000.gz,0,TE-Interaction-Experiments/LLLHLHH-Z/provenance-002-001.json,023a8f88fe52b0b77d91cc3ef72caf45cabbbecf
LLLHLHH-Z,3,10951226413692852925,te_extinction,7,60,state-003-001-0000000.gz,0,TE-Interaction-Experiments/LLLHLHH-Z/provenance-003-001.json,023a8f88fe52b0b77d91cc3ef72caf45cabbbecf
LLLHLHL-HH,1,8120965608038636862,host_extinction,6,0,state-001-001-0000000.gz,0,TE-Interaction-Experiments/LLLHLHL-HH/provenance-001-001.json,ee6a78f884798442b70624bf215292b2aadfdf8d
LLLHLHL-HH,2,14397142757399662092,host_extinction,6,0,state-002-001-0000000.gz,0,TE-Interaction-Experiments/LLLHLHL-HH/provenance-002-001.json,ee6a78f884798442b70624bf215292b2aadfdf8d
LLLHLHL-HH,3,14438707529675697530,host_extinction,7,0,state-003-001-0000000.gz,0,TE-Interaction-Experiments/LLLHLHL-HH/provenance-003-001.json,ee6a78f884798442b70624bf215292b2aadfdf8d
LLLHLHL-HL,1,6584101721907094746,host_extinction,5,0,state-001-001-0000000.gz,0,TE-Interaction-Experiments/LLLHLHL-HL/provenance-001-001.json,ee6a78f884798442b70624bf215292b2aadfdf8d
LLLHLHL-HL,2,13977704520280701375,te_extinction,271,25,state-002-001-0000250.gz,250,TE-Interaction-Experiments/LLLHLHL-HL/provenance-002-001.json,ee6a78f884798442b70624bf215292b2aadfdf8d
LLLHLHL-HL,3,3061616152596553961,te_extinction,214,26,state-003-001-0000200.gz,200,TE-Interaction-Experiments/LLLHLHL-HL/provenance-003-001.json,ee6a78f884798442b70624bf215292b2aadfdf8d
LLLHLHL-LH,1,17680101667092538773,host_extinction,6,0,state-001-001-0000000.gz,0,TE-Interaction-Experiments/LLLHLHL-LH/provenance-001-001.json,ee6a78f884798442b70624bf215292b2aadfdf8d
LLLHLHL-LH,2,7011723666716778322,te_extinction,316,21,state-002-001-0000300.gz,300,TE-Interaction-Experiments/LLLHLHL-LH/provenance-002-001.json,ee6a78f884798442b70624bf215292b2aadfdf8d
LLLHLHL-LH,3,12317196040017138096,host_extinction,6,0,state-003-001-0000000.gz,0,TE-Interaction-Experiments/LLLHLHL-LH/provenance-003-001.json,ee6a78f884798442b70624bf215292b2aadfdf8d
LLLHLHL-LL,1,12002659053558547502,te_extinction,286,27,state-001-001-0000250.gz,250,TE-Interaction-Experiments/LLLHLHL-LL/provenance-001-001.json,ee6a78f884798442b70624bf215292b2aadfdf8d
LLLHLHL-LL,2,6567486835932255161,te_extinction,227,30,state-002-001-0000200.gz,200,TE-Interaction-Experiments/LLLHLHL-LL/provenance-002-001.json,ee6a78f884798442b70624bf215292b2aadfdf8d
LLLHLHL-LL,3,8643883972735821507,host_extinction,5,0,state-003-001-0000000.gz,0,TE-Interaction-Experiments/LLLHLHL-LL/provenance-003-001.json,ee6a78f884798442b70624bf215292b2aadfdf8d
LLLHLHL-Z,1,4925210261063688023,host_extinction,6,0,state-001-001-0000000.gz,0,TE-Interaction-Experiments/LLLHLHL-Z/provenance-001-001.json,023a8f88fe52b0b77d91cc3ef72caf45cabbbecf
LLLHLHL-Z,2,2938742909496495583,host_extinction,6,0,state-002-001-0000000.gz,0,TE-Interaction-Experiments/LLLHLHL-Z/provenance-002-001.json,023a8f88fe52b0b77d91cc3ef72caf45cabbbecf
LLLHLHL-Z,3,17338914117071391770,host_extinction,6,0,state-003-001-0000000.gz,0,TE-Interaction-Experiments/LLLHLHL-Z/provenance-003-001.json,023a8f88fe52b0b77d91cc3ef72caf45cabbbecf
LLLHLLH-HH,1,9302492704797554695,te_extinction,500,308,state-001-001-0000450.gz,450,TE-Interaction-Experiments/LLLHLLH-HH/provenance-001-001.json,ee6a78f884798442b70624bf215292b2aadfdf8d
LLLHLLH-HH,2,11218231822076131220,host_extinction,11,0,state-002-001-0000000.gz,0,TE-Interaction-Experiments/LLLHLLH-HH/provenance-002-001.json,ee6a78f884798442b70624bf215292b2aadfdf8d
LLLHLLH-HH,3,16247419445454090657,te_extinction,289,303,state-003-001-0000250.gz,250,TE-Interaction-Experiments/LLLHLLH-HH/provenance-003-001.json,ee6a78f884798442b70624bf215292b2aadfdf8d
LLLHLLH-HL,1,12961295535755332834,te_extinction,360,294,state-001-001-0000350.gz,350,TE-Interaction-Experiments/LLLHLLH-HL/provenance-001-001.json,ee6a78f884798442b70624bf215292b2aadfdf8d
LLLHLLH-HL,2,4965648209444016741,te_extinction,358,304,state-002-001-0000350.gz,350,TE-Interaction-Experiments/LLLHLLH-HL/provenance-002-001.json,ee6a78f884798442b70624bf215292b2aadfdf8d
LLLHLLH-HL,3,15211484648412905222,host_extinction,9,0,state-003-001-0000000.gz,0,TE-Interaction-Experiments/LLLHLLH-HL/provenance-003-001.json,ee6a78f884798442b70624bf215292b2aadfdf8d
LLLHLLH-LH,1,9912610585220665179,host_extinction,9,0,state-001-001-0000000.gz,0,TE-Interaction-Experiments/LLLHLLH-LH/provenance-001-001.json,ee6a78f884798442b70624bf215292b2aadfdf8d
LLLHLLH-LH,2,9568361490548100936,te_extinction,883,311,state-002-001-0000850.gz,850,TE-Interaction-Experiments/LLLHLLH-LH/provenance-002-001.json,ee6a78f884798442b70624bf215292b2aadfdf8d
LLLHLLH-LH,3,6823360713854819307,te_extinction,829,303,state-003-001-0000800.gz,800,TE-Interaction-Experiments/LLLHLLH-LH/provenance-003-001.json,ee6a78f884798442b70624bf215292b2aadfdf8d
LLLHLLH-LL,1,4581088306307182597,te_extinction,415,294,state-001-001-0000400.gz,400,TE-Interaction-Experiments/LLLHLLH-LL/provenance-001-001.json,ee6a78f884798442b70624bf215292b2aadfdf8d
LLLHLLH-LL,2,16053488110952645022,te_extinction,583,290,state-002-001-0000550.gz,550,TE-Interaction-Experiments/LLLHLLH-LL/provenance-002-001.json,ee6a78f884798442b70624bf215292b2aadfdf8d
LLLHLLH-LL,3,18201745057806239979,te_extinction,245,321,state-003-001-0000200.gz,200,TE-Interaction-Experiments/LLLHLLH-LL/provenance-003-001.json,ee6a78f884798442b70624bf215292b2aadfdf8d
LLLHLLH-Z,1,6142683214136835261,te_extinction,10,293,state-001-001-0000000.gz,0,TE-Interaction-Experiments/LLLHLLH-Z/provenance-001-001.json,023a8f88fe52b0b77d91cc3ef72caf45cabbbecf
LLLHLLH-Z,2,8942342106075828037,te_extinction,7,7,state-002-001-0000000.gz,0,TE-Interaction-Experiments/LLLHLLH-Z/provenance-002-001.json,023a8f88fe52b0b77d91cc3ef72caf45cabbbecf
LLLHLLH-Z,3,12875669427583385886,te_extinction,8,125,state-003-001-0000000.gz,0,TE-Interaction-Experiments/LLLHLLH-Z/provenance-003-001.json,023a8f88fe52b0b77d91cc3ef72caf45cabbbecf
LLLHLLL-HH,1,12877826777952556160,host_extinction,8,0,state-001-001-0000000.gz,0,TE-Interaction-Experiments/LLLHLLL-HH/provenance-001-001.json,ee6a78f884798442b70624bf215292b2aadfdf8d
LLLHLLL-HH,2,5167773106291272619,host_extinction,7,0,state-002-001-0000000.gz,0,TE-Interaction-Experiments/LLLHLLL-HH/provenance-002-001.json,ee6a78f884798442b70624bf215292b2aadfdf8d
LLLHLLL-HH,3,398859741439066282,host_extinction,8,0,state-003-001-0000000.gz,0,TE-Interaction-Experiments/LLLHLLL-HH/provenance-003-001.json,ee6a78f884798442b70624bf215292b2aadfdf8d
LLLHLLL-HL,1,14947489154181657025,host_extinction,5,0,state-001-001-0000000.gz,0,TE-Interaction-Experiments/LLLHLLL-HL/provenance-001-001.json,ee6a78f884798442b70624bf215292b2aadfdf8d
LLLHLLL-HL,2,1676459165206292699,host_extinction,12,0,state-002-001-0000000.gz,0,TE-Interaction-Experiments/LLLHLLL-HL/provenance-002-001.json,ee6a78f884798442b70624bf215292b2aadfdf8d
LLLHLLL-HL,3,774533081761056893,host_extinction,6,0,state-003-001-0000000.gz,0,TE-Interaction-Experiments/LLLHLLL-HL/provenance-003-001.json,ee6a78f884798442b70624bf215292b2aadfdf8d
LLLHLLL-LH,1,10617341861012212819,host_extinction,7,0,state-001-001-0000000.gz,0,TE-Interaction-Experiments/LLLHLLL-LH/provenance-001-001.json,ee6a78f884798442b70624bf215292b2aadfdf8d
LLLHLLL-LH,2,13213757225895563892,host_extinction,6,0,state-002-001-0000000.gz,0,TE-Interaction-Experiments/LLLHLLL-LH/provenance-002-001.json,ee6a78f884798442b70624bf215292b2aadfdf8d
LLLHLLL-LH,3,8998947356977094173,host_extinction,5,0,state-003-001-0000000.gz,0,TE-Interaction-Experiments/LLLHLLL-LH/provenance-003-001.json,ee6a78f884798442b70624bf215292b2aadfdf8d
LLLHLLL-LL,1,17603839578713113611,host_extinction,7,0,state-001-001-0000000.gz,0,TE-Interaction-Experiments/LLLHLLL-LL/provenance-001-001.json,ee6a78f884798442b70624bf215292b2aadfdf8d
LLLHLLL-LL,2,14566712142500503510,host_extinction,6,0,state-002-001-0000000.gz,0,TE-Interaction-Experiments/LLLHLLL-LL/provenance-002-001.json,ee6a78f884798442b70624bf215292b2aadfdf8d
LLLHLLL-LL,3,13822574173513058119,host_extinction,6,0,state-003-001-0000000.gz,0,TE-Interaction-Experiments/LLLHLLL-LL/provenance-003-001.json,ee6a78f884798442b70624bf215292b2aadfdf8d
LLLHLLL-Z,1,2223666911743199518,host_extinction,6,0,state-001-001-0000000.gz,0,TE-Interaction-Experiments/LLLHLLL-Z/provenance-001-001.json,023a8f88fe52b0b77d91cc3ef72caf45cabbbecf
LLLHLLL-Z,2,5726791105929653868,te_extinction,5,12,state-002-001-0000000.gz,0,TE-Interaction-Experiments/LLLHLLL-Z/provenance-002-001.json,023a8f88fe52b0b77d91cc3ef72caf45cabbbecf
LLLHLLL-Z,3,4122256825049181399,host_extinction,5,0,state-003-001-0000000.gz,0,TE-Interaction-Experiments/LLLHLLL-Z/provenance-003-001.json,023a8f88fe52b0b77d91cc3ef72caf45cabbbecf
LLLLHHH-HH,1,14875172740628134755,te_extinction,814,282,state-001-001-0000800.gz,800,TE-Interaction-Experiments/LLLLHHH-HH/provenance-001-001.json,ee6a78f884798442b70624bf215292b2aadfdf8d
LLLLHHH-HH,2,3600022703476174791,te_extinction,443,287,state-002-001-0000400.gz,400,TE-Interaction-Experiments/LLLLHHH-HH/provenance-002-001.json,ee6a78f884798442b70624bf215292b2aadfdf8d
LLLLHHH-HH,3,10120787650282203578,maximum_generations,1500,294,state-003-002-0001500.gz,1500,TE-Interaction-Experiments/LLLLHHH-HH/provenance-003-002.json,6d7e1d3095ad5913aa6640d26f7b0a69d284dacb
LLLLHHH-HL,1,15170912189226490178,te_extinction,455,309,state-001-001-0000450.gz,450,TE-Interaction-Experiments/LLLLHHH-HL/provenance-001-001.json,ee6a78f884798442b70624bf215292b2aadfdf8d
LLLLHHH-HL,2,9988369583857084665,maximum_generations,1500,288,state-002-002-0001500.gz,1500,TE-Interaction-Experiments/LLLLHHH-HL/provenance-002-002.json,6d7e1d3095ad5913aa6640d26f7b0a69d284dacb
LLLLHHH-HL,3,3197831048355423218,te_extinction,147,291,state-003-001-0000100.gz,100,TE-Interaction-Experiments/LLLLHHH-HL/provenance-003-001.json,ee6a78f884798442b70624bf215292b2aadfdf8d
LLLLHHH-LH,1,3081658717990307039,host_extinction,18,0,state-001-001-0000000.gz,0,TE-Interaction-Experiments/LLLLHHH-LH/provenance-001-001.json,ee6a78f884798442b70624bf215292b2aadfdf8d
LLLLHHH-LH,2,6431087955743456907,host_extinction,15,0,state-002-001-0000000.gz,0,TE-Interaction-Experiments/LLLLHHH-LH/provenance-002-001.json,ee6a78f884798442b70624bf215292b2aadfdf8d
LLLLHHH-LH,3,18359551505890010252,host_extinction,15,0,state-003-001-0000000.gz,0,TE-Interaction-Experiments/LLLLHHH-LH/provenance-003-001.json,ee6a78f884798442b70624bf215292b2aadfdf8d
LLLLHHH-LL,1,8127598928783050483,te_extinction,552,312,state-001-001-0000550.gz,550,TE-Interaction-Experiments/LLLLHHH-LL/provenance-001-001.json,ee6a78f884798442b70624bf215292b2aadfdf8d
LLLLHHH-LL,2,10952578849988302965,te_extinction,268,303,state-002-001-0000250.gz,250,TE-Interaction-Experiments/LLLLHHH-LL/provenance-002-001.json,ee6a78f884798442b70624bf215292b2aadfdf8d
LLLLHHH-LL,3,12711336720311296933,te_extinction,452,308,state-003-001-0000450.gz,450,TE-Interaction-Experiments/LLLLHHH-LL/provenance-003-001.json,ee6a78f884798442b70624bf215292b2aadfdf8d
LLLLHHH-Z,1,8233266203202026655,te_extinction,12,328,state-001-001-0000000.gz,0,TE-Interaction-Experiments/LLLLHHH-Z/provenance-001-001.json,023a8f88fe52b0b77d91cc3ef72caf45cabbbecf
LLLLHHH-Z,2,82302035454295979,host_extinction,11,0,state-002-001-0000000.gz,0,TE-Interaction-Experiments/LLLLHHH-Z/provenance-002-001.json,023a8f88fe52b0b77d91cc3ef72caf45cabbbecf
LLLLHHH-Z,3,8369162424291707116,host_extinction,14,0,state-003-001-0000000.gz,0,TE-Interaction-Experiments/LLLLHHH-Z/provenance-003-001.json,023a8f88fe52b0b77d91cc3ef72caf45cabbbecf
LLLLHHL-HH,1,7882289331069611934,maximum_generations,1500,29,state-001-001-0001500.gz,1500,TE-Interaction-Experiments/LLLLHHL-HH/provenance-001-001.json,ee6a78f884798442b70624bf215292b2aadfdf8d
LLLLHHL-HH,2,16887495303607428267,maximum_generations,1500,31,state-002-001-0001500.gz,1500,TE-Interaction-Experiments/LLLLHHL-HH/provenance-002-001.json,ee6a78f884798442b70624bf215292b2aadfdf8d
LLLLHHL-HH,3,17816333805080518303,maximum_generations,1500,30,state-003-001-0001500.gz,1500,TE-Interaction-Experiments/LLLLHHL-HH/provenance-003-001.json,ee6a78f884798442b70624bf215292b2aadfdf8d
LLLLHHL-HL,1,11744884066212927832,host_extinction,18,0,state-001-001-0000000.gz,0,TE-Interaction-Experiments/LLLLHHL-HL/provenance-001-001.json,ee6a78f884798442b70624bf215292b2aadfdf8d
LLLLHHL-HL,2,744656025563195627,maximum_generations,1500,26,state-002-001-0001500.gz,1500,TE-Interaction-Experiments/LLLLHHL-HL/provenance-002-001.json,ee6a78f884798442b70624bf215292b2aadfdf8d
LLLLHHL-HL,3,7648326330544489094,te_extinction,150,32,state-003-001-0000100.gz,100,TE-Interaction-Experiments/LLLLHHL-HL/provenance-003-001.json,ee6a78f884798442b70624bf215292b2aadfdf8d
LLLLHHL-LH,1,13488456662842430333,host_extinction,12,0,state-001-001-0000000.gz,0,TE-Interaction-Experiments/LLLLHHL-LH/provenance-001-001.json,ee6a78f884798442b70624bf215292b2aadfdf8d
LLLLHHL-LH,2,16495108271703247406,host_extinction,12,0,state-002-001-0000000.gz,0,TE-Interaction-Experiments/LLLLHHL-LH/provenance-002-001.json,ee6a78f884798442b70624bf215292b2aadfdf8d
LLLLHHL-LH,3,16564977472635219774,host_extinction,10,0,state-003-001-0000000.gz,0,TE-Interaction-Experiments/LLLLHHL-LH/provenance-003-001.json,ee6a78f884798442b70624bf215292b2aadfdf8d
LLLLHHL-LL,1,12751034615051507670,host_extinction,12,0,state-001-001-0000000.gz,0,TE-Interaction-Experiments/LLLLHHL-LL/provenance-001-001.json,ee6a78f884798442b70624bf215292b2aadfdf8d
LLLLHHL-LL,2,13124181850820071967,host_extinction,13,0,state-002-001-0000000.gz,0,TE-Interaction-Experiments/LLLLHHL-LL/provenance-002-001.json,ee6a78f884798442b70624bf215292b2aadfdf8d
LLLLHHL-LL,3,4404386850064537488,host_extinction,12,0,state-003-001-0000000.gz,0,TE-Interaction-Experiments/LLLLHHL-LL/provenance-003-001.json,ee6a78f884798442b70624bf215292b2aadfdf8d
LLLLHHL-Z,1,2677040565616028010,host_extinction,10,0,state-001-001-0000000.gz,0,TE-Interaction-Experiments/LLLLHHL-Z/provenance-001-001.json,023a8f88fe52b0b77d91cc3ef72caf45cabbbecf
LLLLHHL-Z,2,9790744170881493194,host_extinction,12,0,state-002-001-0000000.gz,0,TE-Interaction-Experiments/LLLLHHL-Z/provenance-002-001.json,023a8f88fe52b0b77d91cc3ef72caf45cabbbecf
LLLLHHL-Z,3,4610782638188296948,host_extinction,9,0,state-003-001-0000000.gz,0,TE-Interaction-Experiments/LLLLHHL-Z/provenance-003-001.json,023a8f88fe52b0b77d91cc3ef72caf45cabbbecf
LLLLHLH-HH,1,16395604720858661092,te_extinction,499,311,state-001-001-0000450.gz,450,TE-Interaction-Experiments/LLLLHLH-HH/provenance-001-001.json,ee6a78f884798442b70624bf215292b2aadfdf8d
LLLLHLH-HH,2,3842177234163532593,te_extinction,983,289,state-002-001-0000950.gz,950,TE-Interaction-Experiments/LLLLHLH-HH/provenance-002-001.json,ee6a78f884798442b70624bf215292b2aadfdf8d
LLLLHLH-HH,3,17867403853971634265,te_extinction,765,303,state-003-001-0000750.gz,750,TE-Interaction-Experiments/LLLLHLH-HH/provenance-003-001.json,ee6a78f884798442b70624bf215292b2aadfdf8d
LLLLHLH-HL,1,8199673096064033487,te_extinction,393,313,state-001-001-0000350.gz,350,TE-Interaction-Experiments/LLLLHLH-HL/provenance-001-001.json,ee6a78f884798442b70624bf215292b2aadfdf8d
LLLLHLH-HL,2,337499892512877070,te_extinction,360,307,state-002-001-0000350.gz,350,TE-Interaction-Experiments/LLLLHLH-HL/provenance-002-001.json,ee6a78f884798442b70624bf215292b2aadfdf8d
LLLLHLH-HL,3,12199734531290167970,te_extinction,387,311,state-003-001-0000350.gz,350,TE-Interaction-Experiments/LLLLHLH-HL/provenance-003-001.json,ee6a78f884798442b70624bf215292b2aadfdf8d
LLLLHLH-LH,1,6217650055919533935,host_extinction,15,0,state-001-001-0000000.gz,0,TE-Interaction-Experiments/LLLLHLH-LH/provenance-001-001.json,ee6a78f884798442b70624bf215292b2aadfdf8d
LLLLHLH-LH,2,17132901806786996767,host_extinction,15,0,state-002-001-0000000.gz,0,TE-Interaction-Experiments/LLLLHLH-LH/provenance-002-001.json,ee6a78f884798442b70624bf215292b2aadfdf8d
LLLLHLH-LH,3,17599003756501419977,te_extinction,835,299,state-003-001-0000800.gz,800,TE-Interaction-Experiments/LLLLHLH-LH/provenance-003-001.json,ee6a78f884798442b70624bf215292b2aadfdf8d
LLLLHLH-LL,1,2363842192956475498,te_extinction,316,284,state-001-001-0000300.gz,300,TE-Interaction-Experiments/LLLLHLH-LL/provenance-001-001.json,ee6a78f884798442b70624bf215292b2aadfdf8d
LLLLHLH-LL,2,8984872851104954666,host_extinction,13,0,state-002-001-0000000.gz,0,TE-Interaction-Experiments/LLLLHLH-LL/provenance-002-001.json,ee6a78f884798442b70624bf215292b2aadfdf8d
LLLLHLH-LL,3,8983646659308705325,host_extinction,14,0,state-003-001-0000000.gz,0,TE-Interaction-Experiments/LLLLHLH-LL/provenance-003-001.json,ee6a78f884798442b70624bf215292b2aadfdf8d
LLLLHLH-Z,1,5410740913576293659,host_extinction,11,0,state-001-001-0000000.gz,0,TE-Interaction-Experiments/LLLLHLH-Z/provenance-001-001.json,023a8f88fe52b0b77d91cc3ef72caf45cabbbecf
LLLLHLH-Z,2,8789704940507311713,host_extinction,13,0,state-002-001-0000000.gz,0,TE-Interaction-Experiments/LLLLHLH-Z/provenance-002-001.json,023a8f88fe52b0b77d91cc3ef72caf45cabbbecf
LLLLHLH-Z,3,13542980877806538936,te_extinction,12,311,state-003-001-0000000.gz,0,TE-Interaction-Experiments/LLLLHLH-Z/provenance-003-001.json,023a8f88fe52b0b77d91cc3ef72caf45cabbbecf
LLLLHLL-HH,1,142993095606390916,maximum_generations,1500,26,state-001-001-0001500.gz,1500,TE-Interaction-Experiments/LLLLHLL-HH/provenance-001-001.json,ee6a78f884798442b70624bf215292b2aadfdf8d
LLLLHLL-HH,2,9186552579724753356,maximum_generations,1500,34,state-002-001-0001500.gz,1500,TE-Interaction-Experiments/LLLLHLL-HH/provenance-002-001.json,ee6a78f884798442b70624bf215292b2aadfdf8d
LLLLHLL-HH,3,10671920100496781,maximum_generations,1500,27,state-003-001-0001500.gz,1500,TE-Interaction-Experiments/LLLLHLL-HH/provenance-003-001.json,ee6a78f884798442b70624bf215292b2aadfdf8d
LLLLHLL-HL,1,9462757774613485177,maximum_generations,1500,33,state-001-001-0001500.gz,1500,TE-Interaction-Experiments/LLLLHLL-HL/provenance-001-001.json,ee6a78f884798442b70624bf215292b2aadfdf8d
LLLLHLL-HL,2,15183184843850705811,te_extinction,245,29,state-002-001-0000200.gz,200,TE-Interaction-Experiments/LLLLHLL-HL/provenance-002-001.json,ee6a78f884798442b70624bf215292b2aadfdf8d
LLLLHLL-HL,3,9177278517009277136,host_extinction,22,0,state-003-001-0000000.gz,0,TE-Interaction-Experiments/LLLLHLL-HL/provenance-003-001.json,ee6a78f884798442b70624bf215292b2aadfdf8d
LLLLHLL-LH,1,4329655411219884926,host_extinction,13,0,state-001-001-0000000.gz,0,TE-Interaction-Experiments/LLLLHLL-LH/provenance-001-001.json,ee6a78f884798442b70624bf215292b2aadfdf8d
LLLLHLL-LH,2,2961115322826095034,host_extinction,13,0,state-002-001-0000000.gz,0,TE-Interaction-Experiments/LLLLHLL-LH/provenance-002-001.json,ee6a78f884798442b70624bf215292b2aadfdf8d
LLLLHLL-LH,3,836457531605817116,host_extinction,14,0,state-003-001-0000000.gz,0,TE-Interaction-Experiments/LLLLHLL-LH/provenance-003-001.json,ee6a78f884798442b70624bf215292b2aadfdf8d
LLLLHLL-LL,1,7631787408675118955,te_extinction,188,30,state-001-001-0000150.gz,150,TE-Interaction-Experiments/LLLLHLL-LL/provenance-001-001.json,ee6a78f884798442b70624bf215292b2aadfdf8d
LLLLHLL-LL,2,2487726489259058296,host_extinction,12,0,state-002-001-0000000.gz,0,TE-Interaction-Experiments/LLLLHLL-LL/provenance-002-001.json,ee6a78f884798442b70624bf215292b2aadfdf8d
LLLLHLL-LL,3,1774197384632658473,host_extinction,11,0,state-003-001-0000000.gz,0,TE-Interaction-Experiments/LLLLHLL-LL/provenance-003-001.json,ee6a78f884798442b70624bf215292b2aadfdf8d
LLLLHLL-Z,1,11213071636027630560,host_extinction,12,0,state-001-001-0000000.gz,0,TE-Interaction-Experiments/LLLLHLL-Z/provenance-001-001.json,023a8f88fe52b0b77d91cc3ef72caf45cabbbecf
LLLLHLL-Z,2,16711203968471628522,host_extinction,10,0,state-002-001-0000000.gz,0,TE-Interaction-Experiments/LLLLHLL-Z/provenance-002-001.json,023a8f88fe52b0b77d91cc3ef72caf45cabbbecf
LLLLHLL-Z,3,5761448502455372047,host_extinction,10,0,state-003-001-0000000.gz,0,TE-Interaction-Experiments/LLLLHLL-Z/provenance-003-001.json,023a8f88fe52b0b77d91cc3ef72caf45cabbbecf
LLLLLHH-HH,1,17615129768993494802,te_extinction,292,303,state-001-001-0000250.gz,250,TE-Interaction-Experiments/LLLLLHH-HH/provenance-001-001.json,ee6a78f884798442b70624bf215292b2aadfdf8d
LLLLLHH-HH,2,1186194361225864579,host_extinction,16,0,state-002-001-0000000.gz,0,TE-Interaction-Experiments/LLLLLHH-HH/provenance-002-001.json,ee6a78f884798442b70624bf215292b2aadfdf8d
LLLLLHH-HH,3,10812506382899766899,te_extinction,637,318,state-003-001-0000600.gz,600,TE-Interaction-Experiments/LLLLLHH-HH/provenance-003-001.json,ee6a78f884798442b70624bf215292b2aadfdf8d
LLLLLHH-HL,1,9888940825077976833,te_extinction,552,305,state-001-001-0000550.gz,550,TE-Interaction-Experiments/LLLLLHH-HL/provenance-001-001.json,ee6a78f884798442b70624bf215292b2aadfdf8d
LLLLLHH-HL,2,4557124204813202367,te_extinction,574,306,state-002-001-0000550.gz,550,TE-Interaction-Experiments/LLLLLHH-HL/provenance-002-001.json,ee6a78f884798442b70624bf215292b2aadfdf8d
LLLLLHH-HL,3,18156463783040262520,te_extinction,129,293,state-003-001-0000100.gz,100,TE-Interaction-Experiments/LLLLLHH-HL/provenance-003-001.json,ee6a78f884798442b70624bf215292b2aadfdf8d
LLLLLHH-LH,1,14761159560602767025,te_extinction,359,295,state-001-001-0000350.gz,350,TE-Interaction-Experiments/LLLLLHH-LH/provenance-001-001.json,ee6a78f884798442b70624bf215292b2aadfdf8d
LLLLLHH-LH,2,7253166585173502690,te_extinction,174,276,state-002-001-0000150.gz,150,TE-Interaction-Experiments/LLLLLHH-LH/provenance-002-001.json,ee6a78f884798442b70624bf215292b2aadfdf8d
LLLLLHH-LH,3,7357145003059680360,te_extinction,454,306,state-003-001-0000450.gz,450,TE-Interaction-Experiments/LLLLLHH-LH/provenance-003-001.json,ee6a78f884798442b70624bf215292b2aadfdf8d
LLLLLHH-LL,1,13126017300423938959,te_extinction,107,292,state-001-001-0000100.gz,100,TE-Interaction-Experiments/LLLLLHH-LL/provenance-001-001.json,ee6a78f884798442b70624bf215292b2aadfdf8d
LLLLLHH-LL,2,8156215879134596963,te_extinction,173,288,state-002-001-0000150.gz,150,TE-Interaction-Experiments/LLLLLHH-LL/provenance-002-001.json,ee6a78f884798442b70624bf215292b2aadfdf8d
LLLLLHH-LL,3,12146870552243533040,te_extinction,126,310,state-003-001-0000100.gz,100,TE-Interaction-Experiments/LLLLLHH-LL/provenance-003-001.json,ee6a78f884798442b70624bf215292b2aadfdf8d
LLLLLHH-Z,1,16169693101091623282,te_extinction,11,303,state-001-001-0000000.gz,0,TE-Interaction-Experiments/LLLLLHH-Z/provenance-001-001.json,023a8f88fe52b0b77d91cc3ef72caf45cabbbecf
LLLLLHH-Z,2,6857661343875760244,te_extinction,10,296,state-002-001-0000000.gz,0,TE-Interaction-Experiments/LLLLLHH-Z/provenance-002-001.json,023a8f88fe52b0b77d91cc3ef72caf45cabbbecf
LLLLLHH-Z,3,7335708506489397770,te_extinction,9,232,state-003-001-0000000.gz,0,TE-Interaction-Experiments/LLLLLHH-Z/provenance-003-001.json,023a8f88fe52b0b77d91cc3ef72caf45cabbbecf
LLLLLHL-HH,1,14321946532876624439,te_extinction,156,29,state-001-001-0000150.gz,150,TE-Interaction-Experiments/LLLLLHL-HH/provenance-001-001.json,ee6a78f884798442b70624bf215292b2aadfdf8d
LLLLLHL-HH,2,1151713241352376775,te_extinction,592,26,state-002-001-0000550.gz,550,TE-Interaction-Experiments/LLLLLHL-HH/provenance-002-001.json,ee6a78f884798442b70624bf215292b2aadfdf8d
LLLLLHL-HH,3,16101113511861638363,te_extinction,590,31,state-003-001-0000550.gz,550,TE-Interaction-Experiments/LLLLLHL-HH/provenance-003-001.json,ee6a78f884798442b70624bf215292b2aadfdf8d
LLLLLHL-HL,1,2449489886693750112,host_extinction,9,0,state-001-001-0000000.gz,0,TE-Interaction-Experiments/LLLLLHL-HL/provenance-001-001.json,ee6a78f884798442b70624bf215292b2aadfdf8d
LLLLLHL-HL,2,4777002294012460623,host_extinction,9,0,state-002-001-0000000.gz,0,TE-Interaction-Experiments/LLLLLHL-HL/provenance-002-001.json,ee6a78f884798442b70624bf215292b2aadfdf8d
LLLLLHL-HL,3,2122954020733899685,host_extinction,7,0,state-003-001-0000000.gz,0,TE-Interaction-Experiments/LLLLLHL-HL/provenance-003-001.json,ee6a78f884798442b70624bf215292b2aadfdf8d
LLLLLHL-LH,1,6119515877307972616,host_extinction,8,0,state-001-001-0000000.gz,0,TE-Interaction-Experiments/LLLLLHL-LH/provenance-001-001.json,ee6a78f884798442b70624bf215292b2aadfdf8d
LLLLLHL-LH,2,4124712291915115272,host_extinction,8,0,state-002-001-0000000.gz,0,TE-Interaction-Experiments/LLLLLHL-LH/provenance-002-001.json,ee6a78f884798442b70624bf215292b2aadfdf8d
LLLLLHL-LH,3,8375557914711684596,host_extinction,8,0,state-003-001-0000000.gz,0,TE-Interaction-Experiments/LLLLLHL-LH/provenance-003-001.json,ee6a78f884798442b70624bf215292b2aadfdf8d
LLLLLHL-LL,1,2207955260627526481,te_extinction,176,36,state-001-001-0000150.gz,150,TE-Interaction-Experiments/LLLLLHL-LL/provenance-001-001.json,ee6a78f884798442b70624bf215292b2aadfdf8d
LLLLLHL-LL,2,11002293225365626117,host_extinction,7,0,state-002-001-0000000.gz,0,TE-Interaction-Experiments/LLLLLHL-LL/provenance-002-001.json,ee6a78f884798442b70624bf215292b2aadfdf8d
LLLLLHL-LL,3,8697360247833493962,host_extinction,10,0,state-003-001-0000000.gz,0,TE-Interaction-Experiments/LLLLLHL-LL/provenance-003-001.json,ee6a78f884798442b70624bf215292b2aadfdf8d
LLLLLHL-Z,1,11242044201700746174,te_extinction,8,24,state-001-001-0000000.gz,0,TE-Interaction-Experiments/LLLLLHL-Z/provenance-001-001.json,f9d0537629a4cacb6ed147d796121c399c460656
LLLLLHL-Z,2,4676744533511667371,host_extinction,8,0,state-002-001-0000000.gz,0,TE-Interaction-Experiments/LLLLLHL-Z/provenance-002-001.json,023a8f88fe52b0b77d91cc3ef72caf45cabbbecf
LLLLLHL-Z,3,2318372226283353261,host_extinction,9,0,state-003-001-0000000.gz,0,TE-Interaction-Experiments/LLLLLHL-Z/provenance-003-001.json,023a8f88fe52b0b77d91cc3ef72caf45cabbbecf
LLLLLLH-HH,1,17273835163730066744,te_extinction,1014,296,state-001-001-0001000.gz,1000,TE-Interaction-Experiments/LLLLLLH-HH/provenance-001-001.json,ee6a78f884798442b70624bf215292b2aadfdf8d
LLLLLLH-HH,2,7080269842922142098,te_extinction,358,297,state-002-001-0000350.gz,350,TE-Interaction-Experiments/LLLLLLH-HH/provenance-002-001.json,ee6a78f884798442b70624bf215292b2aadfdf8d
LLLLLLH-HH,3,15282288809037695463,host_extinction,31,0,state-003-001-0000000.gz,0,TE-Interaction-Experiments/LLLLLLH-HH/provenance-003-001.json,ee6a78f884798442b70624bf215292b2aadfdf8d
LLLLLLH-HL,1,9867300207065403505,te_extinction,337,287,state-001-001-0000300.gz,300,TE-Interaction-Experiments/LLLLLLH-HL/provenance-001-001.json,ee6a78f884798442b70624bf215292b2aadfdf8d
LLLLLLH-HL,2,9521888606246095984,host_extinction,20,0,state-002-001-0000000.gz,0,TE-Interaction-Experiments/LLLLLLH-HL/provenance-002-001.json,ee6a78f884798442b70624bf215292b2aadfdf8d
LLLLLLH-HL,3,10694192227050610083,te_extinction,892,271,state-003-001-0000850.gz,850,TE-Interaction-Experiments/LLLLLLH-HL/provenance-003-001.json,ee6a78f884798442b70624bf215292b2aadfdf8d
LLLLLLH-LH,1,8063989408397452972,te_extinction,670,322,state-001-001-0000650.gz,650,TE-Interaction-Experiments/LLLLLLH-LH/provenance-001-001.json,ee6a78f884798442b70624bf215292b2aadfdf8d
LLLLLLH-LH,2,5448472737550063620,te_extinction,675,316,state-002-001-0000650.gz,650,TE-Interaction-Experiments/LLLLLLH-LH/provenance-002-001.json,ee6a78f884798442b70624bf215292b2aadfdf8d
LLLLLLH-LH,3,6996509400861251978,te_extinction,409,298,state-003-001-0000400.gz,400,TE-Interaction-Experiments/LLLLLLH-LH/provenance-003-001.json,ee6a78f884798442b70624bf215292b2aadfdf8d
LLLLLLH-LL,1,11163027165640632498,te_extinction,425,311,state-001-001-0000400.gz,400,TE-Interaction-Experiments/LLLLLLH-LL/provenance-001-001.json,ee6a78f884798442b70624bf215292b2aadfdf8d
LLLLLLH-LL,2,779228203367477408,te_extinction,272,318,state-002-001-0000250.gz,250,TE-Interaction-Experiments/LLLLLLH-LL/provenance-002-001.json,ee6a78f884798442b70624bf215292b2aadfdf8d
LLLLLLH-LL,3,5584130989673306144,te_extinction,357,320,state-003-001-0000350.gz,350,TE-Interaction-Experiments/LLLLLLH-LL/provenance-003-001.json,ee6a78f884798442b70624bf215292b2aadfdf8d
LLLLLLH-Z,1,7695380060719495432,te_extinction,10,135,state-001-001-0000000.gz,0,TE-Interaction-Experiments/LLLLLLH-Z/provenance-001-001.json,023a8f88fe52b0b77d91cc3ef72caf45cabbbecf
LLLLLLH-Z,2,13582735372109121944,te_extinction,9,58,state-002-001-0000000.gz,0,TE-Interaction-Experiments/LLLLLLH-Z/provenance-002-001.json,023a8f88fe52b0b77d91cc3ef72caf45cabbbecf
LLLLLLH-Z,3,542133616263705840,te_extinction,11,290,state-003-001-0000000.gz,0,TE-Interaction-Experiments/LLLLLLH-Z/provenance-003-001.json,023a8f88fe52b0b77d91cc3ef72caf45cabbbecf
LLLLLLL-HH,1,17347102804801482917,host_extinction,12,0,state-001-001-0000000.gz,0,TE-Interaction-Experiments/LLLLLLL-HH/provenance-001-001.json,ee6a78f884798442b70624bf215292b2aadfdf8d
LLLLLLL-HH,2,10342231942393743203,te_extinction,649,34,state-002-001-0000600.gz,600,TE-Interaction-Experiments/LLLLLLL-HH/provenance-002-001.json,ee6a78f884798442b70624bf215292b2aadfdf8d
LLLLLLL-HH,3,17799630826639617421,host_extinction,10,0,state-003-001-0000000.gz,0,TE-Interaction-Experiments/LLLLLLL-HH/provenance-003-001.json,ee6a78f884798442b70624bf215292b2aadfdf8d
LLLLLLL-HL,1,3440242813350890376,host_extinction,9,0,state-001-001-0000000.gz,0,TE-Interaction-Experiments/LLLLLLL-HL/provenance-001-001.json,ee6a78f884798442b70624bf215292b2aadfdf8d
LLLLLLL-HL,2,10607673984522876990,host_extinction,9,0,state-002-001-0000000.gz,0,TE-Interaction-Experiments/LLLLLLL-HL/provenance-002-001.json,ee6a78f884798442b70624bf215292b2aadfdf8d
LLLLLLL-HL,3,13479209435177757335,te_extinction,190,25,state-003-001-0000150.gz,150,TE-Interaction-Experiments/LLLLLLL-HL/provenance-003-001.json,ee6a78f884798442b70624bf215292b2aadfdf8d
LLLLLLL-LH,1,9055602386165753007,host_extinction,8,0,state-001-001-0000000.gz,0,TE-Interaction-Experiments/LLLLLLL-LH/provenance-001-001.json,ee6a78f884798442b70624bf215292b2aadfdf8d
LLLLLLL-LH,2,8785242693774318024,host_extinction,8,0,state-002-001-0000000.gz,0,TE-Interaction-Experiments/LLLLLLL-LH/provenance-002-001.json,ee6a78f884798442b70624bf215292b2aadfdf8d
LLLLLLL-LH,3,18242702833504766648,te_extinction,267,34,state-003-001-0000250.gz,250,TE-Interaction-Experiments/LLLLLLL-LH/provenance-003-001.json,ee6a78f884798442b70624bf215292b2aadfdf8d
LLLLLLL-LL,1,4809301421241072623,te_extinction,120,23,state-001-001-0000100.gz,100,TE-Interaction-Experiments/LLLLLLL-LL/provenance-001-001.json,ee6a78f884798442b70624bf215292b2aadfdf8d
LLLLLLL-LL,2,7761563350328410142,host_extinction,7,0,state-002-001-0000000.gz,0,TE-Interaction-Experiments/LLLLLLL-LL/provenance-002-001.json,ee6a78f884798442b70624bf215292b2aadfdf8d
LLLLLLL-LL,3,536458159493525600,host_extinction,9,0,state-003-001-0000000.gz,0,TE-Interaction-Experiments/LLLLLLL-LL/provenance-003-001.json,ee6a78f884798442b70624bf215292b2aadfdf8d
LLLLLLL-Z,1,6538318805146107393,host_extinction,9,0,state-001-001-0000000.gz,0,TE-Interaction-Experiments/LLLLLLL-Z/provenance-001-001.json,f9d0537629a4cacb6ed147d796121c399c460656
LLLLLLL-Z,2,10196306462016249867,host_extinction,7,0,state-002-001-0000000.gz,0,TE-Interaction-Experiments/LLLLLLL-Z/provenance-002-001.json,f9d0537629a4cacb6ed147d796121c399c460656
LLLLLLL-Z,3,7365357004909195997,host_extinction,10,0,state-003-001-0000000.gz,0,TE-Interaction-Experiments/LLLLLLL-Z/provenance-003-001.json,f9d0537629a4cacb6ed147d796121c399c460656
