condition_code,run,seed,scientific_status,final_generation,final_population_size,latest_checkpoint,job_id,task_index,backend,git_commit,provenance_file,collected_at_utc
HHHHHHH-HH,1,15993074244531042095,host_extinction,11,0,state-001-001-0000000.gz,20793821,9,compact_numpy_v1,ee6a78f884798442b70624bf215292b2aadfdf8d,/scratch/skremer/TE_World2-pilot/TE-Interaction-Experiments/HHHHHHH-HH/provenance-001-001.json,2026-08-30T13:32:45.587852+00:00
HHHHHHH-HH,2,5230014347539899032,host_extinction,10,0,state-002-001-0000000.gz,20793821,10,compact_numpy_v1,ee6a78f884798442b70624bf215292b2aadfdf8d,/scratch/skremer/TE_World2-pilot/TE-Interaction-Experiments/HHHHHHH-HH/provenance-002-001.json,2026-08-30T13:32:45.590686+00:00
HHHHHHH-HH,3,11193307786945781508,host_extinction,10,0,state-003-001-0000000.gz,20793821,11,compact_numpy_v1,ee6a78f884798442b70624bf215292b2aadfdf8d,/scratch/skremer/TE_World2-pilot/TE-Interaction-Experiments/HHHHHHH-HH/provenance-003-001.json,2026-08-30T13:32:45.593579+00:00
HHHHHHH-HL,1,3244083580825990857,host_extinction,8,0,state-001-001-0000000.gz,20793821,6,compact_numpy_v1,ee6a78f884798442b70624bf215292b2aadfdf8d,/scratch/skremer/TE_World2-pilot/TE-Interaction-Experiments/HHHHHHH-HL/provenance-001-001.json,2026-08-30T13:32:45.561709+00:00
HHHHHHH-HL,2,17245834549017499285,maximum_generations,1500,290,state-002-001-0001500.gz,20793821,7,compact_numpy_v1,ee6a78f884798442b70624bf215292b2aadfdf8d,/scratch/skremer/TE_World2-pilot/TE-Interaction-Experiments/HHHHHHH-HL/provenance-002-001.json,2026-08-30T13:32:45.566025+00:00
HHHHHHH-HL,3,6124166682259072156,host_extinction,9,0,state-003-001-0000000.gz,20793821,8,compact_numpy_v1,ee6a78f884798442b70624bf215292b2aadfdf8d,/scratch/skremer/TE_World2-pilot/TE-Interaction-Experiments/HHHHHHH-HL/provenance-003-001.json,2026-08-30T13:32:45.585097+00:00
HHHHHHH-LH,1,16979071254088669592,host_extinction,7,0,state-001-001-0000000.gz,20793821,3,compact_numpy_v1,ee6a78f884798442b70624bf215292b2aadfdf8d,/scratch/skremer/TE_World2-pilot/TE-Interaction-Experiments/HHHHHHH-LH/provenance-001-001.json,2026-08-30T13:32:45.549735+00:00
HHHHHHH-LH,2,7325005567567938532,host_extinction,8,0,state-002-001-0000000.gz,20793821,4,compact_numpy_v1,ee6a78f884798442b70624bf215292b2aadfdf8d,/scratch/skremer/TE_World2-pilot/TE-Interaction-Experiments/HHHHHHH-LH/provenance-002-001.json,2026-08-30T13:32:45.552449+00:00
HHHHHHH-LH,3,15640330169327450503,host_extinction,9,0,state-003-001-0000000.gz,20793821,5,compact_numpy_v1,ee6a78f884798442b70624bf215292b2aadfdf8d,/scratch/skremer/TE_World2-pilot/TE-Interaction-Experiments/HHHHHHH-LH/provenance-003-001.json,2026-08-30T13:32:45.557055+00:00
HHHHHHH-LL,1,16076405122821654518,maximum_generations,1500,295,state-001-001-0001500.gz,20793821,0,compact_numpy_v1,ee6a78f884798442b70624bf215292b2aadfdf8d,/scratch/skremer/TE_World2-pilot/TE-Interaction-Experiments/HHHHHHH-LL/provenance-001-001.json,2026-08-30T13:32:45.522892+00:00
HHHHHHH-LL,2,8201068975408213014,host_extinction,7,0,state-002-001-0000000.gz,20793821,1,compact_numpy_v1,ee6a78f884798442b70624bf215292b2aadfdf8d,/scratch/skremer/TE_World2-pilot/TE-Interaction-Experiments/HHHHHHH-LL/provenance-002-001.json,2026-08-30T13:32:45.540792+00:00
HHHHHHH-LL,3,4348321397016168332,host_extinction,7,0,state-003-001-0000000.gz,20793821,2,compact_numpy_v1,ee6a78f884798442b70624bf215292b2aadfdf8d,/scratch/skremer/TE_World2-pilot/TE-Interaction-Experiments/HHHHHHH-LL/provenance-003-001.json,2026-08-30T13:32:45.546061+00:00
HHHHHHL-HH,1,6924761734454760855,host_extinction,9,0,state-001-001-0000000.gz,20793821,21,compact_numpy_v1,ee6a78f884798442b70624bf215292b2aadfdf8d,/scratch/skremer/TE_World2-pilot/TE-Interaction-Experiments/HHHHHHL-HH/provenance-001-001.json,2026-08-30T13:32:45.623840+00:00
HHHHHHL-HH,2,9551077334488180806,host_extinction,8,0,state-002-001-0000000.gz,20793821,22,compact_numpy_v1,ee6a78f884798442b70624bf215292b2aadfdf8d,/scratch/skremer/TE_World2-pilot/TE-Interaction-Experiments/HHHHHHL-HH/provenance-002-001.json,2026-08-30T13:32:45.627094+00:00
HHHHHHL-HH,3,6467514733128011624,host_extinction,7,0,state-003-001-0000000.gz,20793821,23,compact_numpy_v1,ee6a78f884798442b70624bf215292b2aadfdf8d,/scratch/skremer/TE_World2-pilot/TE-Interaction-Experiments/HHHHHHL-HH/provenance-003-001.json,2026-08-30T13:32:45.630845+00:00
HHHHHHL-HL,1,17172014033702084604,host_extinction,7,0,state-001-001-0000000.gz,20793821,18,compact_numpy_v1,ee6a78f884798442b70624bf215292b2aadfdf8d,/scratch/skremer/TE_World2-pilot/TE-Interaction-Experiments/HHHHHHL-HL/provenance-001-001.json,2026-08-30T13:32:45.614743+00:00
HHHHHHL-HL,2,11892586664391310726,host_extinction,8,0,state-002-001-0000000.gz,20793821,19,compact_numpy_v1,ee6a78f884798442b70624bf215292b2aadfdf8d,/scratch/skremer/TE_World2-pilot/TE-Interaction-Experiments/HHHHHHL-HL/provenance-002-001.json,2026-08-30T13:32:45.618323+00:00
HHHHHHL-HL,3,8793265962681512542,host_extinction,6,0,state-003-001-0000000.gz,20793821,20,compact_numpy_v1,ee6a78f884798442b70624bf215292b2aadfdf8d,/scratch/skremer/TE_World2-pilot/TE-Interaction-Experiments/HHHHHHL-HL/provenance-003-001.json,2026-08-30T13:32:45.621056+00:00
HHHHHHL-LH,1,15299953410935192624,host_extinction,7,0,state-001-001-0000000.gz,20793821,15,compact_numpy_v1,ee6a78f884798442b70624bf215292b2aadfdf8d,/scratch/skremer/TE_World2-pilot/TE-Interaction-Experiments/HHHHHHL-LH/provenance-001-001.json,2026-08-30T13:32:45.605883+00:00
HHHHHHL-LH,2,16377488477243602076,host_extinction,6,0,state-002-001-0000000.gz,20793821,16,compact_numpy_v1,ee6a78f884798442b70624bf215292b2aadfdf8d,/scratch/skremer/TE_World2-pilot/TE-Interaction-Experiments/HHHHHHL-LH/provenance-002-001.json,2026-08-30T13:32:45.609249+00:00
HHHHHHL-LH,3,11224201108290975895,host_extinction,7,0,state-003-001-0000000.gz,20793821,17,compact_numpy_v1,ee6a78f884798442b70624bf215292b2aadfdf8d,/scratch/skremer/TE_World2-pilot/TE-Interaction-Experiments/HHHHHHL-LH/provenance-003-001.json,2026-08-30T13:32:45.612149+00:00
HHHHHHL-LL,1,17889599391604932396,host_extinction,6,0,state-001-001-0000000.gz,20793821,12,compact_numpy_v1,ee6a78f884798442b70624bf215292b2aadfdf8d,/scratch/skremer/TE_World2-pilot/TE-Interaction-Experiments/HHHHHHL-LL/provenance-001-001.json,2026-08-30T13:32:45.596296+00:00
HHHHHHL-LL,2,12237571142639217398,host_extinction,6,0,state-002-001-0000000.gz,20793821,13,compact_numpy_v1,ee6a78f884798442b70624bf215292b2aadfdf8d,/scratch/skremer/TE_World2-pilot/TE-Interaction-Experiments/HHHHHHL-LL/provenance-002-001.json,2026-08-30T13:32:45.599429+00:00
HHHHHHL-LL,3,1661280424787811274,host_extinction,6,0,state-003-001-0000000.gz,20793821,14,compact_numpy_v1,ee6a78f884798442b70624bf215292b2aadfdf8d,/scratch/skremer/TE_World2-pilot/TE-Interaction-Experiments/HHHHHHL-LL/provenance-003-001.json,2026-08-30T13:32:45.602406+00:00
HHHHHLH-HH,1,2328565420139043864,host_extinction,9,0,state-001-001-0000000.gz,20793821,33,compact_numpy_v1,ee6a78f884798442b70624bf215292b2aadfdf8d,/scratch/skremer/TE_World2-pilot/TE-Interaction-Experiments/HHHHHLH-HH/provenance-001-001.json,2026-08-30T13:32:45.668465+00:00
HHHHHLH-HH,2,18376054660193938757,maximum_generations,1500,305,state-002-001-0001500.gz,20793821,34,compact_numpy_v1,ee6a78f884798442b70624bf215292b2aadfdf8d,/scratch/skremer/TE_World2-pilot/TE-Interaction-Experiments/HHHHHLH-HH/provenance-002-001.json,2026-08-30T13:32:45.670965+00:00
HHHHHLH-HH,3,7313343097941809590,host_extinction,11,0,state-003-001-0000000.gz,20793821,35,compact_numpy_v1,ee6a78f884798442b70624bf215292b2aadfdf8d,/scratch/skremer/TE_World2-pilot/TE-Interaction-Experiments/HHHHHLH-HH/provenance-003-001.json,2026-08-30T13:32:45.689624+00:00
HHHHHLH-HL,1,16950438504563556657,host_extinction,9,0,state-001-001-0000000.gz,20793821,30,compact_numpy_v1,ee6a78f884798442b70624bf215292b2aadfdf8d,/scratch/skremer/TE_World2-pilot/TE-Interaction-Experiments/HHHHHLH-HL/provenance-001-001.json,2026-08-30T13:32:45.657161+00:00
HHHHHLH-HL,2,11570864935315273518,host_extinction,8,0,state-002-001-0000000.gz,20793821,31,compact_numpy_v1,ee6a78f884798442b70624bf215292b2aadfdf8d,/scratch/skremer/TE_World2-pilot/TE-Interaction-Experiments/HHHHHLH-HL/provenance-002-001.json,2026-08-30T13:32:45.661866+00:00
HHHHHLH-HL,3,13257854901350587617,host_extinction,8,0,state-003-001-0000000.gz,20793821,32,compact_numpy_v1,ee6a78f884798442b70624bf215292b2aadfdf8d,/scratch/skremer/TE_World2-pilot/TE-Interaction-Experiments/HHHHHLH-HL/provenance-003-001.json,2026-08-30T13:32:45.665354+00:00
HHHHHLH-LH,1,4884201591967782311,host_extinction,8,0,state-001-001-0000000.gz,20793821,27,compact_numpy_v1,ee6a78f884798442b70624bf215292b2aadfdf8d,/scratch/skremer/TE_World2-pilot/TE-Interaction-Experiments/HHHHHLH-LH/provenance-001-001.json,2026-08-30T13:32:45.645094+00:00
HHHHHLH-LH,2,3138107185503223465,host_extinction,7,0,state-002-001-0000000.gz,20793821,28,compact_numpy_v1,ee6a78f884798442b70624bf215292b2aadfdf8d,/scratch/skremer/TE_World2-pilot/TE-Interaction-Experiments/HHHHHLH-LH/provenance-002-001.json,2026-08-30T13:32:45.651349+00:00
HHHHHLH-LH,3,9322800828374530010,host_extinction,7,0,state-003-001-0000000.gz,20793821,29,compact_numpy_v1,ee6a78f884798442b70624bf215292b2aadfdf8d,/scratch/skremer/TE_World2-pilot/TE-Interaction-Experiments/HHHHHLH-LH/provenance-003-001.json,2026-08-30T13:32:45.654178+00:00
HHHHHLH-LL,1,14995372131690110354,host_extinction,8,0,state-001-001-0000000.gz,20793821,24,compact_numpy_v1,ee6a78f884798442b70624bf215292b2aadfdf8d,/scratch/skremer/TE_World2-pilot/TE-Interaction-Experiments/HHHHHLH-LL/provenance-001-001.json,2026-08-30T13:32:45.633755+00:00
HHHHHLH-LL,2,9124106029108139514,host_extinction,7,0,state-002-001-0000000.gz,20793821,25,compact_numpy_v1,ee6a78f884798442b70624bf215292b2aadfdf8d,/scratch/skremer/TE_World2-pilot/TE-Interaction-Experiments/HHHHHLH-LL/provenance-002-001.json,2026-08-30T13:32:45.637092+00:00
HHHHHLH-LL,3,10279126157215178953,host_extinction,6,0,state-003-001-0000000.gz,20793821,26,compact_numpy_v1,ee6a78f884798442b70624bf215292b2aadfdf8d,/scratch/skremer/TE_World2-pilot/TE-Interaction-Experiments/HHHHHLH-LL/provenance-003-001.json,2026-08-30T13:32:45.641420+00:00
HHHHHLL-HH,1,8439841094568060065,host_extinction,7,0,state-001-001-0000000.gz,20793821,45,compact_numpy_v1,ee6a78f884798442b70624bf215292b2aadfdf8d,/scratch/skremer/TE_World2-pilot/TE-Interaction-Experiments/HHHHHLL-HH/provenance-001-001.json,2026-08-30T13:32:45.721466+00:00
HHHHHLL-HH,2,17164682618813477950,host_extinction,9,0,state-002-001-0000000.gz,20793821,46,compact_numpy_v1,ee6a78f884798442b70624bf215292b2aadfdf8d,/scratch/skremer/TE_World2-pilot/TE-Interaction-Experiments/HHHHHLL-HH/provenance-002-001.json,2026-08-30T13:32:45.724643+00:00
HHHHHLL-HH,3,16839272349776834380,host_extinction,7,0,state-003-001-0000000.gz,20793821,47,compact_numpy_v1,ee6a78f884798442b70624bf215292b2aadfdf8d,/scratch/skremer/TE_World2-pilot/TE-Interaction-Experiments/HHHHHLL-HH/provenance-003-001.json,2026-08-30T13:32:45.727065+00:00
HHHHHLL-HL,1,17860005826406292710,host_extinction,6,0,state-001-001-0000000.gz,20793821,42,compact_numpy_v1,ee6a78f884798442b70624bf215292b2aadfdf8d,/scratch/skremer/TE_World2-pilot/TE-Interaction-Experiments/HHHHHLL-HL/provenance-001-001.json,2026-08-30T13:32:45.713689+00:00
HHHHHLL-HL,2,15023379523339365131,host_extinction,6,0,state-002-001-0000000.gz,20793821,43,compact_numpy_v1,ee6a78f884798442b70624bf215292b2aadfdf8d,/scratch/skremer/TE_World2-pilot/TE-Interaction-Experiments/HHHHHLL-HL/provenance-002-001.json,2026-08-30T13:32:45.715789+00:00
HHHHHLL-HL,3,17215671106081220768,host_extinction,8,0,state-003-001-0000000.gz,20793821,44,compact_numpy_v1,ee6a78f884798442b70624bf215292b2aadfdf8d,/scratch/skremer/TE_World2-pilot/TE-Interaction-Experiments/HHHHHLL-HL/provenance-003-001.json,2026-08-30T13:32:45.718445+00:00
HHHHHLL-LH,1,10288817787817283492,host_extinction,6,0,state-001-001-0000000.gz,20793821,39,compact_numpy_v1,ee6a78f884798442b70624bf215292b2aadfdf8d,/scratch/skremer/TE_World2-pilot/TE-Interaction-Experiments/HHHHHLL-LH/provenance-001-001.json,2026-08-30T13:32:45.704788+00:00
HHHHHLL-LH,2,10706444671235273895,host_extinction,6,0,state-002-001-0000000.gz,20793821,40,compact_numpy_v1,ee6a78f884798442b70624bf215292b2aadfdf8d,/scratch/skremer/TE_World2-pilot/TE-Interaction-Experiments/HHHHHLL-LH/provenance-002-001.json,2026-08-30T13:32:45.708202+00:00
HHHHHLL-LH,3,8875717174859589363,host_extinction,7,0,state-003-001-0000000.gz,20793821,41,compact_numpy_v1,ee6a78f884798442b70624bf215292b2aadfdf8d,/scratch/skremer/TE_World2-pilot/TE-Interaction-Experiments/HHHHHLL-LH/provenance-003-001.json,2026-08-30T13:32:45.711104+00:00
HHHHHLL-LL,1,4911749273378168663,host_extinction,6,0,state-001-001-0000000.gz,20793821,36,compact_numpy_v1,ee6a78f884798442b70624bf215292b2aadfdf8d,/scratch/skremer/TE_World2-pilot/TE-Interaction-Experiments/HHHHHLL-LL/provenance-001-001.json,2026-08-30T13:32:45.693469+00:00
HHHHHLL-LL,2,5613099237269798916,host_extinction,6,0,state-002-001-0000000.gz,20793821,37,compact_numpy_v1,ee6a78f884798442b70624bf215292b2aadfdf8d,/scratch/skremer/TE_World2-pilot/TE-Interaction-Experiments/HHHHHLL-LL/provenance-002-001.json,2026-08-30T13:32:45.698141+00:00
HHHHHLL-LL,3,1912490695735369583,host_extinction,7,0,state-003-001-0000000.gz,20793821,38,compact_numpy_v1,ee6a78f884798442b70624bf215292b2aadfdf8d,/scratch/skremer/TE_World2-pilot/TE-Interaction-Experiments/HHHHHLL-LL/provenance-003-001.json,2026-08-30T13:32:45.700619+00:00
HHHHLHH-HH,1,1471236350123873738,host_extinction,6,0,state-001-001-0000000.gz,20793821,57,compact_numpy_v1,ee6a78f884798442b70624bf215292b2aadfdf8d,/scratch/skremer/TE_World2-pilot/TE-Interaction-Experiments/HHHHLHH-HH/provenance-001-001.json,2026-08-30T13:32:45.792901+00:00
HHHHLHH-HH,2,12565127808748490828,host_extinction,6,0,state-002-001-0000000.gz,20793821,58,compact_numpy_v1,ee6a78f884798442b70624bf215292b2aadfdf8d,/scratch/skremer/TE_World2-pilot/TE-Interaction-Experiments/HHHHLHH-HH/provenance-002-001.json,2026-08-30T13:32:45.796073+00:00
HHHHLHH-HH,3,4631935670542906332,host_extinction,6,0,state-003-001-0000000.gz,20793821,59,compact_numpy_v1,ee6a78f884798442b70624bf215292b2aadfdf8d,/scratch/skremer/TE_World2-pilot/TE-Interaction-Experiments/HHHHLHH-HH/provenance-003-001.json,2026-08-30T13:32:45.799663+00:00
HHHHLHH-HL,1,2531700406893932526,host_extinction,6,0,state-001-001-0000000.gz,20793821,54,compact_numpy_v1,ee6a78f884798442b70624bf215292b2aadfdf8d,/scratch/skremer/TE_World2-pilot/TE-Interaction-Experiments/HHHHLHH-HL/provenance-001-001.json,2026-08-30T13:32:45.770083+00:00
HHHHLHH-HL,2,3515036232055787158,maximum_generations,1500,302,state-002-001-0001500.gz,20793821,55,compact_numpy_v1,ee6a78f884798442b70624bf215292b2aadfdf8d,/scratch/skremer/TE_World2-pilot/TE-Interaction-Experiments/HHHHLHH-HL/provenance-002-001.json,2026-08-30T13:32:45.773601+00:00
HHHHLHH-HL,3,11526753245159001705,host_extinction,5,0,state-003-001-0000000.gz,20793821,56,compact_numpy_v1,ee6a78f884798442b70624bf215292b2aadfdf8d,/scratch/skremer/TE_World2-pilot/TE-Interaction-Experiments/HHHHLHH-HL/provenance-003-001.json,2026-08-30T13:32:45.789059+00:00
HHHHLHH-LH,1,7075235700420566189,host_extinction,6,0,state-001-001-0000000.gz,20793821,51,compact_numpy_v1,ee6a78f884798442b70624bf215292b2aadfdf8d,/scratch/skremer/TE_World2-pilot/TE-Interaction-Experiments/HHHHLHH-LH/provenance-001-001.json,2026-08-30T13:32:45.757032+00:00
HHHHLHH-LH,2,13760188514895927720,host_extinction,5,0,state-002-001-0000000.gz,20793821,52,compact_numpy_v1,ee6a78f884798442b70624bf215292b2aadfdf8d,/scratch/skremer/TE_World2-pilot/TE-Interaction-Experiments/HHHHLHH-LH/provenance-002-001.json,2026-08-30T13:32:45.764033+00:00
HHHHLHH-LH,3,12777723534486069584,host_extinction,5,0,state-003-001-0000000.gz,20793821,53,compact_numpy_v1,ee6a78f884798442b70624bf215292b2aadfdf8d,/scratch/skremer/TE_World2-pilot/TE-Interaction-Experiments/HHHHLHH-LH/provenance-003-001.json,2026-08-30T13:32:45.767153+00:00
HHHHLHH-LL,1,17953848021728693909,host_extinction,5,0,state-001-001-0000000.gz,20793821,48,compact_numpy_v1,ee6a78f884798442b70624bf215292b2aadfdf8d,/scratch/skremer/TE_World2-pilot/TE-Interaction-Experiments/HHHHLHH-LL/provenance-001-001.json,2026-08-30T13:32:45.730279+00:00
HHHHLHH-LL,2,16406553943749321554,maximum_generations,1500,287,state-002-001-0001500.gz,20793821,49,compact_numpy_v1,ee6a78f884798442b70624bf215292b2aadfdf8d,/scratch/skremer/TE_World2-pilot/TE-Interaction-Experiments/HHHHLHH-LL/provenance-002-001.json,2026-08-30T13:32:45.732770+00:00
HHHHLHH-LL,3,4041599614866359800,host_extinction,5,0,state-003-001-0000000.gz,20793821,50,compact_numpy_v1,ee6a78f884798442b70624bf215292b2aadfdf8d,/scratch/skremer/TE_World2-pilot/TE-Interaction-Experiments/HHHHLHH-LL/provenance-003-001.json,2026-08-30T13:32:45.751752+00:00
HHHHLHL-HH,1,12545257008093431114,host_extinction,5,0,state-001-001-0000000.gz,20793821,69,compact_numpy_v1,ee6a78f884798442b70624bf215292b2aadfdf8d,/scratch/skremer/TE_World2-pilot/TE-Interaction-Experiments/HHHHLHL-HH/provenance-001-001.json,2026-08-30T13:32:45.840371+00:00
HHHHLHL-HH,2,612330336247751876,host_extinction,5,0,state-002-001-0000000.gz,20793821,70,compact_numpy_v1,ee6a78f884798442b70624bf215292b2aadfdf8d,/scratch/skremer/TE_World2-pilot/TE-Interaction-Experiments/HHHHLHL-HH/provenance-002-001.json,2026-08-30T13:32:45.843698+00:00
HHHHLHL-HH,3,16500468207298043631,host_extinction,5,0,state-003-001-0000000.gz,20793821,71,compact_numpy_v1,ee6a78f884798442b70624bf215292b2aadfdf8d,/scratch/skremer/TE_World2-pilot/TE-Interaction-Experiments/HHHHLHL-HH/provenance-003-001.json,2026-08-30T13:32:45.846429+00:00
HHHHLHL-HL,1,16267360674747590401,host_extinction,6,0,state-001-001-0000000.gz,20793821,66,compact_numpy_v1,ee6a78f884798442b70624bf215292b2aadfdf8d,/scratch/skremer/TE_World2-pilot/TE-Interaction-Experiments/HHHHLHL-HL/provenance-001-001.json,2026-08-30T13:32:45.828949+00:00
HHHHLHL-HL,2,6108683555429096635,host_extinction,5,0,state-002-001-0000000.gz,20793821,67,compact_numpy_v1,ee6a78f884798442b70624bf215292b2aadfdf8d,/scratch/skremer/TE_World2-pilot/TE-Interaction-Experiments/HHHHLHL-HL/provenance-002-001.json,2026-08-30T13:32:45.832725+00:00
HHHHLHL-HL,3,11132552909956980657,host_extinction,5,0,state-003-001-0000000.gz,20793821,68,compact_numpy_v1,ee6a78f884798442b70624bf215292b2aadfdf8d,/scratch/skremer/TE_World2-pilot/TE-Interaction-Experiments/HHHHLHL-HL/provenance-003-001.json,2026-08-30T13:32:45.837173+00:00
HHHHLHL-LH,1,4737257199488835184,host_extinction,5,0,state-001-001-0000000.gz,20793821,63,compact_numpy_v1,ee6a78f884798442b70624bf215292b2aadfdf8d,/scratch/skremer/TE_World2-pilot/TE-Interaction-Experiments/HHHHLHL-LH/provenance-001-001.json,2026-08-30T13:32:45.816198+00:00
HHHHLHL-LH,2,14998947537604770236,host_extinction,4,0,state-002-001-0000000.gz,20793821,64,compact_numpy_v1,ee6a78f884798442b70624bf215292b2aadfdf8d,/scratch/skremer/TE_World2-pilot/TE-Interaction-Experiments/HHHHLHL-LH/provenance-002-001.json,2026-08-30T13:32:45.821328+00:00
HHHHLHL-LH,3,18081245896217453311,host_extinction,5,0,state-003-001-0000000.gz,20793821,65,compact_numpy_v1,ee6a78f884798442b70624bf215292b2aadfdf8d,/scratch/skremer/TE_World2-pilot/TE-Interaction-Experiments/HHHHLHL-LH/provenance-003-001.json,2026-08-30T13:32:45.824613+00:00
HHHHLHL-LL,1,3895029521627228901,host_extinction,4,0,state-001-001-0000000.gz,20793821,60,compact_numpy_v1,ee6a78f884798442b70624bf215292b2aadfdf8d,/scratch/skremer/TE_World2-pilot/TE-Interaction-Experiments/HHHHLHL-LL/provenance-001-001.json,2026-08-30T13:32:45.802393+00:00
HHHHLHL-LL,2,656530594077584792,host_extinction,5,0,state-002-001-0000000.gz,20793821,61,compact_numpy_v1,ee6a78f884798442b70624bf215292b2aadfdf8d,/scratch/skremer/TE_World2-pilot/TE-Interaction-Experiments/HHHHLHL-LL/provenance-002-001.json,2026-08-30T13:32:45.805107+00:00
HHHHLHL-LL,3,14540382531460830862,host_extinction,4,0,state-003-001-0000000.gz,20793821,62,compact_numpy_v1,ee6a78f884798442b70624bf215292b2aadfdf8d,/scratch/skremer/TE_World2-pilot/TE-Interaction-Experiments/HHHHLHL-LL/provenance-003-001.json,2026-08-30T13:32:45.810584+00:00
HHHHLLH-HH,1,1825367890063721210,host_extinction,7,0,state-001-001-0000000.gz,20793821,81,compact_numpy_v1,ee6a78f884798442b70624bf215292b2aadfdf8d,/scratch/skremer/TE_World2-pilot/TE-Interaction-Experiments/HHHHLLH-HH/provenance-001-001.json,2026-08-30T13:32:45.877041+00:00
HHHHLLH-HH,2,10291440574166092284,maximum_generations,1500,287,state-002-001-0001500.gz,20793821,82,compact_numpy_v1,ee6a78f884798442b70624bf215292b2aadfdf8d,/scratch/skremer/TE_World2-pilot/TE-Interaction-Experiments/HHHHLLH-HH/provenance-002-001.json,2026-08-30T13:32:45.879819+00:00
HHHHLLH-HH,3,10541731195243326551,host_extinction,7,0,state-003-001-0000000.gz,20793821,83,compact_numpy_v1,ee6a78f884798442b70624bf215292b2aadfdf8d,/scratch/skremer/TE_World2-pilot/TE-Interaction-Experiments/HHHHLLH-HH/provenance-003-001.json,2026-08-30T13:32:45.894550+00:00
HHHHLLH-HL,1,6969365009564242064,host_extinction,6,0,state-001-001-0000000.gz,20793821,78,compact_numpy_v1,ee6a78f884798442b70624bf215292b2aadfdf8d,/scratch/skremer/TE_World2-pilot/TE-Interaction-Experiments/HHHHLLH-HL/provenance-001-001.json,2026-08-30T13:32:45.869238+00:00
HHHHLLH-HL,2,16409358029259842544,host_extinction,6,0,state-002-001-0000000.gz,20793821,79,compact_numpy_v1,ee6a78f884798442b70624bf215292b2aadfdf8d,/scratch/skremer/TE_World2-pilot/TE-Interaction-Experiments/HHHHLLH-HL/provenance-002-001.json,2026-08-30T13:32:45.871940+00:00
HHHHLLH-HL,3,7526138761010551808,host_extinction,6,0,state-003-001-0000000.gz,20793821,80,compact_numpy_v1,ee6a78f884798442b70624bf215292b2aadfdf8d,/scratch/skremer/TE_World2-pilot/TE-Interaction-Experiments/HHHHLLH-HL/provenance-003-001.json,2026-08-30T13:32:45.874544+00:00
HHHHLLH-LH,1,5256204754291870769,host_extinction,5,0,state-001-001-0000000.gz,20793821,75,compact_numpy_v1,ee6a78f884798442b70624bf215292b2aadfdf8d,/scratch/skremer/TE_World2-pilot/TE-Interaction-Experiments/HHHHLLH-LH/provenance-001-001.json,2026-08-30T13:32:45.860531+00:00
HHHHLLH-LH,2,9945710548139866585,host_extinction,6,0,state-002-001-0000000.gz,20793821,76,compact_numpy_v1,ee6a78f884798442b70624bf215292b2aadfdf8d,/scratch/skremer/TE_World2-pilot/TE-Interaction-Experiments/HHHHLLH-LH/provenance-002-001.json,2026-08-30T13:32:45.863513+00:00
HHHHLLH-LH,3,5050729828272426263,host_extinction,5,0,state-003-001-0000000.gz,20793821,77,compact_numpy_v1,ee6a78f884798442b70624bf215292b2aadfdf8d,/scratch/skremer/TE_World2-pilot/TE-Interaction-Experiments/HHHHLLH-LH/provenance-003-001.json,2026-08-30T13:32:45.866264+00:00
HHHHLLH-LL,1,9315681069455335615,host_extinction,5,0,state-001-001-0000000.gz,20793821,72,compact_numpy_v1,ee6a78f884798442b70624bf215292b2aadfdf8d,/scratch/skremer/TE_World2-pilot/TE-Interaction-Experiments/HHHHLLH-LL/provenance-001-001.json,2026-08-30T13:32:45.850828+00:00
HHHHLLH-LL,2,4630162997391336980,host_extinction,5,0,state-002-001-0000000.gz,20793821,73,compact_numpy_v1,ee6a78f884798442b70624bf215292b2aadfdf8d,/scratch/skremer/TE_World2-pilot/TE-Interaction-Experiments/HHHHLLH-LL/provenance-002-001.json,2026-08-30T13:32:45.855024+00:00
HHHHLLH-LL,3,1272026123467555928,host_extinction,5,0,state-003-001-0000000.gz,20793821,74,compact_numpy_v1,ee6a78f884798442b70624bf215292b2aadfdf8d,/scratch/skremer/TE_World2-pilot/TE-Interaction-Experiments/HHHHLLH-LL/provenance-003-001.json,2026-08-30T13:32:45.857877+00:00
HHHHLLL-HH,1,9555277913374342121,host_extinction,5,0,state-001-001-0000000.gz,20793821,93,compact_numpy_v1,ee6a78f884798442b70624bf215292b2aadfdf8d,/scratch/skremer/TE_World2-pilot/TE-Interaction-Experiments/HHHHLLL-HH/provenance-001-001.json,2026-08-30T13:32:45.931648+00:00
HHHHLLL-HH,2,13515468598323801831,host_extinction,5,0,state-002-001-0000000.gz,20793821,94,compact_numpy_v1,ee6a78f884798442b70624bf215292b2aadfdf8d,/scratch/skremer/TE_World2-pilot/TE-Interaction-Experiments/HHHHLLL-HH/provenance-002-001.json,2026-08-30T13:32:45.933988+00:00
HHHHLLL-HH,3,8624440187918562866,host_extinction,5,0,state-003-001-0000000.gz,20793821,95,compact_numpy_v1,ee6a78f884798442b70624bf215292b2aadfdf8d,/scratch/skremer/TE_World2-pilot/TE-Interaction-Experiments/HHHHLLL-HH/provenance-003-001.json,2026-08-30T13:32:45.936494+00:00
HHHHLLL-HL,1,14905238951378061589,host_extinction,5,0,state-001-001-0000000.gz,20793821,90,compact_numpy_v1,ee6a78f884798442b70624bf215292b2aadfdf8d,/scratch/skremer/TE_World2-pilot/TE-Interaction-Experiments/HHHHLLL-HL/provenance-001-001.json,2026-08-30T13:32:45.922161+00:00
HHHHLLL-HL,2,1061349140884537597,host_extinction,5,0,state-002-001-0000000.gz,20793821,91,compact_numpy_v1,ee6a78f884798442b70624bf215292b2aadfdf8d,/scratch/skremer/TE_World2-pilot/TE-Interaction-Experiments/HHHHLLL-HL/provenance-002-001.json,2026-08-30T13:32:45.925051+00:00
HHHHLLL-HL,3,5203017252211669594,host_extinction,6,0,state-003-001-0000000.gz,20793821,92,compact_numpy_v1,ee6a78f884798442b70624bf215292b2aadfdf8d,/scratch/skremer/TE_World2-pilot/TE-Interaction-Experiments/HHHHLLL-HL/provenance-003-001.json,2026-08-30T13:32:45.928884+00:00
HHHHLLL-LH,1,12350992445447047670,host_extinction,5,0,state-001-001-0000000.gz,20793821,87,compact_numpy_v1,ee6a78f884798442b70624bf215292b2aadfdf8d,/scratch/skremer/TE_World2-pilot/TE-Interaction-Experiments/HHHHLLL-LH/provenance-001-001.json,2026-08-30T13:32:45.911190+00:00
HHHHLLL-LH,2,15602933078543318380,host_extinction,5,0,state-002-001-0000000.gz,20793821,88,compact_numpy_v1,ee6a78f884798442b70624bf215292b2aadfdf8d,/scratch/skremer/TE_World2-pilot/TE-Interaction-Experiments/HHHHLLL-LH/provenance-002-001.json,2026-08-30T13:32:45.913898+00:00
HHHHLLL-LH,3,7104018235911323869,host_extinction,5,0,state-003-001-0000000.gz,20793821,89,compact_numpy_v1,ee6a78f884798442b70624bf215292b2aadfdf8d,/scratch/skremer/TE_World2-pilot/TE-Interaction-Experiments/HHHHLLL-LH/provenance-003-001.json,2026-08-30T13:32:45.918699+00:00
HHHHLLL-LL,1,15264769710404788928,host_extinction,5,0,state-001-001-0000000.gz,20793821,84,compact_numpy_v1,ee6a78f884798442b70624bf215292b2aadfdf8d,/scratch/skremer/TE_World2-pilot/TE-Interaction-Experiments/HHHHLLL-LL/provenance-001-001.json,2026-08-30T13:32:45.898062+00:00
HHHHLLL-LL,2,12324829522912578528,host_extinction,4,0,state-002-001-0000000.gz,20793821,85,compact_numpy_v1,ee6a78f884798442b70624bf215292b2aadfdf8d,/scratch/skremer/TE_World2-pilot/TE-Interaction-Experiments/HHHHLLL-LL/provenance-002-001.json,2026-08-30T13:32:45.901486+00:00
HHHHLLL-LL,3,5709968735237148279,host_extinction,4,0,state-003-001-0000000.gz,20793821,86,compact_numpy_v1,ee6a78f884798442b70624bf215292b2aadfdf8d,/scratch/skremer/TE_World2-pilot/TE-Interaction-Experiments/HHHHLLL-LL/provenance-003-001.json,2026-08-30T13:32:45.905957+00:00
HHHLHHH-HH,1,5794005017653953011,checkpointed,228,280,state-001-001-0000228.gz,20793821,105,compact_numpy_v1,ee6a78f884798442b70624bf215292b2aadfdf8d,/scratch/skremer/TE_World2-pilot/TE-Interaction-Experiments/HHHLHHH-HH/provenance-001-001.json,2026-08-30T13:32:45.981558+00:00
HHHLHHH-HH,2,15973900469986237867,checkpointed,216,289,state-002-001-0000216.gz,20793821,106,compact_numpy_v1,ee6a78f884798442b70624bf215292b2aadfdf8d,/scratch/skremer/TE_World2-pilot/TE-Interaction-Experiments/HHHLHHH-HH/provenance-002-001.json,2026-08-30T13:32:45.986639+00:00
HHHLHHH-HH,3,2228305148157226386,checkpointed,227,323,state-003-001-0000227.gz,20793821,107,compact_numpy_v1,ee6a78f884798442b70624bf215292b2aadfdf8d,/scratch/skremer/TE_World2-pilot/TE-Interaction-Experiments/HHHLHHH-HH/provenance-003-001.json,2026-08-30T13:32:45.992033+00:00
HHHLHHH-HL,1,10371869786144772323,checkpointed,200,294,state-001-001-0000200.gz,20793821,102,compact_numpy_v1,ee6a78f884798442b70624bf215292b2aadfdf8d,/scratch/skremer/TE_World2-pilot/TE-Interaction-Experiments/HHHLHHH-HL/provenance-001-001.json,2026-08-30T13:32:45.961970+00:00
HHHLHHH-HL,2,10125701898877761769,checkpointed,222,303,state-002-001-0000222.gz,20793821,103,compact_numpy_v1,ee6a78f884798442b70624bf215292b2aadfdf8d,/scratch/skremer/TE_World2-pilot/TE-Interaction-Experiments/HHHLHHH-HL/provenance-002-001.json,2026-08-30T13:32:45.967827+00:00
HHHLHHH-HL,3,13702024204775144701,checkpointed,228,303,state-003-001-0000228.gz,20793821,104,compact_numpy_v1,ee6a78f884798442b70624bf215292b2aadfdf8d,/scratch/skremer/TE_World2-pilot/TE-Interaction-Experiments/HHHLHHH-HL/provenance-003-001.json,2026-08-30T13:32:45.973198+00:00
HHHLHHH-LH,1,13884339987733348212,checkpointed,148,295,state-001-001-0000148.gz,20793821,99,compact_numpy_v1,ee6a78f884798442b70624bf215292b2aadfdf8d,/scratch/skremer/TE_World2-pilot/TE-Interaction-Experiments/HHHLHHH-LH/provenance-001-001.json,2026-08-30T13:32:45.949418+00:00
HHHLHHH-LH,2,8850208695205261113,checkpointed,141,313,state-002-001-0000141.gz,20793821,100,compact_numpy_v1,ee6a78f884798442b70624bf215292b2aadfdf8d,/scratch/skremer/TE_World2-pilot/TE-Interaction-Experiments/HHHLHHH-LH/provenance-002-001.json,2026-08-30T13:32:45.953563+00:00
HHHLHHH-LH,3,1494691151533869463,checkpointed,144,306,state-003-001-0000144.gz,20793821,101,compact_numpy_v1,ee6a78f884798442b70624bf215292b2aadfdf8d,/scratch/skremer/TE_World2-pilot/TE-Interaction-Experiments/HHHLHHH-LH/provenance-003-001.json,2026-08-30T13:32:45.958037+00:00
HHHLHHH-LL,1,5291795744849602171,host_extinction,20,0,state-001-001-0000000.gz,20793821,96,compact_numpy_v1,ee6a78f884798442b70624bf215292b2aadfdf8d,/scratch/skremer/TE_World2-pilot/TE-Interaction-Experiments/HHHLHHH-LL/provenance-001-001.json,2026-08-30T13:32:45.939182+00:00
HHHLHHH-LL,2,14289811733649691530,host_extinction,16,0,state-002-001-0000000.gz,20793821,97,compact_numpy_v1,ee6a78f884798442b70624bf215292b2aadfdf8d,/scratch/skremer/TE_World2-pilot/TE-Interaction-Experiments/HHHLHHH-LL/provenance-002-001.json,2026-08-30T13:32:45.942315+00:00
HHHLHHH-LL,3,11717276504683813312,checkpointed,146,316,state-003-001-0000146.gz,20793821,98,compact_numpy_v1,ee6a78f884798442b70624bf215292b2aadfdf8d,/scratch/skremer/TE_World2-pilot/TE-Interaction-Experiments/HHHLHHH-LL/provenance-003-001.json,2026-08-30T13:32:45.945418+00:00
HHHLHHL-HH,1,5261981505075342630,checkpointed,986,29,state-001-001-0000986.gz,20793821,117,compact_numpy_v1,ee6a78f884798442b70624bf215292b2aadfdf8d,/scratch/skremer/TE_World2-pilot/TE-Interaction-Experiments/HHHLHHL-HH/provenance-001-001.json,2026-08-30T13:32:46.060945+00:00
HHHLHHL-HH,2,11052718319518632953,checkpointed,1035,29,state-002-001-0001035.gz,20793821,118,compact_numpy_v1,ee6a78f884798442b70624bf215292b2aadfdf8d,/scratch/skremer/TE_World2-pilot/TE-Interaction-Experiments/HHHLHHL-HH/provenance-002-001.json,2026-08-30T13:32:46.072236+00:00
HHHLHHL-HH,3,16829768650732900373,checkpointed,920,27,state-003-001-0000920.gz,20793821,119,compact_numpy_v1,ee6a78f884798442b70624bf215292b2aadfdf8d,/scratch/skremer/TE_World2-pilot/TE-Interaction-Experiments/HHHLHHL-HH/provenance-003-001.json,2026-08-30T13:32:46.084363+00:00
HHHLHHL-HL,1,15025071934536278694,checkpointed,1200,26,state-001-001-0001200.gz,20793821,114,compact_numpy_v1,ee6a78f884798442b70624bf215292b2aadfdf8d,/scratch/skremer/TE_World2-pilot/TE-Interaction-Experiments/HHHLHHL-HL/provenance-001-001.json,2026-08-30T13:32:46.022724+00:00
HHHLHHL-HL,2,12957760501587402868,checkpointed,950,27,state-002-001-0000950.gz,20793821,115,compact_numpy_v1,ee6a78f884798442b70624bf215292b2aadfdf8d,/scratch/skremer/TE_World2-pilot/TE-Interaction-Experiments/HHHLHHL-HL/provenance-002-001.json,2026-08-30T13:32:46.037032+00:00
HHHLHHL-HL,3,7423156516835260567,checkpointed,982,27,state-003-001-0000982.gz,20793821,116,compact_numpy_v1,ee6a78f884798442b70624bf215292b2aadfdf8d,/scratch/skremer/TE_World2-pilot/TE-Interaction-Experiments/HHHLHHL-HL/provenance-003-001.json,2026-08-30T13:32:46.047510+00:00
HHHLHHL-LH,1,6899320883623807114,host_extinction,15,0,state-001-001-0000000.gz,20793821,111,compact_numpy_v1,ee6a78f884798442b70624bf215292b2aadfdf8d,/scratch/skremer/TE_World2-pilot/TE-Interaction-Experiments/HHHLHHL-LH/provenance-001-001.json,2026-08-30T13:32:46.012078+00:00
HHHLHHL-LH,2,16909397106481209887,host_extinction,12,0,state-002-001-0000000.gz,20793821,112,compact_numpy_v1,ee6a78f884798442b70624bf215292b2aadfdf8d,/scratch/skremer/TE_World2-pilot/TE-Interaction-Experiments/HHHLHHL-LH/provenance-002-001.json,2026-08-30T13:32:46.014729+00:00
HHHLHHL-LH,3,12755258967492997184,host_extinction,18,0,state-003-001-0000000.gz,20793821,113,compact_numpy_v1,ee6a78f884798442b70624bf215292b2aadfdf8d,/scratch/skremer/TE_World2-pilot/TE-Interaction-Experiments/HHHLHHL-LH/provenance-003-001.json,2026-08-30T13:32:46.018305+00:00
HHHLHHL-LL,1,10678659066450601927,host_extinction,11,0,state-001-001-0000000.gz,20793821,108,compact_numpy_v1,ee6a78f884798442b70624bf215292b2aadfdf8d,/scratch/skremer/TE_World2-pilot/TE-Interaction-Experiments/HHHLHHL-LL/provenance-001-001.json,2026-08-30T13:32:45.999165+00:00
HHHLHHL-LL,2,4723030132819578165,host_extinction,11,0,state-002-001-0000000.gz,20793821,109,compact_numpy_v1,ee6a78f884798442b70624bf215292b2aadfdf8d,/scratch/skremer/TE_World2-pilot/TE-Interaction-Experiments/HHHLHHL-LL/provenance-002-001.json,2026-08-30T13:32:46.003910+00:00
HHHLHHL-LL,3,15799665390455036234,host_extinction,11,0,state-003-001-0000000.gz,20793821,110,compact_numpy_v1,ee6a78f884798442b70624bf215292b2aadfdf8d,/scratch/skremer/TE_World2-pilot/TE-Interaction-Experiments/HHHLHHL-LL/provenance-003-001.json,2026-08-30T13:32:46.006763+00:00
HHHLHLH-HH,1,16432675867134873045,checkpointed,237,287,state-001-001-0000237.gz,20793821,129,compact_numpy_v1,ee6a78f884798442b70624bf215292b2aadfdf8d,/scratch/skremer/TE_World2-pilot/TE-Interaction-Experiments/HHHLHLH-HH/provenance-001-001.json,2026-08-30T13:32:46.138459+00:00
HHHLHLH-HH,2,18210729053455928968,checkpointed,226,311,state-002-001-0000226.gz,20793821,130,compact_numpy_v1,ee6a78f884798442b70624bf215292b2aadfdf8d,/scratch/skremer/TE_World2-pilot/TE-Interaction-Experiments/HHHLHLH-HH/provenance-002-001.json,2026-08-30T13:32:46.144200+00:00
HHHLHLH-HH,3,3503646171664480728,checkpointed,228,306,state-003-001-0000228.gz,20793821,131,compact_numpy_v1,ee6a78f884798442b70624bf215292b2aadfdf8d,/scratch/skremer/TE_World2-pilot/TE-Interaction-Experiments/HHHLHLH-HH/provenance-003-001.json,2026-08-30T13:32:46.149100+00:00
HHHLHLH-HL,1,1900754393766061945,checkpointed,226,308,state-001-001-0000226.gz,20793821,126,compact_numpy_v1,ee6a78f884798442b70624bf215292b2aadfdf8d,/scratch/skremer/TE_World2-pilot/TE-Interaction-Experiments/HHHLHLH-HL/provenance-001-001.json,2026-08-30T13:32:46.122943+00:00
HHHLHLH-HL,2,473056264589390456,checkpointed,219,306,state-002-001-0000219.gz,20793821,127,compact_numpy_v1,ee6a78f884798442b70624bf215292b2aadfdf8d,/scratch/skremer/TE_World2-pilot/TE-Interaction-Experiments/HHHLHLH-HL/provenance-002-001.json,2026-08-30T13:32:46.127525+00:00
HHHLHLH-HL,3,7716816564135544625,checkpointed,216,281,state-003-001-0000216.gz,20793821,128,compact_numpy_v1,ee6a78f884798442b70624bf215292b2aadfdf8d,/scratch/skremer/TE_World2-pilot/TE-Interaction-Experiments/HHHLHLH-HL/provenance-003-001.json,2026-08-30T13:32:46.133823+00:00
HHHLHLH-LH,1,7859684939126437311,checkpointed,147,308,state-001-001-0000147.gz,20793821,123,compact_numpy_v1,ee6a78f884798442b70624bf215292b2aadfdf8d,/scratch/skremer/TE_World2-pilot/TE-Interaction-Experiments/HHHLHLH-LH/provenance-001-001.json,2026-08-30T13:32:46.107222+00:00
HHHLHLH-LH,2,9828291382488041102,checkpointed,144,303,state-002-001-0000144.gz,20793821,124,compact_numpy_v1,ee6a78f884798442b70624bf215292b2aadfdf8d,/scratch/skremer/TE_World2-pilot/TE-Interaction-Experiments/HHHLHLH-LH/provenance-002-001.json,2026-08-30T13:32:46.111656+00:00
HHHLHLH-LH,3,9577014703095569538,checkpointed,146,300,state-003-001-0000146.gz,20793821,125,compact_numpy_v1,ee6a78f884798442b70624bf215292b2aadfdf8d,/scratch/skremer/TE_World2-pilot/TE-Interaction-Experiments/HHHLHLH-LH/provenance-003-001.json,2026-08-30T13:32:46.116485+00:00
HHHLHLH-LL,1,14920499640636864885,host_extinction,23,0,state-001-001-0000000.gz,20793821,120,compact_numpy_v1,ee6a78f884798442b70624bf215292b2aadfdf8d,/scratch/skremer/TE_World2-pilot/TE-Interaction-Experiments/HHHLHLH-LL/provenance-001-001.json,2026-08-30T13:32:46.094782+00:00
HHHLHLH-LL,2,5770915119502729563,checkpointed,138,306,state-002-001-0000138.gz,20793821,121,compact_numpy_v1,ee6a78f884798442b70624bf215292b2aadfdf8d,/scratch/skremer/TE_World2-pilot/TE-Interaction-Experiments/HHHLHLH-LL/provenance-002-001.json,2026-08-30T13:32:46.097958+00:00
HHHLHLH-LL,3,5358489878268918692,checkpointed,130,313,state-003-001-0000130.gz,20793821,122,compact_numpy_v1,ee6a78f884798442b70624bf215292b2aadfdf8d,/scratch/skremer/TE_World2-pilot/TE-Interaction-Experiments/HHHLHLH-LL/provenance-003-001.json,2026-08-30T13:32:46.103378+00:00
HHHLHLL-HH,1,13071231303364515835,checkpointed,1149,24,state-001-001-0001149.gz,20793821,141,compact_numpy_v1,ee6a78f884798442b70624bf215292b2aadfdf8d,/scratch/skremer/TE_World2-pilot/TE-Interaction-Experiments/HHHLHLL-HH/provenance-001-001.json,2026-08-30T13:32:46.225832+00:00
HHHLHLL-HH,2,11030137564189444999,checkpointed,1074,26,state-002-001-0001074.gz,20793821,142,compact_numpy_v1,ee6a78f884798442b70624bf215292b2aadfdf8d,/scratch/skremer/TE_World2-pilot/TE-Interaction-Experiments/HHHLHLL-HH/provenance-002-001.json,2026-08-30T13:32:46.238889+00:00
HHHLHLL-HH,3,15861105162988309996,checkpointed,1068,35,state-003-001-0001068.gz,20793821,143,compact_numpy_v1,ee6a78f884798442b70624bf215292b2aadfdf8d,/scratch/skremer/TE_World2-pilot/TE-Interaction-Experiments/HHHLHLL-HH/provenance-003-001.json,2026-08-30T13:32:46.252282+00:00
HHHLHLL-HL,1,240269956292337646,checkpointed,1166,29,state-001-001-0001166.gz,20793821,138,compact_numpy_v1,ee6a78f884798442b70624bf215292b2aadfdf8d,/scratch/skremer/TE_World2-pilot/TE-Interaction-Experiments/HHHLHLL-HL/provenance-001-001.json,2026-08-30T13:32:46.186593+00:00
HHHLHLL-HL,2,17030790232956269574,checkpointed,1123,34,state-002-001-0001123.gz,20793821,139,compact_numpy_v1,ee6a78f884798442b70624bf215292b2aadfdf8d,/scratch/skremer/TE_World2-pilot/TE-Interaction-Experiments/HHHLHLL-HL/provenance-002-001.json,2026-08-30T13:32:46.200082+00:00
HHHLHLL-HL,3,3513992739544036928,checkpointed,1231,25,state-003-001-0001231.gz,20793821,140,compact_numpy_v1,ee6a78f884798442b70624bf215292b2aadfdf8d,/scratch/skremer/TE_World2-pilot/TE-Interaction-Experiments/HHHLHLL-HL/provenance-003-001.json,2026-08-30T13:32:46.212521+00:00
HHHLHLL-LH,1,12620316816877886541,checkpointed,652,38,state-001-001-0000652.gz,20793821,135,compact_numpy_v1,ee6a78f884798442b70624bf215292b2aadfdf8d,/scratch/skremer/TE_World2-pilot/TE-Interaction-Experiments/HHHLHLL-LH/provenance-001-001.json,2026-08-30T13:32:46.164838+00:00
HHHLHLL-LH,2,11550312850183890549,checkpointed,700,34,state-002-001-0000700.gz,20793821,136,compact_numpy_v1,ee6a78f884798442b70624bf215292b2aadfdf8d,/scratch/skremer/TE_World2-pilot/TE-Interaction-Experiments/HHHLHLL-LH/provenance-002-001.json,2026-08-30T13:32:46.172706+00:00
HHHLHLL-LH,3,6873978274476445701,host_extinction,12,0,state-003-001-0000000.gz,20793821,137,compact_numpy_v1,ee6a78f884798442b70624bf215292b2aadfdf8d,/scratch/skremer/TE_World2-pilot/TE-Interaction-Experiments/HHHLHLL-LH/provenance-003-001.json,2026-08-30T13:32:46.182027+00:00
HHHLHLL-LL,1,4123854720453221470,host_extinction,14,0,state-001-001-0000000.gz,20793821,132,compact_numpy_v1,ee6a78f884798442b70624bf215292b2aadfdf8d,/scratch/skremer/TE_World2-pilot/TE-Interaction-Experiments/HHHLHLL-LL/provenance-001-001.json,2026-08-30T13:32:46.154418+00:00
HHHLHLL-LL,2,15056310386418738064,host_extinction,17,0,state-002-001-0000000.gz,20793821,133,compact_numpy_v1,ee6a78f884798442b70624bf215292b2aadfdf8d,/scratch/skremer/TE_World2-pilot/TE-Interaction-Experiments/HHHLHLL-LL/provenance-002-001.json,2026-08-30T13:32:46.157852+00:00
HHHLHLL-LL,3,17901786372899728306,host_extinction,11,0,state-003-001-0000000.gz,20793821,134,compact_numpy_v1,ee6a78f884798442b70624bf215292b2aadfdf8d,/scratch/skremer/TE_World2-pilot/TE-Interaction-Experiments/HHHLHLL-LL/provenance-003-001.json,2026-08-30T13:32:46.161221+00:00
HHHLLHH-HH,1,10410560313609777610,host_extinction,23,0,state-001-001-0000000.gz,20793821,153,compact_numpy_v1,ee6a78f884798442b70624bf215292b2aadfdf8d,/scratch/skremer/TE_World2-pilot/TE-Interaction-Experiments/HHHLLHH-HH/provenance-001-001.json,2026-08-30T13:32:46.324958+00:00
HHHLLHH-HH,2,3708192554509522807,host_extinction,16,0,state-002-001-0000000.gz,20793821,154,compact_numpy_v1,ee6a78f884798442b70624bf215292b2aadfdf8d,/scratch/skremer/TE_World2-pilot/TE-Interaction-Experiments/HHHLLHH-HH/provenance-002-001.json,2026-08-30T13:32:46.329209+00:00
HHHLLHH-HH,3,4709110685420351606,host_extinction,14,0,state-003-001-0000000.gz,20793821,155,compact_numpy_v1,ee6a78f884798442b70624bf215292b2aadfdf8d,/scratch/skremer/TE_World2-pilot/TE-Interaction-Experiments/HHHLLHH-HH/provenance-003-001.json,2026-08-30T13:32:46.335611+00:00
HHHLLHH-HL,1,14699735321019721804,host_extinction,13,0,state-001-001-0000000.gz,20793821,150,compact_numpy_v1,ee6a78f884798442b70624bf215292b2aadfdf8d,/scratch/skremer/TE_World2-pilot/TE-Interaction-Experiments/HHHLLHH-HL/provenance-001-001.json,2026-08-30T13:32:46.313340+00:00
HHHLLHH-HL,2,14972593576211393580,host_extinction,13,0,state-002-001-0000000.gz,20793821,151,compact_numpy_v1,ee6a78f884798442b70624bf215292b2aadfdf8d,/scratch/skremer/TE_World2-pilot/TE-Interaction-Experiments/HHHLLHH-HL/provenance-002-001.json,2026-08-30T13:32:46.316358+00:00
HHHLLHH-HL,3,12783047731122270021,host_extinction,11,0,state-003-001-0000000.gz,20793821,152,compact_numpy_v1,ee6a78f884798442b70624bf215292b2aadfdf8d,/scratch/skremer/TE_World2-pilot/TE-Interaction-Experiments/HHHLLHH-HL/provenance-003-001.json,2026-08-30T13:32:46.321204+00:00
HHHLLHH-LH,1,1192840672893215727,host_extinction,11,0,state-001-001-0000000.gz,20793821,147,compact_numpy_v1,ee6a78f884798442b70624bf215292b2aadfdf8d,/scratch/skremer/TE_World2-pilot/TE-Interaction-Experiments/HHHLLHH-LH/provenance-001-001.json,2026-08-30T13:32:46.291057+00:00
HHHLLHH-LH,2,18325496326639211482,host_extinction,12,0,state-002-001-0000000.gz,20793821,148,compact_numpy_v1,ee6a78f884798442b70624bf215292b2aadfdf8d,/scratch/skremer/TE_World2-pilot/TE-Interaction-Experiments/HHHLLHH-LH/provenance-002-001.json,2026-08-30T13:32:46.294001+00:00
HHHLLHH-LH,3,10179341596585115167,maximum_generations,1500,310,state-003-001-0001500.gz,20793821,149,compact_numpy_v1,ee6a78f884798442b70624bf215292b2aadfdf8d,/scratch/skremer/TE_World2-pilot/TE-Interaction-Experiments/HHHLLHH-LH/provenance-003-001.json,2026-08-30T13:32:46.297240+00:00
HHHLLHH-LL,1,9183086990741272508,host_extinction,9,0,state-001-001-0000000.gz,20793821,144,compact_numpy_v1,ee6a78f884798442b70624bf215292b2aadfdf8d,/scratch/skremer/TE_World2-pilot/TE-Interaction-Experiments/HHHLLHH-LL/provenance-001-001.json,2026-08-30T13:32:46.265482+00:00
HHHLLHH-LL,2,10249710313914503384,host_extinction,8,0,state-002-001-0000000.gz,20793821,145,compact_numpy_v1,ee6a78f884798442b70624bf215292b2aadfdf8d,/scratch/skremer/TE_World2-pilot/TE-Interaction-Experiments/HHHLLHH-LL/provenance-002-001.json,2026-08-30T13:32:46.269654+00:00
HHHLLHH-LL,3,8762352689263815625,maximum_generations,1500,296,state-003-001-0001500.gz,20793821,146,compact_numpy_v1,ee6a78f884798442b70624bf215292b2aadfdf8d,/scratch/skremer/TE_World2-pilot/TE-Interaction-Experiments/HHHLLHH-LL/provenance-003-001.json,2026-08-30T13:32:46.274493+00:00
HHHLLHL-HH,1,18157149957161321284,host_extinction,13,0,state-001-001-0000000.gz,20793821,165,compact_numpy_v1,ee6a78f884798442b70624bf215292b2aadfdf8d,/scratch/skremer/TE_World2-pilot/TE-Interaction-Experiments/HHHLLHL-HH/provenance-001-001.json,2026-08-30T13:32:46.367781+00:00
HHHLLHL-HH,2,1425139908635654920,host_extinction,13,0,state-002-001-0000000.gz,20793821,166,compact_numpy_v1,ee6a78f884798442b70624bf215292b2aadfdf8d,/scratch/skremer/TE_World2-pilot/TE-Interaction-Experiments/HHHLLHL-HH/provenance-002-001.json,2026-08-30T13:32:46.371188+00:00
HHHLLHL-HH,3,13981469652208698632,host_extinction,10,0,state-003-001-0000000.gz,20793821,167,compact_numpy_v1,ee6a78f884798442b70624bf215292b2aadfdf8d,/scratch/skremer/TE_World2-pilot/TE-Interaction-Experiments/HHHLLHL-HH/provenance-003-001.json,2026-08-30T13:32:46.373760+00:00
HHHLLHL-HL,1,4352134276560273741,host_extinction,8,0,state-001-001-0000000.gz,20793821,162,compact_numpy_v1,ee6a78f884798442b70624bf215292b2aadfdf8d,/scratch/skremer/TE_World2-pilot/TE-Interaction-Experiments/HHHLLHL-HL/provenance-001-001.json,2026-08-30T13:32:46.359691+00:00
HHHLLHL-HL,2,7912062598552506880,host_extinction,8,0,state-002-001-0000000.gz,20793821,163,compact_numpy_v1,ee6a78f884798442b70624bf215292b2aadfdf8d,/scratch/skremer/TE_World2-pilot/TE-Interaction-Experiments/HHHLLHL-HL/provenance-002-001.json,2026-08-30T13:32:46.362053+00:00
HHHLLHL-HL,3,9445789021442528721,host_extinction,8,0,state-003-001-0000000.gz,20793821,164,compact_numpy_v1,ee6a78f884798442b70624bf215292b2aadfdf8d,/scratch/skremer/TE_World2-pilot/TE-Interaction-Experiments/HHHLLHL-HL/provenance-003-001.json,2026-08-30T13:32:46.365083+00:00
HHHLLHL-LH,1,11034978306968904742,host_extinction,10,0,state-001-001-0000000.gz,20793821,159,compact_numpy_v1,ee6a78f884798442b70624bf215292b2aadfdf8d,/scratch/skremer/TE_World2-pilot/TE-Interaction-Experiments/HHHLLHL-LH/provenance-001-001.json,2026-08-30T13:32:46.351438+00:00
HHHLLHL-LH,2,5512534769685978433,host_extinction,10,0,state-002-001-0000000.gz,20793821,160,compact_numpy_v1,ee6a78f884798442b70624bf215292b2aadfdf8d,/scratch/skremer/TE_World2-pilot/TE-Interaction-Experiments/HHHLLHL-LH/provenance-002-001.json,2026-08-30T13:32:46.353983+00:00
HHHLLHL-LH,3,10758926704184305277,host_extinction,6,0,state-003-001-0000000.gz,20793821,161,compact_numpy_v1,ee6a78f884798442b70624bf215292b2aadfdf8d,/scratch/skremer/TE_World2-pilot/TE-Interaction-Experiments/HHHLLHL-LH/provenance-003-001.json,2026-08-30T13:32:46.356740+00:00
HHHLLHL-LL,1,3590689935526241383,host_extinction,7,0,state-001-001-0000000.gz,20793821,156,compact_numpy_v1,ee6a78f884798442b70624bf215292b2aadfdf8d,/scratch/skremer/TE_World2-pilot/TE-Interaction-Experiments/HHHLLHL-LL/provenance-001-001.json,2026-08-30T13:32:46.340282+00:00
HHHLLHL-LL,2,17610238314084886112,host_extinction,7,0,state-002-001-0000000.gz,20793821,157,compact_numpy_v1,ee6a78f884798442b70624bf215292b2aadfdf8d,/scratch/skremer/TE_World2-pilot/TE-Interaction-Experiments/HHHLLHL-LL/provenance-002-001.json,2026-08-30T13:32:46.344369+00:00
HHHLLHL-LL,3,16696229577472731926,host_extinction,7,0,state-003-001-0000000.gz,20793821,158,compact_numpy_v1,ee6a78f884798442b70624bf215292b2aadfdf8d,/scratch/skremer/TE_World2-pilot/TE-Interaction-Experiments/HHHLLHL-LL/provenance-003-001.json,2026-08-30T13:32:46.347593+00:00
HHHLLLH-HH,1,11881338635198149685,maximum_generations,1500,306,state-001-001-0001500.gz,20793821,177,compact_numpy_v1,ee6a78f884798442b70624bf215292b2aadfdf8d,/scratch/skremer/TE_World2-pilot/TE-Interaction-Experiments/HHHLLLH-HH/provenance-001-001.json,2026-08-30T13:32:46.440585+00:00
HHHLLLH-HH,2,11075876484963813285,host_extinction,18,0,state-002-001-0000000.gz,20793821,178,compact_numpy_v1,ee6a78f884798442b70624bf215292b2aadfdf8d,/scratch/skremer/TE_World2-pilot/TE-Interaction-Experiments/HHHLLLH-HH/provenance-002-001.json,2026-08-30T13:32:46.455909+00:00
HHHLLLH-HH,3,7674914821065842344,host_extinction,16,0,state-003-001-0000000.gz,20793821,179,compact_numpy_v1,ee6a78f884798442b70624bf215292b2aadfdf8d,/scratch/skremer/TE_World2-pilot/TE-Interaction-Experiments/HHHLLLH-HH/provenance-003-001.json,2026-08-30T13:32:46.458852+00:00
HHHLLLH-HL,1,7508192799199589960,host_extinction,14,0,state-001-001-0000000.gz,20793821,174,compact_numpy_v1,ee6a78f884798442b70624bf215292b2aadfdf8d,/scratch/skremer/TE_World2-pilot/TE-Interaction-Experiments/HHHLLLH-HL/provenance-001-001.json,2026-08-30T13:32:46.421910+00:00
HHHLLLH-HL,2,4217053784118232822,host_extinction,11,0,state-002-001-0000000.gz,20793821,175,compact_numpy_v1,ee6a78f884798442b70624bf215292b2aadfdf8d,/scratch/skremer/TE_World2-pilot/TE-Interaction-Experiments/HHHLLLH-HL/provenance-002-001.json,2026-08-30T13:32:46.425016+00:00
HHHLLLH-HL,3,13276550736893484933,te_extinction,1186,285,state-003-001-0001150.gz,20793821,176,compact_numpy_v1,ee6a78f884798442b70624bf215292b2aadfdf8d,/scratch/skremer/TE_World2-pilot/TE-Interaction-Experiments/HHHLLLH-HL/provenance-003-001.json,2026-08-30T13:32:46.427721+00:00
HHHLLLH-LH,1,17406283331930662042,host_extinction,8,0,state-001-001-0000000.gz,20793821,171,compact_numpy_v1,ee6a78f884798442b70624bf215292b2aadfdf8d,/scratch/skremer/TE_World2-pilot/TE-Interaction-Experiments/HHHLLLH-LH/provenance-001-001.json,2026-08-30T13:32:46.401825+00:00
HHHLLLH-LH,2,5707652122764496001,host_extinction,9,0,state-002-001-0000000.gz,20793821,172,compact_numpy_v1,ee6a78f884798442b70624bf215292b2aadfdf8d,/scratch/skremer/TE_World2-pilot/TE-Interaction-Experiments/HHHLLLH-LH/provenance-002-001.json,2026-08-30T13:32:46.404488+00:00
HHHLLLH-LH,3,4291797687866487268,maximum_generations,1500,298,state-003-001-0001500.gz,20793821,173,compact_numpy_v1,ee6a78f884798442b70624bf215292b2aadfdf8d,/scratch/skremer/TE_World2-pilot/TE-Interaction-Experiments/HHHLLLH-LH/provenance-003-001.json,2026-08-30T13:32:46.406980+00:00
HHHLLLH-LL,1,16993210580758637933,te_extinction,1124,321,state-001-001-0001100.gz,20793821,168,compact_numpy_v1,ee6a78f884798442b70624bf215292b2aadfdf8d,/scratch/skremer/TE_World2-pilot/TE-Interaction-Experiments/HHHLLLH-LL/provenance-001-001.json,2026-08-30T13:32:46.376234+00:00
HHHLLLH-LL,2,18056931864067361105,te_extinction,1006,296,state-002-001-0001000.gz,20793821,169,compact_numpy_v1,ee6a78f884798442b70624bf215292b2aadfdf8d,/scratch/skremer/TE_World2-pilot/TE-Interaction-Experiments/HHHLLLH-LL/provenance-002-001.json,2026-08-30T13:32:46.387938+00:00
HHHLLLH-LL,3,4729073869321349409,host_extinction,8,0,state-003-001-0000000.gz,20793821,170,compact_numpy_v1,ee6a78f884798442b70624bf215292b2aadfdf8d,/scratch/skremer/TE_World2-pilot/TE-Interaction-Experiments/HHHLLLH-LL/provenance-003-001.json,2026-08-30T13:32:46.399176+00:00
HHHLLLL-HH,1,3247865376454073325,maximum_generations,1500,32,state-001-001-0001500.gz,20793821,189,compact_numpy_v1,ee6a78f884798442b70624bf215292b2aadfdf8d,/scratch/skremer/TE_World2-pilot/TE-Interaction-Experiments/HHHLLLL-HH/provenance-001-001.json,2026-08-30T13:32:46.504228+00:00
HHHLLLL-HH,2,856156266802743467,host_extinction,13,0,state-002-001-0000000.gz,20793821,190,compact_numpy_v1,ee6a78f884798442b70624bf215292b2aadfdf8d,/scratch/skremer/TE_World2-pilot/TE-Interaction-Experiments/HHHLLLL-HH/provenance-002-001.json,2026-08-30T13:32:46.518847+00:00
HHHLLLL-HH,3,6416446756192179883,host_extinction,10,0,state-003-001-0000000.gz,20793821,191,compact_numpy_v1,ee6a78f884798442b70624bf215292b2aadfdf8d,/scratch/skremer/TE_World2-pilot/TE-Interaction-Experiments/HHHLLLL-HH/provenance-003-001.json,2026-08-30T13:32:46.522925+00:00
HHHLLLL-HL,1,11037681449023252576,host_extinction,8,0,state-001-001-0000000.gz,20793821,186,compact_numpy_v1,ee6a78f884798442b70624bf215292b2aadfdf8d,/scratch/skremer/TE_World2-pilot/TE-Interaction-Experiments/HHHLLLL-HL/provenance-001-001.json,2026-08-30T13:32:46.495578+00:00
HHHLLLL-HL,2,5064336709359554790,host_extinction,9,0,state-002-001-0000000.gz,20793821,187,compact_numpy_v1,ee6a78f884798442b70624bf215292b2aadfdf8d,/scratch/skremer/TE_World2-pilot/TE-Interaction-Experiments/HHHLLLL-HL/provenance-002-001.json,2026-08-30T13:32:46.498594+00:00
HHHLLLL-HL,3,2357285761506995795,host_extinction,10,0,state-003-001-0000000.gz,20793821,188,compact_numpy_v1,ee6a78f884798442b70624bf215292b2aadfdf8d,/scratch/skremer/TE_World2-pilot/TE-Interaction-Experiments/HHHLLLL-HL/provenance-003-001.json,2026-08-30T13:32:46.500872+00:00
HHHLLLL-LH,1,12178065686812210298,host_extinction,8,0,state-001-001-0000000.gz,20793821,183,compact_numpy_v1,ee6a78f884798442b70624bf215292b2aadfdf8d,/scratch/skremer/TE_World2-pilot/TE-Interaction-Experiments/HHHLLLL-LH/provenance-001-001.json,2026-08-30T13:32:46.485513+00:00
HHHLLLL-LH,2,7530222847808887194,host_extinction,7,0,state-002-001-0000000.gz,20793821,184,compact_numpy_v1,ee6a78f884798442b70624bf215292b2aadfdf8d,/scratch/skremer/TE_World2-pilot/TE-Interaction-Experiments/HHHLLLL-LH/provenance-002-001.json,2026-08-30T13:32:46.489190+00:00
HHHLLLL-LH,3,2891639633373916274,host_extinction,7,0,state-003-001-0000000.gz,20793821,185,compact_numpy_v1,ee6a78f884798442b70624bf215292b2aadfdf8d,/scratch/skremer/TE_World2-pilot/TE-Interaction-Experiments/HHHLLLL-LH/provenance-003-001.json,2026-08-30T13:32:46.493222+00:00
HHHLLLL-LL,1,5125661605100131783,host_extinction,8,0,state-001-001-0000000.gz,20793821,180,compact_numpy_v1,ee6a78f884798442b70624bf215292b2aadfdf8d,/scratch/skremer/TE_World2-pilot/TE-Interaction-Experiments/HHHLLLL-LL/provenance-001-001.json,2026-08-30T13:32:46.462966+00:00
HHHLLLL-LL,2,6789499810408921289,host_extinction,7,0,state-002-001-0000000.gz,20793821,181,compact_numpy_v1,ee6a78f884798442b70624bf215292b2aadfdf8d,/scratch/skremer/TE_World2-pilot/TE-Interaction-Experiments/HHHLLLL-LL/provenance-002-001.json,2026-08-30T13:32:46.465971+00:00
HHHLLLL-LL,3,5943205136135820195,maximum_generations,1500,31,state-003-001-0001500.gz,20793821,182,compact_numpy_v1,ee6a78f884798442b70624bf215292b2aadfdf8d,/scratch/skremer/TE_World2-pilot/TE-Interaction-Experiments/HHHLLLL-LL/provenance-003-001.json,2026-08-30T13:32:46.469807+00:00
HHLHHHH-HH,1,15526184744466755705,host_extinction,9,0,state-001-001-0000000.gz,20793821,201,compact_numpy_v1,ee6a78f884798442b70624bf215292b2aadfdf8d,/scratch/skremer/TE_World2-pilot/TE-Interaction-Experiments/HHLHHHH-HH/provenance-001-001.json,2026-08-30T13:32:46.567593+00:00
HHLHHHH-HH,2,16553432996303308445,host_extinction,10,0,state-002-001-0000000.gz,20793821,202,compact_numpy_v1,ee6a78f884798442b70624bf215292b2aadfdf8d,/scratch/skremer/TE_World2-pilot/TE-Interaction-Experiments/HHLHHHH-HH/provenance-002-001.json,2026-08-30T13:32:46.572125+00:00
HHLHHHH-HH,3,16322089654832534987,host_extinction,9,0,state-003-001-0000000.gz,20793821,203,compact_numpy_v1,ee6a78f884798442b70624bf215292b2aadfdf8d,/scratch/skremer/TE_World2-pilot/TE-Interaction-Experiments/HHLHHHH-HH/provenance-003-001.json,2026-08-30T13:32:46.575551+00:00
HHLHHHH-HL,1,920967063975804254,te_extinction,1351,307,state-001-001-0001350.gz,20793821,198,compact_numpy_v1,ee6a78f884798442b70624bf215292b2aadfdf8d,/scratch/skremer/TE_World2-pilot/TE-Interaction-Experiments/HHLHHHH-HL/provenance-001-001.json,2026-08-30T13:32:46.546125+00:00
HHLHHHH-HL,2,14182895619910177306,host_extinction,7,0,state-002-001-0000000.gz,20793821,199,compact_numpy_v1,ee6a78f884798442b70624bf215292b2aadfdf8d,/scratch/skremer/TE_World2-pilot/TE-Interaction-Experiments/HHLHHHH-HL/provenance-002-001.json,2026-08-30T13:32:46.560607+00:00
HHLHHHH-HL,3,14585301045044624578,host_extinction,7,0,state-003-001-0000000.gz,20793821,200,compact_numpy_v1,ee6a78f884798442b70624bf215292b2aadfdf8d,/scratch/skremer/TE_World2-pilot/TE-Interaction-Experiments/HHLHHHH-HL/provenance-003-001.json,2026-08-30T13:32:46.563837+00:00
HHLHHHH-LH,1,5561853223774021046,host_extinction,7,0,state-001-001-0000000.gz,20793821,195,compact_numpy_v1,ee6a78f884798442b70624bf215292b2aadfdf8d,/scratch/skremer/TE_World2-pilot/TE-Interaction-Experiments/HHLHHHH-LH/provenance-001-001.json,2026-08-30T13:32:46.535868+00:00
HHLHHHH-LH,2,9298960896503527474,host_extinction,6,0,state-002-001-0000000.gz,20793821,196,compact_numpy_v1,ee6a78f884798442b70624bf215292b2aadfdf8d,/scratch/skremer/TE_World2-pilot/TE-Interaction-Experiments/HHLHHHH-LH/provenance-002-001.json,2026-08-30T13:32:46.538713+00:00
HHLHHHH-LH,3,17027340509236671169,host_extinction,6,0,state-003-001-0000000.gz,20793821,197,compact_numpy_v1,ee6a78f884798442b70624bf215292b2aadfdf8d,/scratch/skremer/TE_World2-pilot/TE-Interaction-Experiments/HHLHHHH-LH/provenance-003-001.json,2026-08-30T13:32:46.542092+00:00
HHLHHHH-LL,1,12384876290211448912,host_extinction,6,0,state-001-001-0000000.gz,20793821,192,compact_numpy_v1,ee6a78f884798442b70624bf215292b2aadfdf8d,/scratch/skremer/TE_World2-pilot/TE-Interaction-Experiments/HHLHHHH-LL/provenance-001-001.json,2026-08-30T13:32:46.526320+00:00
HHLHHHH-LL,2,16896376858160520802,host_extinction,6,0,state-002-001-0000000.gz,20793821,193,compact_numpy_v1,ee6a78f884798442b70624bf215292b2aadfdf8d,/scratch/skremer/TE_World2-pilot/TE-Interaction-Experiments/HHLHHHH-LL/provenance-002-001.json,2026-08-30T13:32:46.528837+00:00
HHLHHHH-LL,3,2069729054222978240,host_extinction,6,0,state-003-001-0000000.gz,20793821,194,compact_numpy_v1,ee6a78f884798442b70624bf215292b2aadfdf8d,/scratch/skremer/TE_World2-pilot/TE-Interaction-Experiments/HHLHHHH-LL/provenance-003-001.json,2026-08-30T13:32:46.532146+00:00
HHLHHHL-HH,1,5644666666061614523,host_extinction,5,0,state-001-001-0000000.gz,20793821,213,compact_numpy_v1,ee6a78f884798442b70624bf215292b2aadfdf8d,/scratch/skremer/TE_World2-pilot/TE-Interaction-Experiments/HHLHHHL-HH/provenance-001-001.json,2026-08-30T13:32:46.607636+00:00
HHLHHHL-HH,2,7871269057151532447,host_extinction,6,0,state-002-001-0000000.gz,20793821,214,compact_numpy_v1,ee6a78f884798442b70624bf215292b2aadfdf8d,/scratch/skremer/TE_World2-pilot/TE-Interaction-Experiments/HHLHHHL-HH/provenance-002-001.json,2026-08-30T13:32:46.610654+00:00
HHLHHHL-HH,3,8791409317447953296,host_extinction,6,0,state-003-001-0000000.gz,20793821,215,compact_numpy_v1,ee6a78f884798442b70624bf215292b2aadfdf8d,/scratch/skremer/TE_World2-pilot/TE-Interaction-Experiments/HHLHHHL-HH/provenance-003-001.json,2026-08-30T13:32:46.613302+00:00
HHLHHHL-HL,1,4966146378902025957,host_extinction,5,0,state-001-001-0000000.gz,20793821,210,compact_numpy_v1,ee6a78f884798442b70624bf215292b2aadfdf8d,/scratch/skremer/TE_World2-pilot/TE-Interaction-Experiments/HHLHHHL-HL/provenance-001-001.json,2026-08-30T13:32:46.599453+00:00
HHLHHHL-HL,2,18216231090140538493,host_extinction,7,0,state-002-001-0000000.gz,20793821,211,compact_numpy_v1,ee6a78f884798442b70624bf215292b2aadfdf8d,/scratch/skremer/TE_World2-pilot/TE-Interaction-Experiments/HHLHHHL-HL/provenance-002-001.json,2026-08-30T13:32:46.602159+00:00
HHLHHHL-HL,3,9066416650201296212,host_extinction,6,0,state-003-001-0000000.gz,20793821,212,compact_numpy_v1,ee6a78f884798442b70624bf215292b2aadfdf8d,/scratch/skremer/TE_World2-pilot/TE-Interaction-Experiments/HHLHHHL-HL/provenance-003-001.json,2026-08-30T13:32:46.605005+00:00
HHLHHHL-LH,1,15256542500363613507,host_extinction,6,0,state-001-001-0000000.gz,20793821,207,compact_numpy_v1,ee6a78f884798442b70624bf215292b2aadfdf8d,/scratch/skremer/TE_World2-pilot/TE-Interaction-Experiments/HHLHHHL-LH/provenance-001-001.json,2026-08-30T13:32:46.589308+00:00
HHLHHHL-LH,2,11105499867252707761,host_extinction,6,0,state-002-001-0000000.gz,20793821,208,compact_numpy_v1,ee6a78f884798442b70624bf215292b2aadfdf8d,/scratch/skremer/TE_World2-pilot/TE-Interaction-Experiments/HHLHHHL-LH/provenance-002-001.json,2026-08-30T13:32:46.593531+00:00
HHLHHHL-LH,3,15844439723570030304,host_extinction,5,0,state-003-001-0000000.gz,20793821,209,compact_numpy_v1,ee6a78f884798442b70624bf215292b2aadfdf8d,/scratch/skremer/TE_World2-pilot/TE-Interaction-Experiments/HHLHHHL-LH/provenance-003-001.json,2026-08-30T13:32:46.596455+00:00
HHLHHHL-LL,1,15538764963982642488,host_extinction,5,0,state-001-001-0000000.gz,20793821,204,compact_numpy_v1,ee6a78f884798442b70624bf215292b2aadfdf8d,/scratch/skremer/TE_World2-pilot/TE-Interaction-Experiments/HHLHHHL-LL/provenance-001-001.json,2026-08-30T13:32:46.579094+00:00
HHLHHHL-LL,2,4805292565503579566,host_extinction,6,0,state-002-001-0000000.gz,20793821,205,compact_numpy_v1,ee6a78f884798442b70624bf215292b2aadfdf8d,/scratch/skremer/TE_World2-pilot/TE-Interaction-Experiments/HHLHHHL-LL/provenance-002-001.json,2026-08-30T13:32:46.582016+00:00
HHLHHHL-LL,3,5380437013971554953,host_extinction,6,0,state-003-001-0000000.gz,20793821,206,compact_numpy_v1,ee6a78f884798442b70624bf215292b2aadfdf8d,/scratch/skremer/TE_World2-pilot/TE-Interaction-Experiments/HHLHHHL-LL/provenance-003-001.json,2026-08-30T13:32:46.584927+00:00
HHLHHLH-HH,1,11973959064937589160,host_extinction,8,0,state-001-001-0000000.gz,20793821,225,compact_numpy_v1,ee6a78f884798442b70624bf215292b2aadfdf8d,/scratch/skremer/TE_World2-pilot/TE-Interaction-Experiments/HHLHHLH-HH/provenance-001-001.json,2026-08-30T13:32:46.657662+00:00
HHLHHLH-HH,2,14352832853575013904,host_extinction,11,0,state-002-001-0000000.gz,20793821,226,compact_numpy_v1,ee6a78f884798442b70624bf215292b2aadfdf8d,/scratch/skremer/TE_World2-pilot/TE-Interaction-Experiments/HHLHHLH-HH/provenance-002-001.json,2026-08-30T13:32:46.661216+00:00
HHLHHLH-HH,3,712692391111565968,host_extinction,9,0,state-003-001-0000000.gz,20793821,227,compact_numpy_v1,ee6a78f884798442b70624bf215292b2aadfdf8d,/scratch/skremer/TE_World2-pilot/TE-Interaction-Experiments/HHLHHLH-HH/provenance-003-001.json,2026-08-30T13:32:46.664080+00:00
HHLHHLH-HL,1,2854929607283534312,host_extinction,7,0,state-001-001-0000000.gz,20793821,222,compact_numpy_v1,ee6a78f884798442b70624bf215292b2aadfdf8d,/scratch/skremer/TE_World2-pilot/TE-Interaction-Experiments/HHLHHLH-HL/provenance-001-001.json,2026-08-30T13:32:46.637673+00:00
HHLHHLH-HL,2,10660283888378630850,host_extinction,9,0,state-002-001-0000000.gz,20793821,223,compact_numpy_v1,ee6a78f884798442b70624bf215292b2aadfdf8d,/scratch/skremer/TE_World2-pilot/TE-Interaction-Experiments/HHLHHLH-HL/provenance-002-001.json,2026-08-30T13:32:46.640671+00:00
HHLHHLH-HL,3,1082529081217348764,maximum_generations,1500,278,state-003-001-0001500.gz,20793821,224,compact_numpy_v1,ee6a78f884798442b70624bf215292b2aadfdf8d,/scratch/skremer/TE_World2-pilot/TE-Interaction-Experiments/HHLHHLH-HL/provenance-003-001.json,2026-08-30T13:32:46.643160+00:00
HHLHHLH-LH,1,4311363902651013838,host_extinction,7,0,state-001-001-0000000.gz,20793821,219,compact_numpy_v1,ee6a78f884798442b70624bf215292b2aadfdf8d,/scratch/skremer/TE_World2-pilot/TE-Interaction-Experiments/HHLHHLH-LH/provenance-001-001.json,2026-08-30T13:32:46.628562+00:00
HHLHHLH-LH,2,18232361037564864815,host_extinction,6,0,state-002-001-0000000.gz,20793821,220,compact_numpy_v1,ee6a78f884798442b70624bf215292b2aadfdf8d,/scratch/skremer/TE_World2-pilot/TE-Interaction-Experiments/HHLHHLH-LH/provenance-002-001.json,2026-08-30T13:32:46.631517+00:00
HHLHHLH-LH,3,3211702964493502153,host_extinction,6,0,state-003-001-0000000.gz,20793821,221,compact_numpy_v1,ee6a78f884798442b70624bf215292b2aadfdf8d,/scratch/skremer/TE_World2-pilot/TE-Interaction-Experiments/HHLHHLH-LH/provenance-003-001.json,2026-08-30T13:32:46.634957+00:00
HHLHHLH-LL,1,1469424693971050242,host_extinction,6,0,state-001-001-0000000.gz,20793821,216,compact_numpy_v1,ee6a78f884798442b70624bf215292b2aadfdf8d,/scratch/skremer/TE_World2-pilot/TE-Interaction-Experiments/HHLHHLH-LL/provenance-001-001.json,2026-08-30T13:32:46.616570+00:00
HHLHHLH-LL,2,10122018408147917066,host_extinction,6,0,state-002-001-0000000.gz,20793821,217,compact_numpy_v1,ee6a78f884798442b70624bf215292b2aadfdf8d,/scratch/skremer/TE_World2-pilot/TE-Interaction-Experiments/HHLHHLH-LL/provenance-002-001.json,2026-08-30T13:32:46.620356+00:00
HHLHHLH-LL,3,6599523903913489099,host_extinction,5,0,state-003-001-0000000.gz,20793821,218,compact_numpy_v1,ee6a78f884798442b70624bf215292b2aadfdf8d,/scratch/skremer/TE_World2-pilot/TE-Interaction-Experiments/HHLHHLH-LL/provenance-003-001.json,2026-08-30T13:32:46.623647+00:00
HHLHHLL-HH,1,16501863282643407510,host_extinction,8,0,state-001-001-0000000.gz,20793821,237,compact_numpy_v1,ee6a78f884798442b70624bf215292b2aadfdf8d,/scratch/skremer/TE_World2-pilot/TE-Interaction-Experiments/HHLHHLL-HH/provenance-001-001.json,2026-08-30T13:32:46.693487+00:00
HHLHHLL-HH,2,10206748611512755848,host_extinction,6,0,state-002-001-0000000.gz,20793821,238,compact_numpy_v1,ee6a78f884798442b70624bf215292b2aadfdf8d,/scratch/skremer/TE_World2-pilot/TE-Interaction-Experiments/HHLHHLL-HH/provenance-002-001.json,2026-08-30T13:32:46.696064+00:00
HHLHHLL-HH,3,3752317423925701613,host_extinction,6,0,state-003-001-0000000.gz,20793821,239,compact_numpy_v1,ee6a78f884798442b70624bf215292b2aadfdf8d,/scratch/skremer/TE_World2-pilot/TE-Interaction-Experiments/HHLHHLL-HH/provenance-003-001.json,2026-08-30T13:32:46.698720+00:00
HHLHHLL-HL,1,14174494623706205108,host_extinction,5,0,state-001-001-0000000.gz,20793821,234,compact_numpy_v1,ee6a78f884798442b70624bf215292b2aadfdf8d,/scratch/skremer/TE_World2-pilot/TE-Interaction-Experiments/HHLHHLL-HL/provenance-001-001.json,2026-08-30T13:32:46.685269+00:00
HHLHHLL-HL,2,8504938704966892411,host_extinction,6,0,state-002-001-0000000.gz,20793821,235,compact_numpy_v1,ee6a78f884798442b70624bf215292b2aadfdf8d,/scratch/skremer/TE_World2-pilot/TE-Interaction-Experiments/HHLHHLL-HL/provenance-002-001.json,2026-08-30T13:32:46.688596+00:00
HHLHHLL-HL,3,13087479616332418382,host_extinction,6,0,state-003-001-0000000.gz,20793821,236,compact_numpy_v1,ee6a78f884798442b70624bf215292b2aadfdf8d,/scratch/skremer/TE_World2-pilot/TE-Interaction-Experiments/HHLHHLL-HL/provenance-003-001.json,2026-08-30T13:32:46.690896+00:00
HHLHHLL-LH,1,5067845788863462554,host_extinction,6,0,state-001-001-0000000.gz,20793821,231,compact_numpy_v1,ee6a78f884798442b70624bf215292b2aadfdf8d,/scratch/skremer/TE_World2-pilot/TE-Interaction-Experiments/HHLHHLL-LH/provenance-001-001.json,2026-08-30T13:32:46.675972+00:00
HHLHHLL-LH,2,12507450610614289928,host_extinction,6,0,state-002-001-0000000.gz,20793821,232,compact_numpy_v1,ee6a78f884798442b70624bf215292b2aadfdf8d,/scratch/skremer/TE_World2-pilot/TE-Interaction-Experiments/HHLHHLL-LH/provenance-002-001.json,2026-08-30T13:32:46.678781+00:00
HHLHHLL-LH,3,11658416003357310517,host_extinction,5,0,state-003-001-0000000.gz,20793821,233,compact_numpy_v1,ee6a78f884798442b70624bf215292b2aadfdf8d,/scratch/skremer/TE_World2-pilot/TE-Interaction-Experiments/HHLHHLL-LH/provenance-003-001.json,2026-08-30T13:32:46.681742+00:00
HHLHHLL-LL,1,596196186962736120,host_extinction,5,0,state-001-001-0000000.gz,20793821,228,compact_numpy_v1,ee6a78f884798442b70624bf215292b2aadfdf8d,/scratch/skremer/TE_World2-pilot/TE-Interaction-Experiments/HHLHHLL-LL/provenance-001-001.json,2026-08-30T13:32:46.667307+00:00
HHLHHLL-LL,2,13746763171448559899,host_extinction,5,0,state-002-001-0000000.gz,20793821,229,compact_numpy_v1,ee6a78f884798442b70624bf215292b2aadfdf8d,/scratch/skremer/TE_World2-pilot/TE-Interaction-Experiments/HHLHHLL-LL/provenance-002-001.json,2026-08-30T13:32:46.670306+00:00
HHLHHLL-LL,3,16244778356494227184,host_extinction,5,0,state-003-001-0000000.gz,20793821,230,compact_numpy_v1,ee6a78f884798442b70624bf215292b2aadfdf8d,/scratch/skremer/TE_World2-pilot/TE-Interaction-Experiments/HHLHHLL-LL/provenance-003-001.json,2026-08-30T13:32:46.673374+00:00
HHLHLHH-HH,1,12339705479446189460,host_extinction,7,0,state-001-001-0000000.gz,20793821,249,compact_numpy_v1,ee6a78f884798442b70624bf215292b2aadfdf8d,/scratch/skremer/TE_World2-pilot/TE-Interaction-Experiments/HHLHLHH-HH/provenance-001-001.json,2026-08-30T13:32:46.737904+00:00
HHLHLHH-HH,2,5631907909158487475,host_extinction,7,0,state-002-001-0000000.gz,20793821,250,compact_numpy_v1,ee6a78f884798442b70624bf215292b2aadfdf8d,/scratch/skremer/TE_World2-pilot/TE-Interaction-Experiments/HHLHLHH-HH/provenance-002-001.json,2026-08-30T13:32:46.740367+00:00
HHLHLHH-HH,3,18357409772957063861,host_extinction,5,0,state-003-001-0000000.gz,20793821,251,compact_numpy_v1,ee6a78f884798442b70624bf215292b2aadfdf8d,/scratch/skremer/TE_World2-pilot/TE-Interaction-Experiments/HHLHLHH-HH/provenance-003-001.json,2026-08-30T13:32:46.743032+00:00
HHLHLHH-HL,1,5062950315137980626,host_extinction,5,0,state-001-001-0000000.gz,20793821,246,compact_numpy_v1,ee6a78f884798442b70624bf215292b2aadfdf8d,/scratch/skremer/TE_World2-pilot/TE-Interaction-Experiments/HHLHLHH-HL/provenance-001-001.json,2026-08-30T13:32:46.729975+00:00
HHLHLHH-HL,2,2801497815305187494,host_extinction,5,0,state-002-001-0000000.gz,20793821,247,compact_numpy_v1,ee6a78f884798442b70624bf215292b2aadfdf8d,/scratch/skremer/TE_World2-pilot/TE-Interaction-Experiments/HHLHLHH-HL/provenance-002-001.json,2026-08-30T13:32:46.732773+00:00
HHLHLHH-HL,3,8615345786482562397,host_extinction,5,0,state-003-001-0000000.gz,20793821,248,compact_numpy_v1,ee6a78f884798442b70624bf215292b2aadfdf8d,/scratch/skremer/TE_World2-pilot/TE-Interaction-Experiments/HHLHLHH-HL/provenance-003-001.json,2026-08-30T13:32:46.735153+00:00
HHLHLHH-LH,1,3657265019113682140,host_extinction,5,0,state-001-001-0000000.gz,20793821,243,compact_numpy_v1,ee6a78f884798442b70624bf215292b2aadfdf8d,/scratch/skremer/TE_World2-pilot/TE-Interaction-Experiments/HHLHLHH-LH/provenance-001-001.json,2026-08-30T13:32:46.710149+00:00
HHLHLHH-LH,2,16422215199375653793,maximum_generations,1500,288,state-002-001-0001500.gz,20793821,244,compact_numpy_v1,ee6a78f884798442b70624bf215292b2aadfdf8d,/scratch/skremer/TE_World2-pilot/TE-Interaction-Experiments/HHLHLHH-LH/provenance-002-001.json,2026-08-30T13:32:46.712285+00:00
HHLHLHH-LH,3,5372649378990129583,host_extinction,5,0,state-003-001-0000000.gz,20793821,245,compact_numpy_v1,ee6a78f884798442b70624bf215292b2aadfdf8d,/scratch/skremer/TE_World2-pilot/TE-Interaction-Experiments/HHLHLHH-LH/provenance-003-001.json,2026-08-30T13:32:46.726754+00:00
HHLHLHH-LL,1,3617789420448340494,host_extinction,5,0,state-001-001-0000000.gz,20793821,240,compact_numpy_v1,ee6a78f884798442b70624bf215292b2aadfdf8d,/scratch/skremer/TE_World2-pilot/TE-Interaction-Experiments/HHLHLHH-LL/provenance-001-001.json,2026-08-30T13:32:46.702105+00:00
HHLHLHH-LL,2,18150775635560745226,host_extinction,5,0,state-002-001-0000000.gz,20793821,241,compact_numpy_v1,ee6a78f884798442b70624bf215292b2aadfdf8d,/scratch/skremer/TE_World2-pilot/TE-Interaction-Experiments/HHLHLHH-LL/provenance-002-001.json,2026-08-30T13:32:46.704768+00:00
HHLHLHH-LL,3,16512196462604987752,host_extinction,5,0,state-003-001-0000000.gz,20793821,242,compact_numpy_v1,ee6a78f884798442b70624bf215292b2aadfdf8d,/scratch/skremer/TE_World2-pilot/TE-Interaction-Experiments/HHLHLHH-LL/provenance-003-001.json,2026-08-30T13:32:46.707613+00:00
HHLHLHL-HH,1,10315688955345273673,host_extinction,4,0,state-001-001-0000000.gz,20793821,261,compact_numpy_v1,ee6a78f884798442b70624bf215292b2aadfdf8d,/scratch/skremer/TE_World2-pilot/TE-Interaction-Experiments/HHLHLHL-HH/provenance-001-001.json,2026-08-30T13:32:46.782871+00:00
HHLHLHL-HH,2,17830345195523422433,host_extinction,4,0,state-002-001-0000000.gz,20793821,262,compact_numpy_v1,ee6a78f884798442b70624bf215292b2aadfdf8d,/scratch/skremer/TE_World2-pilot/TE-Interaction-Experiments/HHLHLHL-HH/provenance-002-001.json,2026-08-30T13:32:46.787186+00:00
HHLHLHL-HH,3,7153960355742212746,host_extinction,4,0,state-003-001-0000000.gz,20793821,263,compact_numpy_v1,ee6a78f884798442b70624bf215292b2aadfdf8d,/scratch/skremer/TE_World2-pilot/TE-Interaction-Experiments/HHLHLHL-HH/provenance-003-001.json,2026-08-30T13:32:46.790715+00:00
HHLHLHL-HL,1,8765645300652934363,host_extinction,3,0,state-001-001-0000000.gz,20793821,258,compact_numpy_v1,ee6a78f884798442b70624bf215292b2aadfdf8d,/scratch/skremer/TE_World2-pilot/TE-Interaction-Experiments/HHLHLHL-HL/provenance-001-001.json,2026-08-30T13:32:46.761597+00:00
HHLHLHL-HL,2,5772762072641603724,host_extinction,4,0,state-002-001-0000000.gz,20793821,259,compact_numpy_v1,ee6a78f884798442b70624bf215292b2aadfdf8d,/scratch/skremer/TE_World2-pilot/TE-Interaction-Experiments/HHLHLHL-HL/provenance-002-001.json,2026-08-30T13:32:46.765167+00:00
HHLHLHL-HL,3,18095538680335803183,maximum_generations,1500,30,state-003-001-0001500.gz,20793821,260,compact_numpy_v1,ee6a78f884798442b70624bf215292b2aadfdf8d,/scratch/skremer/TE_World2-pilot/TE-Interaction-Experiments/HHLHLHL-HL/provenance-003-001.json,2026-08-30T13:32:46.768127+00:00
HHLHLHL-LH,1,12674740309748924097,host_extinction,4,0,state-001-001-0000000.gz,20793821,255,compact_numpy_v1,ee6a78f884798442b70624bf215292b2aadfdf8d,/scratch/skremer/TE_World2-pilot/TE-Interaction-Experiments/HHLHLHL-LH/provenance-001-001.json,2026-08-30T13:32:46.753202+00:00
HHLHLHL-LH,2,8597723221899177823,host_extinction,4,0,state-002-001-0000000.gz,20793821,256,compact_numpy_v1,ee6a78f884798442b70624bf215292b2aadfdf8d,/scratch/skremer/TE_World2-pilot/TE-Interaction-Experiments/HHLHLHL-LH/provenance-002-001.json,2026-08-30T13:32:46.756763+00:00
HHLHLHL-LH,3,13666984953151811360,host_extinction,4,0,state-003-001-0000000.gz,20793821,257,compact_numpy_v1,ee6a78f884798442b70624bf215292b2aadfdf8d,/scratch/skremer/TE_World2-pilot/TE-Interaction-Experiments/HHLHLHL-LH/provenance-003-001.json,2026-08-30T13:32:46.758917+00:00
HHLHLHL-LL,1,14300344540364613343,host_extinction,4,0,state-001-001-0000000.gz,20793821,252,compact_numpy_v1,ee6a78f884798442b70624bf215292b2aadfdf8d,/scratch/skremer/TE_World2-pilot/TE-Interaction-Experiments/HHLHLHL-LL/provenance-001-001.json,2026-08-30T13:32:46.746110+00:00
HHLHLHL-LL,2,17191984455148934512,host_extinction,4,0,state-002-001-0000000.gz,20793821,253,compact_numpy_v1,ee6a78f884798442b70624bf215292b2aadfdf8d,/scratch/skremer/TE_World2-pilot/TE-Interaction-Experiments/HHLHLHL-LL/provenance-002-001.json,2026-08-30T13:32:46.748416+00:00
HHLHLHL-LL,3,18131201397398048554,host_extinction,4,0,state-003-001-0000000.gz,20793821,254,compact_numpy_v1,ee6a78f884798442b70624bf215292b2aadfdf8d,/scratch/skremer/TE_World2-pilot/TE-Interaction-Experiments/HHLHLHL-LL/provenance-003-001.json,2026-08-30T13:32:46.750687+00:00
HHLHLLH-HH,1,9266116594386014005,host_extinction,5,0,state-001-001-0000000.gz,20793821,273,compact_numpy_v1,ee6a78f884798442b70624bf215292b2aadfdf8d,/scratch/skremer/TE_World2-pilot/TE-Interaction-Experiments/HHLHLLH-HH/provenance-001-001.json,2026-08-30T13:32:46.847678+00:00
HHLHLLH-HH,2,6593425166010386719,host_extinction,6,0,state-002-001-0000000.gz,20793821,274,compact_numpy_v1,ee6a78f884798442b70624bf215292b2aadfdf8d,/scratch/skremer/TE_World2-pilot/TE-Interaction-Experiments/HHLHLLH-HH/provenance-002-001.json,2026-08-30T13:32:46.849970+00:00
HHLHLLH-HH,3,8704266344437757907,te_extinction,540,285,state-003-001-0000500.gz,20793821,275,compact_numpy_v1,ee6a78f884798442b70624bf215292b2aadfdf8d,/scratch/skremer/TE_World2-pilot/TE-Interaction-Experiments/HHLHLLH-HH/provenance-003-001.json,2026-08-30T13:32:46.853770+00:00
HHLHLLH-HL,1,14952185460605958302,host_extinction,5,0,state-001-001-0000000.gz,20793821,270,compact_numpy_v1,ee6a78f884798442b70624bf215292b2aadfdf8d,/scratch/skremer/TE_World2-pilot/TE-Interaction-Experiments/HHLHLLH-HL/provenance-001-001.json,2026-08-30T13:32:46.828441+00:00
HHLHLLH-HL,2,2891688727235987000,host_extinction,5,0,state-002-001-0000000.gz,20793821,271,compact_numpy_v1,ee6a78f884798442b70624bf215292b2aadfdf8d,/scratch/skremer/TE_World2-pilot/TE-Interaction-Experiments/HHLHLLH-HL/provenance-002-001.json,2026-08-30T13:32:46.830928+00:00
HHLHLLH-HL,3,16644428900925730133,te_extinction,1435,293,state-003-001-0001400.gz,20793821,272,compact_numpy_v1,ee6a78f884798442b70624bf215292b2aadfdf8d,/scratch/skremer/TE_World2-pilot/TE-Interaction-Experiments/HHLHLLH-HL/provenance-003-001.json,2026-08-30T13:32:46.833525+00:00
HHLHLLH-LH,1,8871907046123099163,host_extinction,5,0,state-001-001-0000000.gz,20793821,267,compact_numpy_v1,ee6a78f884798442b70624bf215292b2aadfdf8d,/scratch/skremer/TE_World2-pilot/TE-Interaction-Experiments/HHLHLLH-LH/provenance-001-001.json,2026-08-30T13:32:46.805499+00:00
HHLHLLH-LH,2,1338151865565375977,maximum_generations,1500,298,state-002-001-0001500.gz,20793821,268,compact_numpy_v1,ee6a78f884798442b70624bf215292b2aadfdf8d,/scratch/skremer/TE_World2-pilot/TE-Interaction-Experiments/HHLHLLH-LH/provenance-002-001.json,2026-08-30T13:32:46.809386+00:00
HHLHLLH-LH,3,4660543284036265677,host_extinction,5,0,state-003-001-0000000.gz,20793821,269,compact_numpy_v1,ee6a78f884798442b70624bf215292b2aadfdf8d,/scratch/skremer/TE_World2-pilot/TE-Interaction-Experiments/HHLHLLH-LH/provenance-003-001.json,2026-08-30T13:32:46.824157+00:00
HHLHLLH-LL,1,17425526471067478909,host_extinction,5,0,state-001-001-0000000.gz,20793821,264,compact_numpy_v1,ee6a78f884798442b70624bf215292b2aadfdf8d,/scratch/skremer/TE_World2-pilot/TE-Interaction-Experiments/HHLHLLH-LL/provenance-001-001.json,2026-08-30T13:32:46.794671+00:00
HHLHLLH-LL,2,3442749094568203031,host_extinction,5,0,state-002-001-0000000.gz,20793821,265,compact_numpy_v1,ee6a78f884798442b70624bf215292b2aadfdf8d,/scratch/skremer/TE_World2-pilot/TE-Interaction-Experiments/HHLHLLH-LL/provenance-002-001.json,2026-08-30T13:32:46.798197+00:00
HHLHLLH-LL,3,3744072314473677068,host_extinction,5,0,state-003-001-0000000.gz,20793821,266,compact_numpy_v1,ee6a78f884798442b70624bf215292b2aadfdf8d,/scratch/skremer/TE_World2-pilot/TE-Interaction-Experiments/HHLHLLH-LL/provenance-003-001.json,2026-08-30T13:32:46.801708+00:00
HHLHLLL-HH,1,5463955538982583427,host_extinction,5,0,state-001-001-0000000.gz,20793821,285,compact_numpy_v1,ee6a78f884798442b70624bf215292b2aadfdf8d,/scratch/skremer/TE_World2-pilot/TE-Interaction-Experiments/HHLHLLL-HH/provenance-001-001.json,2026-08-30T13:32:46.885668+00:00
HHLHLLL-HH,2,2772321498535913962,host_extinction,4,0,state-002-001-0000000.gz,20793821,286,compact_numpy_v1,ee6a78f884798442b70624bf215292b2aadfdf8d,/scratch/skremer/TE_World2-pilot/TE-Interaction-Experiments/HHLHLLL-HH/provenance-002-001.json,2026-08-30T13:32:46.888831+00:00
HHLHLLL-HH,3,6742716508830978450,host_extinction,4,0,state-003-001-0000000.gz,20793821,287,compact_numpy_v1,ee6a78f884798442b70624bf215292b2aadfdf8d,/scratch/skremer/TE_World2-pilot/TE-Interaction-Experiments/HHLHLLL-HH/provenance-003-001.json,2026-08-30T13:32:46.891791+00:00
HHLHLLL-HL,1,15801527199928626523,host_extinction,4,0,state-001-001-0000000.gz,20793821,282,compact_numpy_v1,ee6a78f884798442b70624bf215292b2aadfdf8d,/scratch/skremer/TE_World2-pilot/TE-Interaction-Experiments/HHLHLLL-HL/provenance-001-001.json,2026-08-30T13:32:46.876964+00:00
HHLHLLL-HL,2,10863246279476674470,host_extinction,4,0,state-002-001-0000000.gz,20793821,283,compact_numpy_v1,ee6a78f884798442b70624bf215292b2aadfdf8d,/scratch/skremer/TE_World2-pilot/TE-Interaction-Experiments/HHLHLLL-HL/provenance-002-001.json,2026-08-30T13:32:46.879990+00:00
HHLHLLL-HL,3,6675726190326652616,host_extinction,5,0,state-003-001-0000000.gz,20793821,284,compact_numpy_v1,ee6a78f884798442b70624bf215292b2aadfdf8d,/scratch/skremer/TE_World2-pilot/TE-Interaction-Experiments/HHLHLLL-HL/provenance-003-001.json,2026-08-30T13:32:46.882625+00:00
HHLHLLL-LH,1,8032052976840329886,host_extinction,4,0,state-001-001-0000000.gz,20793821,279,compact_numpy_v1,ee6a78f884798442b70624bf215292b2aadfdf8d,/scratch/skremer/TE_World2-pilot/TE-Interaction-Experiments/HHLHLLL-LH/provenance-001-001.json,2026-08-30T13:32:46.869449+00:00
HHLHLLL-LH,2,17393932623731559448,host_extinction,4,0,state-002-001-0000000.gz,20793821,280,compact_numpy_v1,ee6a78f884798442b70624bf215292b2aadfdf8d,/scratch/skremer/TE_World2-pilot/TE-Interaction-Experiments/HHLHLLL-LH/provenance-002-001.json,2026-08-30T13:32:46.872052+00:00
HHLHLLL-LH,3,15634936229634912440,host_extinction,3,0,state-003-001-0000000.gz,20793821,281,compact_numpy_v1,ee6a78f884798442b70624bf215292b2aadfdf8d,/scratch/skremer/TE_World2-pilot/TE-Interaction-Experiments/HHLHLLL-LH/provenance-003-001.json,2026-08-30T13:32:46.874791+00:00
HHLHLLL-LL,1,11789300216909751798,host_extinction,4,0,state-001-001-0000000.gz,20793821,276,compact_numpy_v1,ee6a78f884798442b70624bf215292b2aadfdf8d,/scratch/skremer/TE_World2-pilot/TE-Interaction-Experiments/HHLHLLL-LL/provenance-001-001.json,2026-08-30T13:32:46.861421+00:00
HHLHLLL-LL,2,4062546384238032914,host_extinction,4,0,state-002-001-0000000.gz,20793821,277,compact_numpy_v1,ee6a78f884798442b70624bf215292b2aadfdf8d,/scratch/skremer/TE_World2-pilot/TE-Interaction-Experiments/HHLHLLL-LL/provenance-002-001.json,2026-08-30T13:32:46.863861+00:00
HHLHLLL-LL,3,12368196958563380942,host_extinction,5,0,state-003-001-0000000.gz,20793821,278,compact_numpy_v1,ee6a78f884798442b70624bf215292b2aadfdf8d,/scratch/skremer/TE_World2-pilot/TE-Interaction-Experiments/HHLHLLL-LL/provenance-003-001.json,2026-08-30T13:32:46.866560+00:00
HHLLHHH-HH,1,11013800387867338373,maximum_generations,1500,336,state-001-001-0001500.gz,20793821,297,compact_numpy_v1,ee6a78f884798442b70624bf215292b2aadfdf8d,/scratch/skremer/TE_World2-pilot/TE-Interaction-Experiments/HHLLHHH-HH/provenance-001-001.json,2026-08-30T13:32:46.923923+00:00
HHLLHHH-HH,2,17106530582603074548,checkpointed,241,303,state-002-001-0000241.gz,20793821,298,compact_numpy_v1,ee6a78f884798442b70624bf215292b2aadfdf8d,/scratch/skremer/TE_World2-pilot/TE-Interaction-Experiments/HHLLHHH-HH/provenance-002-001.json,2026-08-30T13:32:46.938573+00:00
HHLLHHH-HH,3,7712336288871932485,checkpointed,270,305,state-003-001-0000270.gz,20793821,299,compact_numpy_v1,ee6a78f884798442b70624bf215292b2aadfdf8d,/scratch/skremer/TE_World2-pilot/TE-Interaction-Experiments/HHLLHHH-HH/provenance-003-001.json,2026-08-30T13:32:46.943896+00:00
HHLLHHH-HL,1,2344373138284264368,host_extinction,21,0,state-001-001-0000000.gz,20793821,294,compact_numpy_v1,ee6a78f884798442b70624bf215292b2aadfdf8d,/scratch/skremer/TE_World2-pilot/TE-Interaction-Experiments/HHLLHHH-HL/provenance-001-001.json,2026-08-30T13:32:46.911832+00:00
HHLLHHH-HL,2,11729079334423869469,checkpointed,251,306,state-002-001-0000251.gz,20793821,295,compact_numpy_v1,ee6a78f884798442b70624bf215292b2aadfdf8d,/scratch/skremer/TE_World2-pilot/TE-Interaction-Experiments/HHLLHHH-HL/provenance-002-001.json,2026-08-30T13:32:46.914940+00:00
HHLLHHH-HL,3,10019808132234004978,host_extinction,20,0,state-003-001-0000000.gz,20793821,296,compact_numpy_v1,ee6a78f884798442b70624bf215292b2aadfdf8d,/scratch/skremer/TE_World2-pilot/TE-Interaction-Experiments/HHLLHHH-HL/provenance-003-001.json,2026-08-30T13:32:46.919791+00:00
HHLLHHH-LH,1,12531550081429929962,host_extinction,10,0,state-001-001-0000000.gz,20793821,291,compact_numpy_v1,ee6a78f884798442b70624bf215292b2aadfdf8d,/scratch/skremer/TE_World2-pilot/TE-Interaction-Experiments/HHLLHHH-LH/provenance-001-001.json,2026-08-30T13:32:46.903580+00:00
HHLLHHH-LH,2,1473295275889327693,host_extinction,10,0,state-002-001-0000000.gz,20793821,292,compact_numpy_v1,ee6a78f884798442b70624bf215292b2aadfdf8d,/scratch/skremer/TE_World2-pilot/TE-Interaction-Experiments/HHLLHHH-LH/provenance-002-001.json,2026-08-30T13:32:46.906706+00:00
HHLLHHH-LH,3,3950344071175038345,host_extinction,9,0,state-003-001-0000000.gz,20793821,293,compact_numpy_v1,ee6a78f884798442b70624bf215292b2aadfdf8d,/scratch/skremer/TE_World2-pilot/TE-Interaction-Experiments/HHLLHHH-LH/provenance-003-001.json,2026-08-30T13:32:46.909373+00:00
HHLLHHH-LL,1,5930540199547349445,host_extinction,10,0,state-001-001-0000000.gz,20793821,288,compact_numpy_v1,ee6a78f884798442b70624bf215292b2aadfdf8d,/scratch/skremer/TE_World2-pilot/TE-Interaction-Experiments/HHLLHHH-LL/provenance-001-001.json,2026-08-30T13:32:46.894101+00:00
HHLLHHH-LL,2,4633832541856596551,host_extinction,10,0,state-002-001-0000000.gz,20793821,289,compact_numpy_v1,ee6a78f884798442b70624bf215292b2aadfdf8d,/scratch/skremer/TE_World2-pilot/TE-Interaction-Experiments/HHLLHHH-LL/provenance-002-001.json,2026-08-30T13:32:46.896802+00:00
HHLLHHH-LL,3,7393800679740158909,host_extinction,10,0,state-003-001-0000000.gz,20793821,290,compact_numpy_v1,ee6a78f884798442b70624bf215292b2aadfdf8d,/scratch/skremer/TE_World2-pilot/TE-Interaction-Experiments/HHLLHHH-LL/provenance-003-001.json,2026-08-30T13:32:46.900482+00:00
HHLLHHL-HH,1,131731317114514756,host_extinction,18,0,state-001-001-0000000.gz,20793821,309,compact_numpy_v1,ee6a78f884798442b70624bf215292b2aadfdf8d,/scratch/skremer/TE_World2-pilot/TE-Interaction-Experiments/HHLLHHL-HH/provenance-001-001.json,2026-08-30T13:32:46.993844+00:00
HHLLHHL-HH,2,8061274895649948356,host_extinction,14,0,state-002-001-0000000.gz,20793821,310,compact_numpy_v1,ee6a78f884798442b70624bf215292b2aadfdf8d,/scratch/skremer/TE_World2-pilot/TE-Interaction-Experiments/HHLLHHL-HH/provenance-002-001.json,2026-08-30T13:32:46.996890+00:00
HHLLHHL-HH,3,11904601816131231511,host_extinction,15,0,state-003-001-0000000.gz,20793821,311,compact_numpy_v1,ee6a78f884798442b70624bf215292b2aadfdf8d,/scratch/skremer/TE_World2-pilot/TE-Interaction-Experiments/HHLLHHL-HH/provenance-003-001.json,2026-08-30T13:32:47.000170+00:00
HHLLHHL-HL,1,11437720682286738257,maximum_generations,1500,29,state-001-001-0001500.gz,20793821,306,compact_numpy_v1,ee6a78f884798442b70624bf215292b2aadfdf8d,/scratch/skremer/TE_World2-pilot/TE-Interaction-Experiments/HHLLHHL-HL/provenance-001-001.json,2026-08-30T13:32:46.970129+00:00
HHLLHHL-HL,2,7559470779817552936,host_extinction,19,0,state-002-001-0000000.gz,20793821,307,compact_numpy_v1,ee6a78f884798442b70624bf215292b2aadfdf8d,/scratch/skremer/TE_World2-pilot/TE-Interaction-Experiments/HHLLHHL-HL/provenance-002-001.json,2026-08-30T13:32:46.986605+00:00
HHLLHHL-HL,3,7652895779027968187,host_extinction,12,0,state-003-001-0000000.gz,20793821,308,compact_numpy_v1,ee6a78f884798442b70624bf215292b2aadfdf8d,/scratch/skremer/TE_World2-pilot/TE-Interaction-Experiments/HHLLHHL-HL/provenance-003-001.json,2026-08-30T13:32:46.991015+00:00
HHLLHHL-LH,1,507502853162904817,host_extinction,10,0,state-001-001-0000000.gz,20793821,303,compact_numpy_v1,ee6a78f884798442b70624bf215292b2aadfdf8d,/scratch/skremer/TE_World2-pilot/TE-Interaction-Experiments/HHLLHHL-LH/provenance-001-001.json,2026-08-30T13:32:46.959165+00:00
HHLLHHL-LH,2,8689083663494391037,host_extinction,9,0,state-002-001-0000000.gz,20793821,304,compact_numpy_v1,ee6a78f884798442b70624bf215292b2aadfdf8d,/scratch/skremer/TE_World2-pilot/TE-Interaction-Experiments/HHLLHHL-LH/provenance-002-001.json,2026-08-30T13:32:46.963557+00:00
HHLLHHL-LH,3,8204871098396479174,host_extinction,8,0,state-003-001-0000000.gz,20793821,305,compact_numpy_v1,ee6a78f884798442b70624bf215292b2aadfdf8d,/scratch/skremer/TE_World2-pilot/TE-Interaction-Experiments/HHLLHHL-LH/provenance-003-001.json,2026-08-30T13:32:46.966914+00:00
HHLLHHL-LL,1,15776908479565630025,host_extinction,9,0,state-001-001-0000000.gz,20793821,300,compact_numpy_v1,ee6a78f884798442b70624bf215292b2aadfdf8d,/scratch/skremer/TE_World2-pilot/TE-Interaction-Experiments/HHLLHHL-LL/provenance-001-001.json,2026-08-30T13:32:46.948966+00:00
HHLLHHL-LL,2,399314397674503515,host_extinction,8,0,state-002-001-0000000.gz,20793821,301,compact_numpy_v1,ee6a78f884798442b70624bf215292b2aadfdf8d,/scratch/skremer/TE_World2-pilot/TE-Interaction-Experiments/HHLLHHL-LL/provenance-002-001.json,2026-08-30T13:32:46.952046+00:00
HHLLHHL-LL,3,16568869770392597043,host_extinction,9,0,state-003-001-0000000.gz,20793821,302,compact_numpy_v1,ee6a78f884798442b70624bf215292b2aadfdf8d,/scratch/skremer/TE_World2-pilot/TE-Interaction-Experiments/HHLLHHL-LL/provenance-003-001.json,2026-08-30T13:32:46.955766+00:00
HHLLHLH-HH,1,9946708200118445686,checkpointed,271,295,state-001-001-0000271.gz,20793821,321,compact_numpy_v1,ee6a78f884798442b70624bf215292b2aadfdf8d,/scratch/skremer/TE_World2-pilot/TE-Interaction-Experiments/HHLLHLH-HH/provenance-001-001.json,2026-08-30T13:32:47.037342+00:00
HHLLHLH-HH,2,2200877366976322315,checkpointed,261,307,state-002-001-0000261.gz,20793821,322,compact_numpy_v1,ee6a78f884798442b70624bf215292b2aadfdf8d,/scratch/skremer/TE_World2-pilot/TE-Interaction-Experiments/HHLLHLH-HH/provenance-002-001.json,2026-08-30T13:32:47.042145+00:00
HHLLHLH-HH,3,3372751305094153163,checkpointed,265,293,state-003-001-0000265.gz,20793821,323,compact_numpy_v1,ee6a78f884798442b70624bf215292b2aadfdf8d,/scratch/skremer/TE_World2-pilot/TE-Interaction-Experiments/HHLLHLH-HH/provenance-003-001.json,2026-08-30T13:32:47.047305+00:00
HHLLHLH-HL,1,3594025253049172354,host_extinction,25,0,state-001-001-0000000.gz,20793821,318,compact_numpy_v1,ee6a78f884798442b70624bf215292b2aadfdf8d,/scratch/skremer/TE_World2-pilot/TE-Interaction-Experiments/HHLLHLH-HL/provenance-001-001.json,2026-08-30T13:32:47.021919+00:00
HHLLHLH-HL,2,13162579292557688390,checkpointed,271,303,state-002-001-0000271.gz,20793821,319,compact_numpy_v1,ee6a78f884798442b70624bf215292b2aadfdf8d,/scratch/skremer/TE_World2-pilot/TE-Interaction-Experiments/HHLLHLH-HL/provenance-002-001.json,2026-08-30T13:32:47.025898+00:00
HHLLHLH-HL,3,3025484954255694010,checkpointed,254,294,state-003-001-0000254.gz,20793821,320,compact_numpy_v1,ee6a78f884798442b70624bf215292b2aadfdf8d,/scratch/skremer/TE_World2-pilot/TE-Interaction-Experiments/HHLLHLH-HL/provenance-003-001.json,2026-08-30T13:32:47.031654+00:00
HHLLHLH-LH,1,15151417441883607126,host_extinction,11,0,state-001-001-0000000.gz,20793821,315,compact_numpy_v1,ee6a78f884798442b70624bf215292b2aadfdf8d,/scratch/skremer/TE_World2-pilot/TE-Interaction-Experiments/HHLLHLH-LH/provenance-001-001.json,2026-08-30T13:32:47.012941+00:00
HHLLHLH-LH,2,18148986235777395558,host_extinction,10,0,state-002-001-0000000.gz,20793821,316,compact_numpy_v1,ee6a78f884798442b70624bf215292b2aadfdf8d,/scratch/skremer/TE_World2-pilot/TE-Interaction-Experiments/HHLLHLH-LH/provenance-002-001.json,2026-08-30T13:32:47.015282+00:00
HHLLHLH-LH,3,17467020376669893606,host_extinction,10,0,state-003-001-0000000.gz,20793821,317,compact_numpy_v1,ee6a78f884798442b70624bf215292b2aadfdf8d,/scratch/skremer/TE_World2-pilot/TE-Interaction-Experiments/HHLLHLH-LH/provenance-003-001.json,2026-08-30T13:32:47.018264+00:00
HHLLHLH-LL,1,10847240189456598385,host_extinction,9,0,state-001-001-0000000.gz,20793821,312,compact_numpy_v1,ee6a78f884798442b70624bf215292b2aadfdf8d,/scratch/skremer/TE_World2-pilot/TE-Interaction-Experiments/HHLLHLH-LL/provenance-001-001.json,2026-08-30T13:32:47.003842+00:00
HHLLHLH-LL,2,13157671114554150672,host_extinction,10,0,state-002-001-0000000.gz,20793821,313,compact_numpy_v1,ee6a78f884798442b70624bf215292b2aadfdf8d,/scratch/skremer/TE_World2-pilot/TE-Interaction-Experiments/HHLLHLH-LL/provenance-002-001.json,2026-08-30T13:32:47.006528+00:00
HHLLHLH-LL,3,10156097387977094076,host_extinction,9,0,state-003-001-0000000.gz,20793821,314,compact_numpy_v1,ee6a78f884798442b70624bf215292b2aadfdf8d,/scratch/skremer/TE_World2-pilot/TE-Interaction-Experiments/HHLLHLH-LL/provenance-003-001.json,2026-08-30T13:32:47.009423+00:00
HHLLHLL-HH,1,15709014031865963486,host_extinction,21,0,state-001-001-0000000.gz,20793821,333,compact_numpy_v1,ee6a78f884798442b70624bf215292b2aadfdf8d,/scratch/skremer/TE_World2-pilot/TE-Interaction-Experiments/HHLLHLL-HH/provenance-001-001.json,2026-08-30T13:32:47.093199+00:00
HHLLHLL-HH,2,2659609376475859307,host_extinction,17,0,state-002-001-0000000.gz,20793821,334,compact_numpy_v1,ee6a78f884798442b70624bf215292b2aadfdf8d,/scratch/skremer/TE_World2-pilot/TE-Interaction-Experiments/HHLLHLL-HH/provenance-002-001.json,2026-08-30T13:32:47.096641+00:00
HHLLHLL-HH,3,9231607819963997727,checkpointed,1467,26,state-003-001-0001467.gz,20793821,335,compact_numpy_v1,ee6a78f884798442b70624bf215292b2aadfdf8d,/scratch/skremer/TE_World2-pilot/TE-Interaction-Experiments/HHLLHLL-HH/provenance-003-001.json,2026-08-30T13:32:47.100118+00:00
HHLLHLL-HL,1,414506335621125723,maximum_generations,1500,37,state-001-001-0001500.gz,20793821,330,compact_numpy_v1,ee6a78f884798442b70624bf215292b2aadfdf8d,/scratch/skremer/TE_World2-pilot/TE-Interaction-Experiments/HHLLHLL-HL/provenance-001-001.json,2026-08-30T13:32:47.070445+00:00
HHLLHLL-HL,2,2841259060478684299,host_extinction,18,0,state-002-001-0000000.gz,20793821,331,compact_numpy_v1,ee6a78f884798442b70624bf215292b2aadfdf8d,/scratch/skremer/TE_World2-pilot/TE-Interaction-Experiments/HHLLHLL-HL/provenance-002-001.json,2026-08-30T13:32:47.086223+00:00
HHLLHLL-HL,3,725837214327129020,host_extinction,16,0,state-003-001-0000000.gz,20793821,332,compact_numpy_v1,ee6a78f884798442b70624bf215292b2aadfdf8d,/scratch/skremer/TE_World2-pilot/TE-Interaction-Experiments/HHLLHLL-HL/provenance-003-001.json,2026-08-30T13:32:47.090024+00:00
HHLLHLL-LH,1,8985610010991656902,host_extinction,10,0,state-001-001-0000000.gz,20793821,327,compact_numpy_v1,ee6a78f884798442b70624bf215292b2aadfdf8d,/scratch/skremer/TE_World2-pilot/TE-Interaction-Experiments/HHLLHLL-LH/provenance-001-001.json,2026-08-30T13:32:47.061851+00:00
HHLLHLL-LH,2,16442711639081660182,host_extinction,8,0,state-002-001-0000000.gz,20793821,328,compact_numpy_v1,ee6a78f884798442b70624bf215292b2aadfdf8d,/scratch/skremer/TE_World2-pilot/TE-Interaction-Experiments/HHLLHLL-LH/provenance-002-001.json,2026-08-30T13:32:47.064445+00:00
HHLLHLL-LH,3,513652437603638441,host_extinction,9,0,state-003-001-0000000.gz,20793821,329,compact_numpy_v1,ee6a78f884798442b70624bf215292b2aadfdf8d,/scratch/skremer/TE_World2-pilot/TE-Interaction-Experiments/HHLLHLL-LH/provenance-003-001.json,2026-08-30T13:32:47.067229+00:00
HHLLHLL-LL,1,14942276064698466909,host_extinction,9,0,state-001-001-0000000.gz,20793821,324,compact_numpy_v1,ee6a78f884798442b70624bf215292b2aadfdf8d,/scratch/skremer/TE_World2-pilot/TE-Interaction-Experiments/HHLLHLL-LL/provenance-001-001.json,2026-08-30T13:32:47.053031+00:00
HHLLHLL-LL,2,15030761271950007904,host_extinction,8,0,state-002-001-0000000.gz,20793821,325,compact_numpy_v1,ee6a78f884798442b70624bf215292b2aadfdf8d,/scratch/skremer/TE_World2-pilot/TE-Interaction-Experiments/HHLLHLL-LL/provenance-002-001.json,2026-08-30T13:32:47.056125+00:00
HHLLHLL-LL,3,10999645507862875329,host_extinction,9,0,state-003-001-0000000.gz,20793821,326,compact_numpy_v1,ee6a78f884798442b70624bf215292b2aadfdf8d,/scratch/skremer/TE_World2-pilot/TE-Interaction-Experiments/HHLLHLL-LL/provenance-003-001.json,2026-08-30T13:32:47.059374+00:00
HHLLLHH-HH,1,8893775249302235408,host_extinction,9,0,state-001-001-0000000.gz,20793821,345,compact_numpy_v1,ee6a78f884798442b70624bf215292b2aadfdf8d,/scratch/skremer/TE_World2-pilot/TE-Interaction-Experiments/HHLLLHH-HH/provenance-001-001.json,2026-08-30T13:32:47.153327+00:00
HHLLLHH-HH,2,7132298160162239968,host_extinction,10,0,state-002-001-0000000.gz,20793821,346,compact_numpy_v1,ee6a78f884798442b70624bf215292b2aadfdf8d,/scratch/skremer/TE_World2-pilot/TE-Interaction-Experiments/HHLLLHH-HH/provenance-002-001.json,2026-08-30T13:32:47.155719+00:00
HHLLLHH-HH,3,8691325039567929873,host_extinction,10,0,state-003-001-0000000.gz,20793821,347,compact_numpy_v1,ee6a78f884798442b70624bf215292b2aadfdf8d,/scratch/skremer/TE_World2-pilot/TE-Interaction-Experiments/HHLLLHH-HH/provenance-003-001.json,2026-08-30T13:32:47.158247+00:00
HHLLLHH-HL,1,6981743296199803767,maximum_generations,1500,322,state-001-001-0001500.gz,20793821,342,compact_numpy_v1,ee6a78f884798442b70624bf215292b2aadfdf8d,/scratch/skremer/TE_World2-pilot/TE-Interaction-Experiments/HHLLLHH-HL/provenance-001-001.json,2026-08-30T13:32:47.132589+00:00
HHLLLHH-HL,2,10499029760254219829,host_extinction,9,0,state-002-001-0000000.gz,20793821,343,compact_numpy_v1,ee6a78f884798442b70624bf215292b2aadfdf8d,/scratch/skremer/TE_World2-pilot/TE-Interaction-Experiments/HHLLLHH-HL/provenance-002-001.json,2026-08-30T13:32:47.147197+00:00
HHLLLHH-HL,3,440542672633093646,host_extinction,7,0,state-003-001-0000000.gz,20793821,344,compact_numpy_v1,ee6a78f884798442b70624bf215292b2aadfdf8d,/scratch/skremer/TE_World2-pilot/TE-Interaction-Experiments/HHLLLHH-HL/provenance-003-001.json,2026-08-30T13:32:47.150124+00:00
HHLLLHH-LH,1,4134123203680235300,host_extinction,7,0,state-001-001-0000000.gz,20793821,339,compact_numpy_v1,ee6a78f884798442b70624bf215292b2aadfdf8d,/scratch/skremer/TE_World2-pilot/TE-Interaction-Experiments/HHLLLHH-LH/provenance-001-001.json,2026-08-30T13:32:47.124710+00:00
HHLLLHH-LH,2,16825049919743430234,host_extinction,8,0,state-002-001-0000000.gz,20793821,340,compact_numpy_v1,ee6a78f884798442b70624bf215292b2aadfdf8d,/scratch/skremer/TE_World2-pilot/TE-Interaction-Experiments/HHLLLHH-LH/provenance-002-001.json,2026-08-30T13:32:47.127417+00:00
HHLLLHH-LH,3,16585099704452983606,host_extinction,7,0,state-003-001-0000000.gz,20793821,341,compact_numpy_v1,ee6a78f884798442b70624bf215292b2aadfdf8d,/scratch/skremer/TE_World2-pilot/TE-Interaction-Experiments/HHLLLHH-LH/provenance-003-001.json,2026-08-30T13:32:47.130198+00:00
HHLLLHH-LL,1,1047243124763809755,host_extinction,7,0,state-001-001-0000000.gz,20793821,336,compact_numpy_v1,ee6a78f884798442b70624bf215292b2aadfdf8d,/scratch/skremer/TE_World2-pilot/TE-Interaction-Experiments/HHLLLHH-LL/provenance-001-001.json,2026-08-30T13:32:47.115328+00:00
HHLLLHH-LL,2,9546706463903873987,host_extinction,8,0,state-002-001-0000000.gz,20793821,337,compact_numpy_v1,ee6a78f884798442b70624bf215292b2aadfdf8d,/scratch/skremer/TE_World2-pilot/TE-Interaction-Experiments/HHLLLHH-LL/provenance-002-001.json,2026-08-30T13:32:47.118604+00:00
HHLLLHH-LL,3,3195058029451376661,host_extinction,8,0,state-003-001-0000000.gz,20793821,338,compact_numpy_v1,ee6a78f884798442b70624bf215292b2aadfdf8d,/scratch/skremer/TE_World2-pilot/TE-Interaction-Experiments/HHLLLHH-LL/provenance-003-001.json,2026-08-30T13:32:47.121384+00:00
HHLLLHL-HH,1,13047719681244844602,host_extinction,6,0,state-001-001-0000000.gz,20793821,357,compact_numpy_v1,ee6a78f884798442b70624bf215292b2aadfdf8d,/scratch/skremer/TE_World2-pilot/TE-Interaction-Experiments/HHLLLHL-HH/provenance-001-001.json,2026-08-30T13:32:47.187947+00:00
HHLLLHL-HH,2,16061160463462528125,host_extinction,8,0,state-002-001-0000000.gz,20793821,358,compact_numpy_v1,ee6a78f884798442b70624bf215292b2aadfdf8d,/scratch/skremer/TE_World2-pilot/TE-Interaction-Experiments/HHLLLHL-HH/provenance-002-001.json,2026-08-30T13:32:47.190565+00:00
HHLLLHL-HH,3,18113904625843229964,host_extinction,7,0,state-003-001-0000000.gz,20793821,359,compact_numpy_v1,ee6a78f884798442b70624bf215292b2aadfdf8d,/scratch/skremer/TE_World2-pilot/TE-Interaction-Experiments/HHLLLHL-HH/provenance-003-001.json,2026-08-30T13:32:47.193816+00:00
HHLLLHL-HL,1,18007036627831210187,host_extinction,6,0,state-001-001-0000000.gz,20793821,354,compact_numpy_v1,ee6a78f884798442b70624bf215292b2aadfdf8d,/scratch/skremer/TE_World2-pilot/TE-Interaction-Experiments/HHLLLHL-HL/provenance-001-001.json,2026-08-30T13:32:47.178626+00:00
HHLLLHL-HL,2,8092045537741119337,host_extinction,6,0,state-002-001-0000000.gz,20793821,355,compact_numpy_v1,ee6a78f884798442b70624bf215292b2aadfdf8d,/scratch/skremer/TE_World2-pilot/TE-Interaction-Experiments/HHLLLHL-HL/provenance-002-001.json,2026-08-30T13:32:47.181487+00:00
HHLLLHL-HL,3,17906562921111746619,host_extinction,5,0,state-003-001-0000000.gz,20793821,356,compact_numpy_v1,ee6a78f884798442b70624bf215292b2aadfdf8d,/scratch/skremer/TE_World2-pilot/TE-Interaction-Experiments/HHLLLHL-HL/provenance-003-001.json,2026-08-30T13:32:47.184778+00:00
HHLLLHL-LH,1,18052452323296224442,host_extinction,7,0,state-001-001-0000000.gz,20793821,351,compact_numpy_v1,ee6a78f884798442b70624bf215292b2aadfdf8d,/scratch/skremer/TE_World2-pilot/TE-Interaction-Experiments/HHLLLHL-LH/provenance-001-001.json,2026-08-30T13:32:47.170852+00:00
HHLLLHL-LH,2,11356177862481382037,host_extinction,6,0,state-002-001-0000000.gz,20793821,352,compact_numpy_v1,ee6a78f884798442b70624bf215292b2aadfdf8d,/scratch/skremer/TE_World2-pilot/TE-Interaction-Experiments/HHLLLHL-LH/provenance-002-001.json,2026-08-30T13:32:47.173394+00:00
HHLLLHL-LH,3,12074468385835935675,host_extinction,6,0,state-003-001-0000000.gz,20793821,353,compact_numpy_v1,ee6a78f884798442b70624bf215292b2aadfdf8d,/scratch/skremer/TE_World2-pilot/TE-Interaction-Experiments/HHLLLHL-LH/provenance-003-001.json,2026-08-30T13:32:47.175987+00:00
HHLLLHL-LL,1,16076595610301762327,host_extinction,5,0,state-001-001-0000000.gz,20793821,348,compact_numpy_v1,ee6a78f884798442b70624bf215292b2aadfdf8d,/scratch/skremer/TE_World2-pilot/TE-Interaction-Experiments/HHLLLHL-LL/provenance-001-001.json,2026-08-30T13:32:47.161063+00:00
HHLLLHL-LL,2,5440134581253022145,host_extinction,5,0,state-002-001-0000000.gz,20793821,349,compact_numpy_v1,ee6a78f884798442b70624bf215292b2aadfdf8d,/scratch/skremer/TE_World2-pilot/TE-Interaction-Experiments/HHLLLHL-LL/provenance-002-001.json,2026-08-30T13:32:47.164123+00:00
HHLLLHL-LL,3,14652853748543552977,host_extinction,6,0,state-003-001-0000000.gz,20793821,350,compact_numpy_v1,ee6a78f884798442b70624bf215292b2aadfdf8d,/scratch/skremer/TE_World2-pilot/TE-Interaction-Experiments/HHLLLHL-LL/provenance-003-001.json,2026-08-30T13:32:47.167907+00:00
HHLLLLH-HH,1,2409641399051523500,host_extinction,9,0,state-001-001-0000000.gz,20793821,369,compact_numpy_v1,ee6a78f884798442b70624bf215292b2aadfdf8d,/scratch/skremer/TE_World2-pilot/TE-Interaction-Experiments/HHLLLLH-HH/provenance-001-001.json,2026-08-30T13:32:47.246284+00:00
HHLLLLH-HH,2,6570758561702911718,host_extinction,10,0,state-002-001-0000000.gz,20793821,370,compact_numpy_v1,ee6a78f884798442b70624bf215292b2aadfdf8d,/scratch/skremer/TE_World2-pilot/TE-Interaction-Experiments/HHLLLLH-HH/provenance-002-001.json,2026-08-30T13:32:47.249784+00:00
HHLLLLH-HH,3,2273795792556653693,host_extinction,10,0,state-003-001-0000000.gz,20793821,371,compact_numpy_v1,ee6a78f884798442b70624bf215292b2aadfdf8d,/scratch/skremer/TE_World2-pilot/TE-Interaction-Experiments/HHLLLLH-HH/provenance-003-001.json,2026-08-30T13:32:47.252964+00:00
HHLLLLH-HL,1,4017183559212692132,host_extinction,7,0,state-001-001-0000000.gz,20793821,366,compact_numpy_v1,ee6a78f884798442b70624bf215292b2aadfdf8d,/scratch/skremer/TE_World2-pilot/TE-Interaction-Experiments/HHLLLLH-HL/provenance-001-001.json,2026-08-30T13:32:47.225456+00:00
HHLLLLH-HL,2,17951380551115074780,host_extinction,7,0,state-002-001-0000000.gz,20793821,367,compact_numpy_v1,ee6a78f884798442b70624bf215292b2aadfdf8d,/scratch/skremer/TE_World2-pilot/TE-Interaction-Experiments/HHLLLLH-HL/provenance-002-001.json,2026-08-30T13:32:47.228193+00:00
HHLLLLH-HL,3,14499783708066441478,maximum_generations,1500,285,state-003-001-0001500.gz,20793821,368,compact_numpy_v1,ee6a78f884798442b70624bf215292b2aadfdf8d,/scratch/skremer/TE_World2-pilot/TE-Interaction-Experiments/HHLLLLH-HL/provenance-003-001.json,2026-08-30T13:32:47.232142+00:00
HHLLLLH-LH,1,18296038202551977445,host_extinction,7,0,state-001-001-0000000.gz,20793821,363,compact_numpy_v1,ee6a78f884798442b70624bf215292b2aadfdf8d,/scratch/skremer/TE_World2-pilot/TE-Interaction-Experiments/HHLLLLH-LH/provenance-001-001.json,2026-08-30T13:32:47.216350+00:00
HHLLLLH-LH,2,7582862748550838751,host_extinction,7,0,state-002-001-0000000.gz,20793821,364,compact_numpy_v1,ee6a78f884798442b70624bf215292b2aadfdf8d,/scratch/skremer/TE_World2-pilot/TE-Interaction-Experiments/HHLLLLH-LH/provenance-002-001.json,2026-08-30T13:32:47.219359+00:00
HHLLLLH-LH,3,6932512460408788214,host_extinction,7,0,state-003-001-0000000.gz,20793821,365,compact_numpy_v1,ee6a78f884798442b70624bf215292b2aadfdf8d,/scratch/skremer/TE_World2-pilot/TE-Interaction-Experiments/HHLLLLH-LH/provenance-003-001.json,2026-08-30T13:32:47.223156+00:00
HHLLLLH-LL,1,1422201102291549035,host_extinction,7,0,state-001-001-0000000.gz,20793821,360,compact_numpy_v1,ee6a78f884798442b70624bf215292b2aadfdf8d,/scratch/skremer/TE_World2-pilot/TE-Interaction-Experiments/HHLLLLH-LL/provenance-001-001.json,2026-08-30T13:32:47.197229+00:00
HHLLLLH-LL,2,11983881844224922213,host_extinction,6,0,state-002-001-0000000.gz,20793821,361,compact_numpy_v1,ee6a78f884798442b70624bf215292b2aadfdf8d,/scratch/skremer/TE_World2-pilot/TE-Interaction-Experiments/HHLLLLH-LL/provenance-002-001.json,2026-08-30T13:32:47.200563+00:00
HHLLLLH-LL,3,499730606252857500,te_extinction,1174,300,state-003-001-0001150.gz,20793821,362,compact_numpy_v1,ee6a78f884798442b70624bf215292b2aadfdf8d,/scratch/skremer/TE_World2-pilot/TE-Interaction-Experiments/HHLLLLH-LL/provenance-003-001.json,2026-08-30T13:32:47.204483+00:00
HHLLLLL-HH,1,14199527703146213565,host_extinction,8,0,state-001-001-0000000.gz,20793821,381,compact_numpy_v1,ee6a78f884798442b70624bf215292b2aadfdf8d,/scratch/skremer/TE_World2-pilot/TE-Interaction-Experiments/HHLLLLL-HH/provenance-001-001.json,2026-08-30T13:32:47.304033+00:00
HHLLLLL-HH,2,7505362646486606068,host_extinction,6,0,state-002-001-0000000.gz,20793821,382,compact_numpy_v1,ee6a78f884798442b70624bf215292b2aadfdf8d,/scratch/skremer/TE_World2-pilot/TE-Interaction-Experiments/HHLLLLL-HH/provenance-002-001.json,2026-08-30T13:32:47.306461+00:00
HHLLLLL-HH,3,11420602534184292321,host_extinction,9,0,state-003-001-0000000.gz,20793821,383,compact_numpy_v1,ee6a78f884798442b70624bf215292b2aadfdf8d,/scratch/skremer/TE_World2-pilot/TE-Interaction-Experiments/HHLLLLL-HH/provenance-003-001.json,2026-08-30T13:32:47.309675+00:00
HHLLLLL-HL,1,11008633347671763002,host_extinction,6,0,state-001-001-0000000.gz,20793821,378,compact_numpy_v1,ee6a78f884798442b70624bf215292b2aadfdf8d,/scratch/skremer/TE_World2-pilot/TE-Interaction-Experiments/HHLLLLL-HL/provenance-001-001.json,2026-08-30T13:32:47.295371+00:00
HHLLLLL-HL,2,16385352755084312777,host_extinction,5,0,state-002-001-0000000.gz,20793821,379,compact_numpy_v1,ee6a78f884798442b70624bf215292b2aadfdf8d,/scratch/skremer/TE_World2-pilot/TE-Interaction-Experiments/HHLLLLL-HL/provenance-002-001.json,2026-08-30T13:32:47.297879+00:00
HHLLLLL-HL,3,7326831343686047133,host_extinction,7,0,state-003-001-0000000.gz,20793821,380,compact_numpy_v1,ee6a78f884798442b70624bf215292b2aadfdf8d,/scratch/skremer/TE_World2-pilot/TE-Interaction-Experiments/HHLLLLL-HL/provenance-003-001.json,2026-08-30T13:32:47.300987+00:00
HHLLLLL-LH,1,16932920927114181359,host_extinction,6,0,state-001-001-0000000.gz,20793821,375,compact_numpy_v1,ee6a78f884798442b70624bf215292b2aadfdf8d,/scratch/skremer/TE_World2-pilot/TE-Interaction-Experiments/HHLLLLL-LH/provenance-001-001.json,2026-08-30T13:32:47.274225+00:00
HHLLLLL-LH,2,895682748038628899,maximum_generations,1500,30,state-002-001-0001500.gz,20793821,376,compact_numpy_v1,ee6a78f884798442b70624bf215292b2aadfdf8d,/scratch/skremer/TE_World2-pilot/TE-Interaction-Experiments/HHLLLLL-LH/provenance-002-001.json,2026-08-30T13:32:47.277094+00:00
HHLLLLL-LH,3,2623113681501345473,host_extinction,5,0,state-003-001-0000000.gz,20793821,377,compact_numpy_v1,ee6a78f884798442b70624bf215292b2aadfdf8d,/scratch/skremer/TE_World2-pilot/TE-Interaction-Experiments/HHLLLLL-LH/provenance-003-001.json,2026-08-30T13:32:47.291862+00:00
HHLLLLL-LL,1,14387042313750055701,host_extinction,7,0,state-001-001-0000000.gz,20793821,372,compact_numpy_v1,ee6a78f884798442b70624bf215292b2aadfdf8d,/scratch/skremer/TE_World2-pilot/TE-Interaction-Experiments/HHLLLLL-LL/provenance-001-001.json,2026-08-30T13:32:47.257386+00:00
HHLLLLL-LL,2,2732313655439462651,host_extinction,6,0,state-002-001-0000000.gz,20793821,373,compact_numpy_v1,ee6a78f884798442b70624bf215292b2aadfdf8d,/scratch/skremer/TE_World2-pilot/TE-Interaction-Experiments/HHLLLLL-LL/provenance-002-001.json,2026-08-30T13:32:47.264470+00:00
HHLLLLL-LL,3,12405926866360288331,host_extinction,6,0,state-003-001-0000000.gz,20793821,374,compact_numpy_v1,ee6a78f884798442b70624bf215292b2aadfdf8d,/scratch/skremer/TE_World2-pilot/TE-Interaction-Experiments/HHLLLLL-LL/provenance-003-001.json,2026-08-30T13:32:47.270014+00:00
HLHHHHH-HH,1,8555554709521838133,host_extinction,11,0,state-001-001-0000000.gz,20793821,393,compact_numpy_v1,ee6a78f884798442b70624bf215292b2aadfdf8d,/scratch/skremer/TE_World2-pilot/TE-Interaction-Experiments/HLHHHHH-HH/provenance-001-001.json,2026-08-30T13:32:47.366837+00:00
HLHHHHH-HH,2,13150085821810585463,te_extinction,821,318,state-002-001-0000800.gz,20793821,394,compact_numpy_v1,ee6a78f884798442b70624bf215292b2aadfdf8d,/scratch/skremer/TE_World2-pilot/TE-Interaction-Experiments/HLHHHHH-HH/provenance-002-001.json,2026-08-30T13:32:47.370485+00:00
HLHHHHH-HH,3,9357334607009658117,te_extinction,424,310,state-003-001-0000400.gz,20793821,395,compact_numpy_v1,ee6a78f884798442b70624bf215292b2aadfdf8d,/scratch/skremer/TE_World2-pilot/TE-Interaction-Experiments/HLHHHHH-HH/provenance-003-001.json,2026-08-30T13:32:47.379709+00:00
HLHHHHH-HL,1,4099808483953818719,te_extinction,737,290,state-001-001-0000700.gz,20793821,390,compact_numpy_v1,ee6a78f884798442b70624bf215292b2aadfdf8d,/scratch/skremer/TE_World2-pilot/TE-Interaction-Experiments/HLHHHHH-HL/provenance-001-001.json,2026-08-30T13:32:47.348885+00:00
HLHHHHH-HL,2,2540635065420121098,te_extinction,320,296,state-002-001-0000300.gz,20793821,391,compact_numpy_v1,ee6a78f884798442b70624bf215292b2aadfdf8d,/scratch/skremer/TE_World2-pilot/TE-Interaction-Experiments/HLHHHHH-HL/provenance-002-001.json,2026-08-30T13:32:47.357804+00:00
HLHHHHH-HL,3,17380215045320360802,host_extinction,7,0,state-003-001-0000000.gz,20793821,392,compact_numpy_v1,ee6a78f884798442b70624bf215292b2aadfdf8d,/scratch/skremer/TE_World2-pilot/TE-Interaction-Experiments/HLHHHHH-HL/provenance-003-001.json,2026-08-30T13:32:47.363258+00:00
HLHHHHH-LH,1,9717318587332239779,host_extinction,7,0,state-001-001-0000000.gz,20793821,387,compact_numpy_v1,ee6a78f884798442b70624bf215292b2aadfdf8d,/scratch/skremer/TE_World2-pilot/TE-Interaction-Experiments/HLHHHHH-LH/provenance-001-001.json,2026-08-30T13:32:47.329112+00:00
HLHHHHH-LH,2,13166182664214849381,te_extinction,578,311,state-002-001-0000550.gz,20793821,388,compact_numpy_v1,ee6a78f884798442b70624bf215292b2aadfdf8d,/scratch/skremer/TE_World2-pilot/TE-Interaction-Experiments/HLHHHHH-LH/provenance-002-001.json,2026-08-30T13:32:47.332816+00:00
HLHHHHH-LH,3,11115541215256740135,te_extinction,585,280,state-003-001-0000550.gz,20793821,389,compact_numpy_v1,ee6a78f884798442b70624bf215292b2aadfdf8d,/scratch/skremer/TE_World2-pilot/TE-Interaction-Experiments/HLHHHHH-LH/provenance-003-001.json,2026-08-30T13:32:47.340865+00:00
HLHHHHH-LL,1,7009951022095076159,te_extinction,229,296,state-001-001-0000200.gz,20793821,384,compact_numpy_v1,ee6a78f884798442b70624bf215292b2aadfdf8d,/scratch/skremer/TE_World2-pilot/TE-Interaction-Experiments/HLHHHHH-LL/provenance-001-001.json,2026-08-30T13:32:47.313062+00:00
HLHHHHH-LL,2,8549824596792429741,te_extinction,385,300,state-002-001-0000350.gz,20793821,385,compact_numpy_v1,ee6a78f884798442b70624bf215292b2aadfdf8d,/scratch/skremer/TE_World2-pilot/TE-Interaction-Experiments/HLHHHHH-LL/provenance-002-001.json,2026-08-30T13:32:47.319542+00:00
HLHHHHH-LL,3,1430035444472250048,te_extinction,111,293,state-003-001-0000100.gz,20793821,386,compact_numpy_v1,ee6a78f884798442b70624bf215292b2aadfdf8d,/scratch/skremer/TE_World2-pilot/TE-Interaction-Experiments/HLHHHHH-LL/provenance-003-001.json,2026-08-30T13:32:47.325303+00:00
HLHHHHL-HH,1,5285365335701478011,host_extinction,11,0,state-001-001-0000000.gz,20793821,405,compact_numpy_v1,ee6a78f884798442b70624bf215292b2aadfdf8d,/scratch/skremer/TE_World2-pilot/TE-Interaction-Experiments/HLHHHHL-HH/provenance-001-001.json,2026-08-30T13:32:47.419815+00:00
HLHHHHL-HH,2,13738753011653242941,host_extinction,9,0,state-002-001-0000000.gz,20793821,406,compact_numpy_v1,ee6a78f884798442b70624bf215292b2aadfdf8d,/scratch/skremer/TE_World2-pilot/TE-Interaction-Experiments/HLHHHHL-HH/provenance-002-001.json,2026-08-30T13:32:47.422941+00:00
HLHHHHL-HH,3,13986810191497310563,host_extinction,7,0,state-003-001-0000000.gz,20793821,407,compact_numpy_v1,ee6a78f884798442b70624bf215292b2aadfdf8d,/scratch/skremer/TE_World2-pilot/TE-Interaction-Experiments/HLHHHHL-HH/provenance-003-001.json,2026-08-30T13:32:47.425953+00:00
HLHHHHL-HL,1,1982322436685571672,host_extinction,6,0,state-001-001-0000000.gz,20793821,402,compact_numpy_v1,ee6a78f884798442b70624bf215292b2aadfdf8d,/scratch/skremer/TE_World2-pilot/TE-Interaction-Experiments/HLHHHHL-HL/provenance-001-001.json,2026-08-30T13:32:47.409515+00:00
HLHHHHL-HL,2,9067819645049205735,host_extinction,7,0,state-002-001-0000000.gz,20793821,403,compact_numpy_v1,ee6a78f884798442b70624bf215292b2aadfdf8d,/scratch/skremer/TE_World2-pilot/TE-Interaction-Experiments/HLHHHHL-HL/provenance-002-001.json,2026-08-30T13:32:47.412630+00:00
HLHHHHL-HL,3,15457020281318829110,host_extinction,7,0,state-003-001-0000000.gz,20793821,404,compact_numpy_v1,ee6a78f884798442b70624bf215292b2aadfdf8d,/scratch/skremer/TE_World2-pilot/TE-Interaction-Experiments/HLHHHHL-HL/provenance-003-001.json,2026-08-30T13:32:47.416448+00:00
HLHHHHL-LH,1,10937611737910071566,host_extinction,7,0,state-001-001-0000000.gz,20793821,399,compact_numpy_v1,ee6a78f884798442b70624bf215292b2aadfdf8d,/scratch/skremer/TE_World2-pilot/TE-Interaction-Experiments/HLHHHHL-LH/provenance-001-001.json,2026-08-30T13:32:47.397395+00:00
HLHHHHL-LH,2,10613322398932215888,te_extinction,109,28,state-002-001-0000100.gz,20793821,400,compact_numpy_v1,ee6a78f884798442b70624bf215292b2aadfdf8d,/scratch/skremer/TE_World2-pilot/TE-Interaction-Experiments/HLHHHHL-LH/provenance-002-001.json,2026-08-30T13:32:47.400254+00:00
HLHHHHL-LH,3,13795619403651967063,te_extinction,241,35,state-003-001-0000200.gz,20793821,401,compact_numpy_v1,ee6a78f884798442b70624bf215292b2aadfdf8d,/scratch/skremer/TE_World2-pilot/TE-Interaction-Experiments/HLHHHHL-LH/provenance-003-001.json,2026-08-30T13:32:47.403812+00:00
HLHHHHL-LL,1,13756514452710202280,host_extinction,6,0,state-001-001-0000000.gz,20793821,396,compact_numpy_v1,ee6a78f884798442b70624bf215292b2aadfdf8d,/scratch/skremer/TE_World2-pilot/TE-Interaction-Experiments/HLHHHHL-LL/provenance-001-001.json,2026-08-30T13:32:47.386056+00:00
HLHHHHL-LL,2,11903380866967320635,te_extinction,375,31,state-002-001-0000350.gz,20793821,397,compact_numpy_v1,ee6a78f884798442b70624bf215292b2aadfdf8d,/scratch/skremer/TE_World2-pilot/TE-Interaction-Experiments/HLHHHHL-LL/provenance-002-001.json,2026-08-30T13:32:47.388980+00:00
HLHHHHL-LL,3,2530736882220958219,host_extinction,7,0,state-003-001-0000000.gz,20793821,398,compact_numpy_v1,ee6a78f884798442b70624bf215292b2aadfdf8d,/scratch/skremer/TE_World2-pilot/TE-Interaction-Experiments/HLHHHHL-LL/provenance-003-001.json,2026-08-30T13:32:47.394264+00:00
HLHHHLH-HH,1,16350400258037748651,te_extinction,457,304,state-001-001-0000450.gz,20793821,417,compact_numpy_v1,ee6a78f884798442b70624bf215292b2aadfdf8d,/scratch/skremer/TE_World2-pilot/TE-Interaction-Experiments/HLHHHLH-HH/provenance-001-001.json,2026-08-30T13:32:47.496525+00:00
HLHHHLH-HH,2,8718933093667884757,te_extinction,1122,305,state-002-001-0001100.gz,20793821,418,compact_numpy_v1,ee6a78f884798442b70624bf215292b2aadfdf8d,/scratch/skremer/TE_World2-pilot/TE-Interaction-Experiments/HLHHHLH-HH/provenance-002-001.json,2026-08-30T13:32:47.503831+00:00
HLHHHLH-HH,3,16203274392726073735,host_extinction,9,0,state-003-001-0000000.gz,20793821,419,compact_numpy_v1,ee6a78f884798442b70624bf215292b2aadfdf8d,/scratch/skremer/TE_World2-pilot/TE-Interaction-Experiments/HLHHHLH-HH/provenance-003-001.json,2026-08-30T13:32:47.516016+00:00
HLHHHLH-HL,1,3426940572234672737,te_extinction,545,295,state-001-001-0000500.gz,20793821,414,compact_numpy_v1,ee6a78f884798442b70624bf215292b2aadfdf8d,/scratch/skremer/TE_World2-pilot/TE-Interaction-Experiments/HLHHHLH-HL/provenance-001-001.json,2026-08-30T13:32:47.476070+00:00
HLHHHLH-HL,2,14685636749275329660,te_extinction,437,285,state-002-001-0000400.gz,20793821,415,compact_numpy_v1,ee6a78f884798442b70624bf215292b2aadfdf8d,/scratch/skremer/TE_World2-pilot/TE-Interaction-Experiments/HLHHHLH-HL/provenance-002-001.json,2026-08-30T13:32:47.483061+00:00
HLHHHLH-HL,3,297618192077799719,te_extinction,282,303,state-003-001-0000250.gz,20793821,416,compact_numpy_v1,ee6a78f884798442b70624bf215292b2aadfdf8d,/scratch/skremer/TE_World2-pilot/TE-Interaction-Experiments/HLHHHLH-HL/provenance-003-001.json,2026-08-30T13:32:47.490732+00:00
HLHHHLH-LH,1,14277816864092266261,te_extinction,965,292,state-001-001-0000950.gz,20793821,411,compact_numpy_v1,ee6a78f884798442b70624bf215292b2aadfdf8d,/scratch/skremer/TE_World2-pilot/TE-Interaction-Experiments/HLHHHLH-LH/provenance-001-001.json,2026-08-30T13:32:47.449253+00:00
HLHHHLH-LH,2,748578765099144492,te_extinction,834,302,state-002-001-0000800.gz,20793821,412,compact_numpy_v1,ee6a78f884798442b70624bf215292b2aadfdf8d,/scratch/skremer/TE_World2-pilot/TE-Interaction-Experiments/HLHHHLH-LH/provenance-002-001.json,2026-08-30T13:32:47.459461+00:00
HLHHHLH-LH,3,3505219060398902450,te_extinction,490,302,state-003-001-0000450.gz,20793821,413,compact_numpy_v1,ee6a78f884798442b70624bf215292b2aadfdf8d,/scratch/skremer/TE_World2-pilot/TE-Interaction-Experiments/HLHHHLH-LH/provenance-003-001.json,2026-08-30T13:32:47.469317+00:00
HLHHHLH-LL,1,6933459074242062178,host_extinction,7,0,state-001-001-0000000.gz,20793821,408,compact_numpy_v1,ee6a78f884798442b70624bf215292b2aadfdf8d,/scratch/skremer/TE_World2-pilot/TE-Interaction-Experiments/HLHHHLH-LL/provenance-001-001.json,2026-08-30T13:32:47.429560+00:00
HLHHHLH-LL,2,12595503780680823589,te_extinction,945,300,state-002-001-0000900.gz,20793821,409,compact_numpy_v1,ee6a78f884798442b70624bf215292b2aadfdf8d,/scratch/skremer/TE_World2-pilot/TE-Interaction-Experiments/HLHHHLH-LL/provenance-002-001.json,2026-08-30T13:32:47.432804+00:00
HLHHHLH-LL,3,15301347106147915019,te_extinction,284,295,state-003-001-0000250.gz,20793821,410,compact_numpy_v1,ee6a78f884798442b70624bf215292b2aadfdf8d,/scratch/skremer/TE_World2-pilot/TE-Interaction-Experiments/HLHHHLH-LL/provenance-003-001.json,2026-08-30T13:32:47.444258+00:00
HLHHHLL-HH,1,17289437124029401088,host_extinction,7,0,state-001-001-0000000.gz,20793821,429,compact_numpy_v1,ee6a78f884798442b70624bf215292b2aadfdf8d,/scratch/skremer/TE_World2-pilot/TE-Interaction-Experiments/HLHHHLL-HH/provenance-001-001.json,2026-08-30T13:32:47.563452+00:00
HLHHHLL-HH,2,15388826139651940407,host_extinction,8,0,state-002-001-0000000.gz,20793821,430,compact_numpy_v1,ee6a78f884798442b70624bf215292b2aadfdf8d,/scratch/skremer/TE_World2-pilot/TE-Interaction-Experiments/HLHHHLL-HH/provenance-002-001.json,2026-08-30T13:32:47.567504+00:00
HLHHHLL-HH,3,12710930736394115935,host_extinction,7,0,state-003-001-0000000.gz,20793821,431,compact_numpy_v1,ee6a78f884798442b70624bf215292b2aadfdf8d,/scratch/skremer/TE_World2-pilot/TE-Interaction-Experiments/HLHHHLL-HH/provenance-003-001.json,2026-08-30T13:32:47.571340+00:00
HLHHHLL-HL,1,5312255020735226886,te_extinction,163,27,state-001-001-0000150.gz,20793821,426,compact_numpy_v1,ee6a78f884798442b70624bf215292b2aadfdf8d,/scratch/skremer/TE_World2-pilot/TE-Interaction-Experiments/HLHHHLL-HL/provenance-001-001.json,2026-08-30T13:32:47.549639+00:00
HLHHHLL-HL,2,10068701104369318988,te_extinction,188,37,state-002-001-0000150.gz,20793821,427,compact_numpy_v1,ee6a78f884798442b70624bf215292b2aadfdf8d,/scratch/skremer/TE_World2-pilot/TE-Interaction-Experiments/HLHHHLL-HL/provenance-002-001.json,2026-08-30T13:32:47.554746+00:00
HLHHHLL-HL,3,3982750285825663276,host_extinction,6,0,state-003-001-0000000.gz,20793821,428,compact_numpy_v1,ee6a78f884798442b70624bf215292b2aadfdf8d,/scratch/skremer/TE_World2-pilot/TE-Interaction-Experiments/HLHHHLL-HL/provenance-003-001.json,2026-08-30T13:32:47.559298+00:00
HLHHHLL-LH,1,2836081233038326530,host_extinction,6,0,state-001-001-0000000.gz,20793821,423,compact_numpy_v1,ee6a78f884798442b70624bf215292b2aadfdf8d,/scratch/skremer/TE_World2-pilot/TE-Interaction-Experiments/HLHHHLL-LH/provenance-001-001.json,2026-08-30T13:32:47.530302+00:00
HLHHHLL-LH,2,15682395241406022849,host_extinction,6,0,state-002-001-0000000.gz,20793821,424,compact_numpy_v1,ee6a78f884798442b70624bf215292b2aadfdf8d,/scratch/skremer/TE_World2-pilot/TE-Interaction-Experiments/HLHHHLL-LH/provenance-002-001.json,2026-08-30T13:32:47.535353+00:00
HLHHHLL-LH,3,1213375607079137833,te_extinction,586,27,state-003-001-0000550.gz,20793821,425,compact_numpy_v1,ee6a78f884798442b70624bf215292b2aadfdf8d,/scratch/skremer/TE_World2-pilot/TE-Interaction-Experiments/HLHHHLL-LH/provenance-003-001.json,2026-08-30T13:32:47.540219+00:00
HLHHHLL-LL,1,10437616327678799070,host_extinction,6,0,state-001-001-0000000.gz,20793821,420,compact_numpy_v1,ee6a78f884798442b70624bf215292b2aadfdf8d,/scratch/skremer/TE_World2-pilot/TE-Interaction-Experiments/HLHHHLL-LL/provenance-001-001.json,2026-08-30T13:32:47.520584+00:00
HLHHHLL-LL,2,18222357413184185391,host_extinction,6,0,state-002-001-0000000.gz,20793821,421,compact_numpy_v1,ee6a78f884798442b70624bf215292b2aadfdf8d,/scratch/skremer/TE_World2-pilot/TE-Interaction-Experiments/HLHHHLL-LL/provenance-002-001.json,2026-08-30T13:32:47.523397+00:00
HLHHHLL-LL,3,8322421861961549599,host_extinction,6,0,state-003-001-0000000.gz,20793821,422,compact_numpy_v1,ee6a78f884798442b70624bf215292b2aadfdf8d,/scratch/skremer/TE_World2-pilot/TE-Interaction-Experiments/HLHHHLL-LL/provenance-003-001.json,2026-08-30T13:32:47.526659+00:00
HLHHLHH-HH,1,13553652936205749210,te_extinction,545,295,state-001-001-0000500.gz,20793821,441,compact_numpy_v1,ee6a78f884798442b70624bf215292b2aadfdf8d,/scratch/skremer/TE_World2-pilot/TE-Interaction-Experiments/HLHHLHH-HH/provenance-001-001.json,2026-08-30T13:32:47.627644+00:00
HLHHLHH-HH,2,9423111680453085597,te_extinction,171,289,state-002-001-0000150.gz,20793821,442,compact_numpy_v1,ee6a78f884798442b70624bf215292b2aadfdf8d,/scratch/skremer/TE_World2-pilot/TE-Interaction-Experiments/HLHHLHH-HH/provenance-002-001.json,2026-08-30T13:32:47.634723+00:00
HLHHLHH-HH,3,296278167348014028,host_extinction,8,0,state-003-001-0000000.gz,20793821,443,compact_numpy_v1,ee6a78f884798442b70624bf215292b2aadfdf8d,/scratch/skremer/TE_World2-pilot/TE-Interaction-Experiments/HLHHLHH-HH/provenance-003-001.json,2026-08-30T13:32:47.639557+00:00
HLHHLHH-HL,1,11711851237255347691,te_extinction,136,316,state-001-001-0000100.gz,20793821,438,compact_numpy_v1,ee6a78f884798442b70624bf215292b2aadfdf8d,/scratch/skremer/TE_World2-pilot/TE-Interaction-Experiments/HLHHLHH-HL/provenance-001-001.json,2026-08-30T13:32:47.609361+00:00
HLHHLHH-HL,2,10021673623038851955,te_extinction,285,292,state-002-001-0000250.gz,20793821,439,compact_numpy_v1,ee6a78f884798442b70624bf215292b2aadfdf8d,/scratch/skremer/TE_World2-pilot/TE-Interaction-Experiments/HLHHLHH-HL/provenance-002-001.json,2026-08-30T13:32:47.614186+00:00
HLHHLHH-HL,3,1648155452046468848,te_extinction,511,320,state-003-001-0000500.gz,20793821,440,compact_numpy_v1,ee6a78f884798442b70624bf215292b2aadfdf8d,/scratch/skremer/TE_World2-pilot/TE-Interaction-Experiments/HLHHLHH-HL/provenance-003-001.json,2026-08-30T13:32:47.619417+00:00
HLHHLHH-LH,1,9129226910689175299,host_extinction,5,0,state-001-001-0000000.gz,20793821,435,compact_numpy_v1,ee6a78f884798442b70624bf215292b2aadfdf8d,/scratch/skremer/TE_World2-pilot/TE-Interaction-Experiments/HLHHLHH-LH/provenance-001-001.json,2026-08-30T13:32:47.588817+00:00
HLHHLHH-LH,2,730998687581927345,te_extinction,448,299,state-002-001-0000400.gz,20793821,436,compact_numpy_v1,ee6a78f884798442b70624bf215292b2aadfdf8d,/scratch/skremer/TE_World2-pilot/TE-Interaction-Experiments/HLHHLHH-LH/provenance-002-001.json,2026-08-30T13:32:47.594651+00:00
HLHHLHH-LH,3,1681289957258301331,te_extinction,491,309,state-003-001-0000450.gz,20793821,437,compact_numpy_v1,ee6a78f884798442b70624bf215292b2aadfdf8d,/scratch/skremer/TE_World2-pilot/TE-Interaction-Experiments/HLHHLHH-LH/provenance-003-001.json,2026-08-30T13:32:47.602062+00:00
HLHHLHH-LL,1,11034354959500416725,te_extinction,171,315,state-001-001-0000150.gz,20793821,432,compact_numpy_v1,ee6a78f884798442b70624bf215292b2aadfdf8d,/scratch/skremer/TE_World2-pilot/TE-Interaction-Experiments/HLHHLHH-LL/provenance-001-001.json,2026-08-30T13:32:47.574601+00:00
HLHHLHH-LL,2,8701611066572888837,te_extinction,130,281,state-002-001-0000100.gz,20793821,433,compact_numpy_v1,ee6a78f884798442b70624bf215292b2aadfdf8d,/scratch/skremer/TE_World2-pilot/TE-Interaction-Experiments/HLHHLHH-LL/provenance-002-001.json,2026-08-30T13:32:47.580067+00:00
HLHHLHH-LL,3,925653465575062089,te_extinction,232,312,state-003-001-0000200.gz,20793821,434,compact_numpy_v1,ee6a78f884798442b70624bf215292b2aadfdf8d,/scratch/skremer/TE_World2-pilot/TE-Interaction-Experiments/HLHHLHH-LL/provenance-003-001.json,2026-08-30T13:32:47.583372+00:00
HLHHLHL-HH,1,4219561815551167375,te_extinction,418,26,state-001-001-0000400.gz,20793821,453,compact_numpy_v1,ee6a78f884798442b70624bf215292b2aadfdf8d,/scratch/skremer/TE_World2-pilot/TE-Interaction-Experiments/HLHHLHL-HH/provenance-001-001.json,2026-08-30T13:32:47.678757+00:00
HLHHLHL-HH,2,13546475892174475539,te_extinction,134,33,state-002-001-0000100.gz,20793821,454,compact_numpy_v1,ee6a78f884798442b70624bf215292b2aadfdf8d,/scratch/skremer/TE_World2-pilot/TE-Interaction-Experiments/HLHHLHL-HH/provenance-002-001.json,2026-08-30T13:32:47.684482+00:00
HLHHLHL-HH,3,17969031066417675908,host_extinction,5,0,state-003-001-0000000.gz,20793821,455,compact_numpy_v1,ee6a78f884798442b70624bf215292b2aadfdf8d,/scratch/skremer/TE_World2-pilot/TE-Interaction-Experiments/HLHHLHL-HH/provenance-003-001.json,2026-08-30T13:32:47.688703+00:00
HLHHLHL-HL,1,10340848208062904313,host_extinction,5,0,state-001-001-0000000.gz,20793821,450,compact_numpy_v1,ee6a78f884798442b70624bf215292b2aadfdf8d,/scratch/skremer/TE_World2-pilot/TE-Interaction-Experiments/HLHHLHL-HL/provenance-001-001.json,2026-08-30T13:32:47.667629+00:00
HLHHLHL-HL,2,3500387255391507496,host_extinction,4,0,state-002-001-0000000.gz,20793821,451,compact_numpy_v1,ee6a78f884798442b70624bf215292b2aadfdf8d,/scratch/skremer/TE_World2-pilot/TE-Interaction-Experiments/HLHHLHL-HL/provenance-002-001.json,2026-08-30T13:32:47.670549+00:00
HLHHLHL-HL,3,12222548644291497864,te_extinction,59,28,state-003-001-0000050.gz,20793821,452,compact_numpy_v1,ee6a78f884798442b70624bf215292b2aadfdf8d,/scratch/skremer/TE_World2-pilot/TE-Interaction-Experiments/HLHHLHL-HL/provenance-003-001.json,2026-08-30T13:32:47.674507+00:00
HLHHLHL-LH,1,6073251218972478252,host_extinction,4,0,state-001-001-0000000.gz,20793821,447,compact_numpy_v1,ee6a78f884798442b70624bf215292b2aadfdf8d,/scratch/skremer/TE_World2-pilot/TE-Interaction-Experiments/HLHHLHL-LH/provenance-001-001.json,2026-08-30T13:32:47.657455+00:00
HLHHLHL-LH,2,7334599670897149314,host_extinction,6,0,state-002-001-0000000.gz,20793821,448,compact_numpy_v1,ee6a78f884798442b70624bf215292b2aadfdf8d,/scratch/skremer/TE_World2-pilot/TE-Interaction-Experiments/HLHHLHL-LH/provenance-002-001.json,2026-08-30T13:32:47.660419+00:00
HLHHLHL-LH,3,849974573195135063,host_extinction,5,0,state-003-001-0000000.gz,20793821,449,compact_numpy_v1,ee6a78f884798442b70624bf215292b2aadfdf8d,/scratch/skremer/TE_World2-pilot/TE-Interaction-Experiments/HLHHLHL-LH/provenance-003-001.json,2026-08-30T13:32:47.663251+00:00
HLHHLHL-LL,1,340719840980123703,te_extinction,194,33,state-001-001-0000150.gz,20793821,444,compact_numpy_v1,ee6a78f884798442b70624bf215292b2aadfdf8d,/scratch/skremer/TE_World2-pilot/TE-Interaction-Experiments/HLHHLHL-LL/provenance-001-001.json,2026-08-30T13:32:47.643567+00:00
HLHHLHL-LL,2,1335780799602411215,host_extinction,4,0,state-002-001-0000000.gz,20793821,445,compact_numpy_v1,ee6a78f884798442b70624bf215292b2aadfdf8d,/scratch/skremer/TE_World2-pilot/TE-Interaction-Experiments/HLHHLHL-LL/provenance-002-001.json,2026-08-30T13:32:47.648700+00:00
HLHHLHL-LL,3,4585539955892859214,te_extinction,169,34,state-003-001-0000150.gz,20793821,446,compact_numpy_v1,ee6a78f884798442b70624bf215292b2aadfdf8d,/scratch/skremer/TE_World2-pilot/TE-Interaction-Experiments/HLHHLHL-LL/provenance-003-001.json,2026-08-30T13:32:47.652165+00:00
HLHHLLH-HH,1,2338467837822280200,te_extinction,278,300,state-001-001-0000250.gz,20793821,465,compact_numpy_v1,ee6a78f884798442b70624bf215292b2aadfdf8d,/scratch/skremer/TE_World2-pilot/TE-Interaction-Experiments/HLHHLLH-HH/provenance-001-001.json,2026-08-30T13:32:47.748536+00:00
HLHHLLH-HH,2,11225750003011478554,te_extinction,388,294,state-002-001-0000350.gz,20793821,466,compact_numpy_v1,ee6a78f884798442b70624bf215292b2aadfdf8d,/scratch/skremer/TE_World2-pilot/TE-Interaction-Experiments/HLHHLLH-HH/provenance-002-001.json,2026-08-30T13:32:47.754838+00:00
HLHHLLH-HH,3,1856713285896947692,te_extinction,824,320,state-003-001-0000800.gz,20793821,467,compact_numpy_v1,ee6a78f884798442b70624bf215292b2aadfdf8d,/scratch/skremer/TE_World2-pilot/TE-Interaction-Experiments/HLHHLLH-HH/provenance-003-001.json,2026-08-30T13:32:47.760681+00:00
HLHHLLH-HL,1,17609771938563479593,host_extinction,7,0,state-001-001-0000000.gz,20793821,462,compact_numpy_v1,ee6a78f884798442b70624bf215292b2aadfdf8d,/scratch/skremer/TE_World2-pilot/TE-Interaction-Experiments/HLHHLLH-HL/provenance-001-001.json,2026-08-30T13:32:47.729731+00:00
HLHHLLH-HL,2,14797423385744854447,te_extinction,468,273,state-002-001-0000450.gz,20793821,463,compact_numpy_v1,ee6a78f884798442b70624bf215292b2aadfdf8d,/scratch/skremer/TE_World2-pilot/TE-Interaction-Experiments/HLHHLLH-HL/provenance-002-001.json,2026-08-30T13:32:47.732665+00:00
HLHHLLH-HL,3,3897821093148951216,te_extinction,501,299,state-003-001-0000500.gz,20793821,464,compact_numpy_v1,ee6a78f884798442b70624bf215292b2aadfdf8d,/scratch/skremer/TE_World2-pilot/TE-Interaction-Experiments/HLHHLLH-HL/provenance-003-001.json,2026-08-30T13:32:47.740869+00:00
HLHHLLH-LH,1,8113463398931681629,te_extinction,615,310,state-001-001-0000600.gz,20793821,459,compact_numpy_v1,ee6a78f884798442b70624bf215292b2aadfdf8d,/scratch/skremer/TE_World2-pilot/TE-Interaction-Experiments/HLHHLLH-LH/provenance-001-001.json,2026-08-30T13:32:47.708293+00:00
HLHHLLH-LH,2,15863105632246814749,te_extinction,328,286,state-002-001-0000300.gz,20793821,460,compact_numpy_v1,ee6a78f884798442b70624bf215292b2aadfdf8d,/scratch/skremer/TE_World2-pilot/TE-Interaction-Experiments/HLHHLLH-LH/provenance-002-001.json,2026-08-30T13:32:47.716164+00:00
HLHHLLH-LH,3,5582769914819847402,te_extinction,516,288,state-003-001-0000500.gz,20793821,461,compact_numpy_v1,ee6a78f884798442b70624bf215292b2aadfdf8d,/scratch/skremer/TE_World2-pilot/TE-Interaction-Experiments/HLHHLLH-LH/provenance-003-001.json,2026-08-30T13:32:47.722056+00:00
HLHHLLH-LL,1,13232078907783014806,te_extinction,320,299,state-001-001-0000300.gz,20793821,456,compact_numpy_v1,ee6a78f884798442b70624bf215292b2aadfdf8d,/scratch/skremer/TE_World2-pilot/TE-Interaction-Experiments/HLHHLLH-LL/provenance-001-001.json,2026-08-30T13:32:47.692710+00:00
HLHHLLH-LL,2,10820816695606378152,te_extinction,330,309,state-002-001-0000300.gz,20793821,457,compact_numpy_v1,ee6a78f884798442b70624bf215292b2aadfdf8d,/scratch/skremer/TE_World2-pilot/TE-Interaction-Experiments/HLHHLLH-LL/provenance-002-001.json,2026-08-30T13:32:47.698989+00:00
HLHHLLH-LL,3,17215642717347852606,host_extinction,5,0,state-003-001-0000000.gz,20793821,458,compact_numpy_v1,ee6a78f884798442b70624bf215292b2aadfdf8d,/scratch/skremer/TE_World2-pilot/TE-Interaction-Experiments/HLHHLLH-LL/provenance-003-001.json,2026-08-30T13:32:47.704441+00:00
HLHHLLL-HH,1,11293968666223487050,te_extinction,579,31,state-001-001-0000550.gz,20793821,477,compact_numpy_v1,ee6a78f884798442b70624bf215292b2aadfdf8d,/scratch/skremer/TE_World2-pilot/TE-Interaction-Experiments/HLHHLLL-HH/provenance-001-001.json,2026-08-30T13:32:47.798438+00:00
HLHHLLL-HH,2,16139094311855577569,host_extinction,6,0,state-002-001-0000000.gz,20793821,478,compact_numpy_v1,ee6a78f884798442b70624bf215292b2aadfdf8d,/scratch/skremer/TE_World2-pilot/TE-Interaction-Experiments/HLHHLLL-HH/provenance-002-001.json,2026-08-30T13:32:47.805660+00:00
HLHHLLL-HH,3,17663340266669980782,te_extinction,307,31,state-003-001-0000300.gz,20793821,479,compact_numpy_v1,ee6a78f884798442b70624bf215292b2aadfdf8d,/scratch/skremer/TE_World2-pilot/TE-Interaction-Experiments/HLHHLLL-HH/provenance-003-001.json,2026-08-30T13:32:47.808095+00:00
HLHHLLL-HL,1,12488968039471927976,host_extinction,5,0,state-001-001-0000000.gz,20793821,474,compact_numpy_v1,ee6a78f884798442b70624bf215292b2aadfdf8d,/scratch/skremer/TE_World2-pilot/TE-Interaction-Experiments/HLHHLLL-HL/provenance-001-001.json,2026-08-30T13:32:47.788672+00:00
HLHHLLL-HL,2,18124306161251463795,host_extinction,4,0,state-002-001-0000000.gz,20793821,475,compact_numpy_v1,ee6a78f884798442b70624bf215292b2aadfdf8d,/scratch/skremer/TE_World2-pilot/TE-Interaction-Experiments/HLHHLLL-HL/provenance-002-001.json,2026-08-30T13:32:47.792450+00:00
HLHHLLL-HL,3,11826137737870223083,host_extinction,5,0,state-003-001-0000000.gz,20793821,476,compact_numpy_v1,ee6a78f884798442b70624bf215292b2aadfdf8d,/scratch/skremer/TE_World2-pilot/TE-Interaction-Experiments/HLHHLLL-HL/provenance-003-001.json,2026-08-30T13:32:47.795252+00:00
HLHHLLL-LH,1,7700336224592249236,host_extinction,4,0,state-001-001-0000000.gz,20793821,471,compact_numpy_v1,ee6a78f884798442b70624bf215292b2aadfdf8d,/scratch/skremer/TE_World2-pilot/TE-Interaction-Experiments/HLHHLLL-LH/provenance-001-001.json,2026-08-30T13:32:47.778989+00:00
HLHHLLL-LH,2,13097148006336499322,host_extinction,4,0,state-002-001-0000000.gz,20793821,472,compact_numpy_v1,ee6a78f884798442b70624bf215292b2aadfdf8d,/scratch/skremer/TE_World2-pilot/TE-Interaction-Experiments/HLHHLLL-LH/provenance-002-001.json,2026-08-30T13:32:47.782327+00:00
HLHHLLL-LH,3,17412835710730148856,host_extinction,5,0,state-003-001-0000000.gz,20793821,473,compact_numpy_v1,ee6a78f884798442b70624bf215292b2aadfdf8d,/scratch/skremer/TE_World2-pilot/TE-Interaction-Experiments/HLHHLLL-LH/provenance-003-001.json,2026-08-30T13:32:47.785430+00:00
HLHHLLL-LL,1,13695556520832838938,te_extinction,121,21,state-001-001-0000100.gz,20793821,468,compact_numpy_v1,ee6a78f884798442b70624bf215292b2aadfdf8d,/scratch/skremer/TE_World2-pilot/TE-Interaction-Experiments/HLHHLLL-LL/provenance-001-001.json,2026-08-30T13:32:47.769975+00:00
HLHHLLL-LL,2,8816907446602032837,host_extinction,5,0,state-002-001-0000000.gz,20793821,469,compact_numpy_v1,ee6a78f884798442b70624bf215292b2aadfdf8d,/scratch/skremer/TE_World2-pilot/TE-Interaction-Experiments/HLHHLLL-LL/provenance-002-001.json,2026-08-30T13:32:47.773395+00:00
HLHHLLL-LL,3,12072632037735509891,host_extinction,4,0,state-003-001-0000000.gz,20793821,470,compact_numpy_v1,ee6a78f884798442b70624bf215292b2aadfdf8d,/scratch/skremer/TE_World2-pilot/TE-Interaction-Experiments/HLHHLLL-LL/provenance-003-001.json,2026-08-30T13:32:47.775679+00:00
HLHLHHH-HH,1,1411920860961383791,checkpointed,258,291,state-001-001-0000258.gz,20793821,489,compact_numpy_v1,ee6a78f884798442b70624bf215292b2aadfdf8d,/scratch/skremer/TE_World2-pilot/TE-Interaction-Experiments/HLHLHHH-HH/provenance-001-001.json,2026-08-30T13:32:47.857381+00:00
HLHLHHH-HH,2,12619730943704193743,checkpointed,246,288,state-002-001-0000246.gz,20793821,490,compact_numpy_v1,ee6a78f884798442b70624bf215292b2aadfdf8d,/scratch/skremer/TE_World2-pilot/TE-Interaction-Experiments/HLHLHHH-HH/provenance-002-001.json,2026-08-30T13:32:47.862196+00:00
HLHLHHH-HH,3,9474305979165810443,checkpointed,250,275,state-003-001-0000250.gz,20793821,491,compact_numpy_v1,ee6a78f884798442b70624bf215292b2aadfdf8d,/scratch/skremer/TE_World2-pilot/TE-Interaction-Experiments/HLHLHHH-HH/provenance-003-001.json,2026-08-30T13:32:47.866980+00:00
HLHLHHH-HL,1,5035363645066369532,checkpointed,256,300,state-001-001-0000256.gz,20793821,486,compact_numpy_v1,ee6a78f884798442b70624bf215292b2aadfdf8d,/scratch/skremer/TE_World2-pilot/TE-Interaction-Experiments/HLHLHHH-HL/provenance-001-001.json,2026-08-30T13:32:47.841826+00:00
HLHLHHH-HL,2,16601132329058437398,checkpointed,314,282,state-002-001-0000314.gz,20793821,487,compact_numpy_v1,ee6a78f884798442b70624bf215292b2aadfdf8d,/scratch/skremer/TE_World2-pilot/TE-Interaction-Experiments/HLHLHHH-HL/provenance-002-001.json,2026-08-30T13:32:47.846503+00:00
HLHLHHH-HL,3,13774060396737916475,checkpointed,224,288,state-003-001-0000224.gz,20793821,488,compact_numpy_v1,ee6a78f884798442b70624bf215292b2aadfdf8d,/scratch/skremer/TE_World2-pilot/TE-Interaction-Experiments/HLHLHHH-HL/provenance-003-001.json,2026-08-30T13:32:47.852667+00:00
HLHLHHH-LH,1,6206788202151594402,te_extinction,292,292,state-001-001-0000250.gz,20793821,483,compact_numpy_v1,ee6a78f884798442b70624bf215292b2aadfdf8d,/scratch/skremer/TE_World2-pilot/TE-Interaction-Experiments/HLHLHHH-LH/provenance-001-001.json,2026-08-30T13:32:47.828881+00:00
HLHLHHH-LH,2,12170919529781126908,host_extinction,30,0,state-002-001-0000000.gz,20793821,484,compact_numpy_v1,ee6a78f884798442b70624bf215292b2aadfdf8d,/scratch/skremer/TE_World2-pilot/TE-Interaction-Experiments/HLHLHHH-LH/provenance-002-001.json,2026-08-30T13:32:47.833919+00:00
HLHLHHH-LH,3,1478703772263955813,checkpointed,141,279,state-003-001-0000141.gz,20793821,485,compact_numpy_v1,ee6a78f884798442b70624bf215292b2aadfdf8d,/scratch/skremer/TE_World2-pilot/TE-Interaction-Experiments/HLHLHHH-LH/provenance-003-001.json,2026-08-30T13:32:47.837374+00:00
HLHLHHH-LL,1,1879266847233166613,te_extinction,288,315,state-001-001-0000250.gz,20793821,480,compact_numpy_v1,ee6a78f884798442b70624bf215292b2aadfdf8d,/scratch/skremer/TE_World2-pilot/TE-Interaction-Experiments/HLHLHHH-LL/provenance-001-001.json,2026-08-30T13:32:47.813734+00:00
HLHLHHH-LL,2,7787958516212385448,te_extinction,261,315,state-002-001-0000250.gz,20793821,481,compact_numpy_v1,ee6a78f884798442b70624bf215292b2aadfdf8d,/scratch/skremer/TE_World2-pilot/TE-Interaction-Experiments/HLHLHHH-LL/provenance-002-001.json,2026-08-30T13:32:47.818836+00:00
HLHLHHH-LL,3,1596309065973985520,te_extinction,234,314,state-003-001-0000200.gz,20793821,482,compact_numpy_v1,ee6a78f884798442b70624bf215292b2aadfdf8d,/scratch/skremer/TE_World2-pilot/TE-Interaction-Experiments/HLHLHHH-LL/provenance-003-001.json,2026-08-30T13:32:47.824299+00:00
HLHLHHL-HH,1,2528903465304074542,checkpointed,1476,25,state-001-001-0001476.gz,20793821,501,compact_numpy_v1,ee6a78f884798442b70624bf215292b2aadfdf8d,/scratch/skremer/TE_World2-pilot/TE-Interaction-Experiments/HLHLHHL-HH/provenance-001-001.json,2026-08-30T13:32:47.965633+00:00
HLHLHHL-HH,2,14323014183821440472,maximum_generations,1500,37,state-002-001-0001500.gz,20793821,502,compact_numpy_v1,ee6a78f884798442b70624bf215292b2aadfdf8d,/scratch/skremer/TE_World2-pilot/TE-Interaction-Experiments/HLHLHHL-HH/provenance-002-001.json,2026-08-30T13:32:47.980981+00:00
HLHLHHL-HH,3,8668245574421017707,maximum_generations,1500,30,state-003-001-0001500.gz,20793821,503,compact_numpy_v1,ee6a78f884798442b70624bf215292b2aadfdf8d,/scratch/skremer/TE_World2-pilot/TE-Interaction-Experiments/HLHLHHL-HH/provenance-003-001.json,2026-08-30T13:32:47.996790+00:00
HLHLHHL-HL,1,10839721130080535295,checkpointed,1392,31,state-001-001-0001392.gz,20793821,498,compact_numpy_v1,ee6a78f884798442b70624bf215292b2aadfdf8d,/scratch/skremer/TE_World2-pilot/TE-Interaction-Experiments/HLHLHHL-HL/provenance-001-001.json,2026-08-30T13:32:47.915334+00:00
HLHLHHL-HL,2,16072067799640574831,maximum_generations,1500,31,state-002-001-0001500.gz,20793821,499,compact_numpy_v1,ee6a78f884798442b70624bf215292b2aadfdf8d,/scratch/skremer/TE_World2-pilot/TE-Interaction-Experiments/HLHLHHL-HL/provenance-002-001.json,2026-08-30T13:32:47.932364+00:00
HLHLHHL-HL,3,8376031668860160031,maximum_generations,1500,36,state-003-001-0001500.gz,20793821,500,compact_numpy_v1,ee6a78f884798442b70624bf215292b2aadfdf8d,/scratch/skremer/TE_World2-pilot/TE-Interaction-Experiments/HLHLHHL-HL/provenance-003-001.json,2026-08-30T13:32:47.948776+00:00
HLHLHHL-LH,1,4216456360564089800,host_extinction,12,0,state-001-001-0000000.gz,20793821,495,compact_numpy_v1,ee6a78f884798442b70624bf215292b2aadfdf8d,/scratch/skremer/TE_World2-pilot/TE-Interaction-Experiments/HLHLHHL-LH/provenance-001-001.json,2026-08-30T13:32:47.897626+00:00
HLHLHHL-LH,2,15015196778585693135,checkpointed,860,35,state-002-001-0000860.gz,20793821,496,compact_numpy_v1,ee6a78f884798442b70624bf215292b2aadfdf8d,/scratch/skremer/TE_World2-pilot/TE-Interaction-Experiments/HLHLHHL-LH/provenance-002-001.json,2026-08-30T13:32:47.900414+00:00
HLHLHHL-LH,3,358155075075521321,host_extinction,19,0,state-003-001-0000000.gz,20793821,497,compact_numpy_v1,ee6a78f884798442b70624bf215292b2aadfdf8d,/scratch/skremer/TE_World2-pilot/TE-Interaction-Experiments/HLHLHHL-LH/provenance-003-001.json,2026-08-30T13:32:47.911110+00:00
HLHLHHL-LL,1,8934041699246091286,host_extinction,12,0,state-001-001-0000000.gz,20793821,492,compact_numpy_v1,ee6a78f884798442b70624bf215292b2aadfdf8d,/scratch/skremer/TE_World2-pilot/TE-Interaction-Experiments/HLHLHHL-LL/provenance-001-001.json,2026-08-30T13:32:47.872740+00:00
HLHLHHL-LL,2,10801771796916563056,checkpointed,942,34,state-002-001-0000942.gz,20793821,493,compact_numpy_v1,ee6a78f884798442b70624bf215292b2aadfdf8d,/scratch/skremer/TE_World2-pilot/TE-Interaction-Experiments/HLHLHHL-LL/provenance-002-001.json,2026-08-30T13:32:47.875380+00:00
HLHLHHL-LL,3,10018878636171876963,te_extinction,860,30,state-003-001-0000850.gz,20793821,494,compact_numpy_v1,ee6a78f884798442b70624bf215292b2aadfdf8d,/scratch/skremer/TE_World2-pilot/TE-Interaction-Experiments/HLHLHHL-LL/provenance-003-001.json,2026-08-30T13:32:47.887968+00:00
HLHLHLH-HH,1,1389509193534740479,te_extinction,702,309,state-001-001-0000700.gz,20793821,513,compact_numpy_v1,ee6a78f884798442b70624bf215292b2aadfdf8d,/scratch/skremer/TE_World2-pilot/TE-Interaction-Experiments/HLHLHLH-HH/provenance-001-001.json,2026-08-30T13:32:48.062826+00:00
HLHLHLH-HH,2,18080338835114720951,checkpointed,260,296,state-002-001-0000260.gz,20793821,514,compact_numpy_v1,ee6a78f884798442b70624bf215292b2aadfdf8d,/scratch/skremer/TE_World2-pilot/TE-Interaction-Experiments/HLHLHLH-HH/provenance-002-001.json,2026-08-30T13:32:48.071031+00:00
HLHLHLH-HH,3,14272897308930798907,checkpointed,241,291,state-003-001-0000241.gz,20793821,515,compact_numpy_v1,ee6a78f884798442b70624bf215292b2aadfdf8d,/scratch/skremer/TE_World2-pilot/TE-Interaction-Experiments/HLHLHLH-HH/provenance-003-001.json,2026-08-30T13:32:48.076152+00:00
HLHLHLH-HL,1,15841109305292371498,te_extinction,422,302,state-001-001-0000400.gz,20793821,510,compact_numpy_v1,ee6a78f884798442b70624bf215292b2aadfdf8d,/scratch/skremer/TE_World2-pilot/TE-Interaction-Experiments/HLHLHLH-HL/provenance-001-001.json,2026-08-30T13:32:48.044928+00:00
HLHLHLH-HL,2,13373347795303212103,checkpointed,248,302,state-002-001-0000248.gz,20793821,511,compact_numpy_v1,ee6a78f884798442b70624bf215292b2aadfdf8d,/scratch/skremer/TE_World2-pilot/TE-Interaction-Experiments/HLHLHLH-HL/provenance-002-001.json,2026-08-30T13:32:48.051641+00:00
HLHLHLH-HL,3,14873140022900756843,te_extinction,429,311,state-003-001-0000400.gz,20793821,512,compact_numpy_v1,ee6a78f884798442b70624bf215292b2aadfdf8d,/scratch/skremer/TE_World2-pilot/TE-Interaction-Experiments/HLHLHLH-HL/provenance-003-001.json,2026-08-30T13:32:48.056364+00:00
HLHLHLH-LH,1,13664626190165521617,checkpointed,157,287,state-001-001-0000157.gz,20793821,507,compact_numpy_v1,ee6a78f884798442b70624bf215292b2aadfdf8d,/scratch/skremer/TE_World2-pilot/TE-Interaction-Experiments/HLHLHLH-LH/provenance-001-001.json,2026-08-30T13:32:48.027227+00:00
HLHLHLH-LH,2,570955180713692362,te_extinction,541,284,state-002-001-0000500.gz,20793821,508,compact_numpy_v1,ee6a78f884798442b70624bf215292b2aadfdf8d,/scratch/skremer/TE_World2-pilot/TE-Interaction-Experiments/HLHLHLH-LH/provenance-002-001.json,2026-08-30T13:32:48.031273+00:00
HLHLHLH-LH,3,18236592561928225794,te_extinction,496,292,state-003-001-0000450.gz,20793821,509,compact_numpy_v1,ee6a78f884798442b70624bf215292b2aadfdf8d,/scratch/skremer/TE_World2-pilot/TE-Interaction-Experiments/HLHLHLH-LH/provenance-003-001.json,2026-08-30T13:32:48.038097+00:00
HLHLHLH-LL,1,8531521882231954188,checkpointed,146,307,state-001-001-0000146.gz,20793821,504,compact_numpy_v1,ee6a78f884798442b70624bf215292b2aadfdf8d,/scratch/skremer/TE_World2-pilot/TE-Interaction-Experiments/HLHLHLH-LL/provenance-001-001.json,2026-08-30T13:32:48.013159+00:00
HLHLHLH-LL,2,3534087459496143836,host_extinction,19,0,state-002-001-0000000.gz,20793821,505,compact_numpy_v1,ee6a78f884798442b70624bf215292b2aadfdf8d,/scratch/skremer/TE_World2-pilot/TE-Interaction-Experiments/HLHLHLH-LL/provenance-002-001.json,2026-08-30T13:32:48.019207+00:00
HLHLHLH-LL,3,10093270467274745834,checkpointed,148,302,state-003-001-0000148.gz,20793821,506,compact_numpy_v1,ee6a78f884798442b70624bf215292b2aadfdf8d,/scratch/skremer/TE_World2-pilot/TE-Interaction-Experiments/HLHLHLH-LL/provenance-003-001.json,2026-08-30T13:32:48.022473+00:00
HLHLHLL-HH,1,11699099147434398591,maximum_generations,1500,31,state-001-001-0001500.gz,20793821,525,compact_numpy_v1,ee6a78f884798442b70624bf215292b2aadfdf8d,/scratch/skremer/TE_World2-pilot/TE-Interaction-Experiments/HLHLHLL-HH/provenance-001-001.json,2026-08-30T13:32:48.160351+00:00
HLHLHLL-HH,2,16638345539291393038,maximum_generations,1500,24,state-002-001-0001500.gz,20793821,526,compact_numpy_v1,ee6a78f884798442b70624bf215292b2aadfdf8d,/scratch/skremer/TE_World2-pilot/TE-Interaction-Experiments/HLHLHLL-HH/provenance-002-001.json,2026-08-30T13:32:48.176453+00:00
HLHLHLL-HH,3,10752933893733626322,maximum_generations,1500,29,state-003-001-0001500.gz,20793821,527,compact_numpy_v1,ee6a78f884798442b70624bf215292b2aadfdf8d,/scratch/skremer/TE_World2-pilot/TE-Interaction-Experiments/HLHLHLL-HH/provenance-003-001.json,2026-08-30T13:32:48.192895+00:00
HLHLHLL-HL,1,13577919411074066393,maximum_generations,1500,30,state-001-001-0001500.gz,20793821,522,compact_numpy_v1,ee6a78f884798442b70624bf215292b2aadfdf8d,/scratch/skremer/TE_World2-pilot/TE-Interaction-Experiments/HLHLHLL-HL/provenance-001-001.json,2026-08-30T13:32:48.109938+00:00
HLHLHLL-HL,2,7148105799511873054,maximum_generations,1500,29,state-002-001-0001500.gz,20793821,523,compact_numpy_v1,ee6a78f884798442b70624bf215292b2aadfdf8d,/scratch/skremer/TE_World2-pilot/TE-Interaction-Experiments/HLHLHLL-HL/provenance-002-001.json,2026-08-30T13:32:48.125807+00:00
HLHLHLL-HL,3,9969175227632001937,maximum_generations,1500,33,state-003-001-0001500.gz,20793821,524,compact_numpy_v1,ee6a78f884798442b70624bf215292b2aadfdf8d,/scratch/skremer/TE_World2-pilot/TE-Interaction-Experiments/HLHLHLL-HL/provenance-003-001.json,2026-08-30T13:32:48.141378+00:00
HLHLHLL-LH,1,13597806415141888391,host_extinction,13,0,state-001-001-0000000.gz,20793821,519,compact_numpy_v1,ee6a78f884798442b70624bf215292b2aadfdf8d,/scratch/skremer/TE_World2-pilot/TE-Interaction-Experiments/HLHLHLL-LH/provenance-001-001.json,2026-08-30T13:32:48.094581+00:00
HLHLHLL-LH,2,13269291212872688527,host_extinction,14,0,state-002-001-0000000.gz,20793821,520,compact_numpy_v1,ee6a78f884798442b70624bf215292b2aadfdf8d,/scratch/skremer/TE_World2-pilot/TE-Interaction-Experiments/HLHLHLL-LH/provenance-002-001.json,2026-08-30T13:32:48.097537+00:00
HLHLHLL-LH,3,13424901169063962190,checkpointed,847,28,state-003-001-0000847.gz,20793821,521,compact_numpy_v1,ee6a78f884798442b70624bf215292b2aadfdf8d,/scratch/skremer/TE_World2-pilot/TE-Interaction-Experiments/HLHLHLL-LH/provenance-003-001.json,2026-08-30T13:32:48.100232+00:00
HLHLHLL-LL,1,12097972868977540319,host_extinction,15,0,state-001-001-0000000.gz,20793821,516,compact_numpy_v1,ee6a78f884798442b70624bf215292b2aadfdf8d,/scratch/skremer/TE_World2-pilot/TE-Interaction-Experiments/HLHLHLL-LL/provenance-001-001.json,2026-08-30T13:32:48.081490+00:00
HLHLHLL-LL,2,18296375026854997457,host_extinction,12,0,state-002-001-0000000.gz,20793821,517,compact_numpy_v1,ee6a78f884798442b70624bf215292b2aadfdf8d,/scratch/skremer/TE_World2-pilot/TE-Interaction-Experiments/HLHLHLL-LL/provenance-002-001.json,2026-08-30T13:32:48.084491+00:00
HLHLHLL-LL,3,17704670607610202790,te_extinction,527,28,state-003-001-0000500.gz,20793821,518,compact_numpy_v1,ee6a78f884798442b70624bf215292b2aadfdf8d,/scratch/skremer/TE_World2-pilot/TE-Interaction-Experiments/HLHLHLL-LL/provenance-003-001.json,2026-08-30T13:32:48.087611+00:00
HLHLLHH-HH,1,3910209388303082998,te_extinction,622,298,state-001-001-0000600.gz,20793821,537,compact_numpy_v1,ee6a78f884798442b70624bf215292b2aadfdf8d,/scratch/skremer/TE_World2-pilot/TE-Interaction-Experiments/HLHLLHH-HH/provenance-001-001.json,2026-08-30T13:32:48.259973+00:00
HLHLLHH-HH,2,5679048716481871517,te_extinction,384,279,state-002-001-0000350.gz,20793821,538,compact_numpy_v1,ee6a78f884798442b70624bf215292b2aadfdf8d,/scratch/skremer/TE_World2-pilot/TE-Interaction-Experiments/HLHLLHH-HH/provenance-002-001.json,2026-08-30T13:32:48.269253+00:00
HLHLLHH-HH,3,1606993474124679106,te_extinction,918,309,state-003-001-0000900.gz,20793821,539,compact_numpy_v1,ee6a78f884798442b70624bf215292b2aadfdf8d,/scratch/skremer/TE_World2-pilot/TE-Interaction-Experiments/HLHLLHH-HH/provenance-003-001.json,2026-08-30T13:32:48.277033+00:00
HLHLLHH-HL,1,11987828296109549065,te_extinction,365,316,state-001-001-0000350.gz,20793821,534,compact_numpy_v1,ee6a78f884798442b70624bf215292b2aadfdf8d,/scratch/skremer/TE_World2-pilot/TE-Interaction-Experiments/HLHLLHH-HL/provenance-001-001.json,2026-08-30T13:32:48.239363+00:00
HLHLLHH-HL,2,14226851311755678527,te_extinction,196,292,state-002-001-0000150.gz,20793821,535,compact_numpy_v1,ee6a78f884798442b70624bf215292b2aadfdf8d,/scratch/skremer/TE_World2-pilot/TE-Interaction-Experiments/HLHLLHH-HL/provenance-002-001.json,2026-08-30T13:32:48.244501+00:00
HLHLLHH-HL,3,10610769533993364943,te_extinction,515,309,state-003-001-0000500.gz,20793821,536,compact_numpy_v1,ee6a78f884798442b70624bf215292b2aadfdf8d,/scratch/skremer/TE_World2-pilot/TE-Interaction-Experiments/HLHLLHH-HL/provenance-003-001.json,2026-08-30T13:32:48.250743+00:00
HLHLLHH-LH,1,184291843232454993,te_extinction,262,314,state-001-001-0000250.gz,20793821,531,compact_numpy_v1,ee6a78f884798442b70624bf215292b2aadfdf8d,/scratch/skremer/TE_World2-pilot/TE-Interaction-Experiments/HLHLLHH-LH/provenance-001-001.json,2026-08-30T13:32:48.221085+00:00
HLHLLHH-LH,2,4534945531783277736,te_extinction,239,311,state-002-001-0000200.gz,20793821,532,compact_numpy_v1,ee6a78f884798442b70624bf215292b2aadfdf8d,/scratch/skremer/TE_World2-pilot/TE-Interaction-Experiments/HLHLLHH-LH/provenance-002-001.json,2026-08-30T13:32:48.226397+00:00
HLHLLHH-LH,3,7167250190515293474,te_extinction,540,274,state-003-001-0000500.gz,20793821,533,compact_numpy_v1,ee6a78f884798442b70624bf215292b2aadfdf8d,/scratch/skremer/TE_World2-pilot/TE-Interaction-Experiments/HLHLLHH-LH/provenance-003-001.json,2026-08-30T13:32:48.231893+00:00
HLHLLHH-LL,1,3196489901838950815,host_extinction,10,0,state-001-001-0000000.gz,20793821,528,compact_numpy_v1,ee6a78f884798442b70624bf215292b2aadfdf8d,/scratch/skremer/TE_World2-pilot/TE-Interaction-Experiments/HLHLLHH-LL/provenance-001-001.json,2026-08-30T13:32:48.209586+00:00
HLHLLHH-LL,2,15788355687938000675,te_extinction,278,301,state-002-001-0000250.gz,20793821,529,compact_numpy_v1,ee6a78f884798442b70624bf215292b2aadfdf8d,/scratch/skremer/TE_World2-pilot/TE-Interaction-Experiments/HLHLLHH-LL/provenance-002-001.json,2026-08-30T13:32:48.212956+00:00
HLHLLHH-LL,3,14048899559897093685,host_extinction,9,0,state-003-001-0000000.gz,20793821,530,compact_numpy_v1,ee6a78f884798442b70624bf215292b2aadfdf8d,/scratch/skremer/TE_World2-pilot/TE-Interaction-Experiments/HLHLLHH-LL/provenance-003-001.json,2026-08-30T13:32:48.218277+00:00
HLHLLHL-HH,1,7751223074960960152,maximum_generations,1500,28,state-001-001-0001500.gz,20793821,549,compact_numpy_v1,ee6a78f884798442b70624bf215292b2aadfdf8d,/scratch/skremer/TE_World2-pilot/TE-Interaction-Experiments/HLHLLHL-HH/provenance-001-001.json,2026-08-30T13:32:48.318621+00:00
HLHLLHL-HH,2,7948871957709773924,te_extinction,406,29,state-002-001-0000400.gz,20793821,550,compact_numpy_v1,ee6a78f884798442b70624bf215292b2aadfdf8d,/scratch/skremer/TE_World2-pilot/TE-Interaction-Experiments/HLHLLHL-HH/provenance-002-001.json,2026-08-30T13:32:48.334051+00:00
HLHLLHL-HH,3,1788501386032188681,host_extinction,10,0,state-003-001-0000000.gz,20793821,551,compact_numpy_v1,ee6a78f884798442b70624bf215292b2aadfdf8d,/scratch/skremer/TE_World2-pilot/TE-Interaction-Experiments/HLHLLHL-HH/provenance-003-001.json,2026-08-30T13:32:48.340027+00:00
HLHLLHL-HL,1,10070377625723654216,host_extinction,8,0,state-001-001-0000000.gz,20793821,546,compact_numpy_v1,ee6a78f884798442b70624bf215292b2aadfdf8d,/scratch/skremer/TE_World2-pilot/TE-Interaction-Experiments/HLHLLHL-HL/provenance-001-001.json,2026-08-30T13:32:48.307259+00:00
HLHLLHL-HL,2,3507431069633660653,host_extinction,8,0,state-002-001-0000000.gz,20793821,547,compact_numpy_v1,ee6a78f884798442b70624bf215292b2aadfdf8d,/scratch/skremer/TE_World2-pilot/TE-Interaction-Experiments/HLHLLHL-HL/provenance-002-001.json,2026-08-30T13:32:48.311190+00:00
HLHLLHL-HL,3,11915728632868132386,host_extinction,10,0,state-003-001-0000000.gz,20793821,548,compact_numpy_v1,ee6a78f884798442b70624bf215292b2aadfdf8d,/scratch/skremer/TE_World2-pilot/TE-Interaction-Experiments/HLHLLHL-HL/provenance-003-001.json,2026-08-30T13:32:48.314280+00:00
HLHLLHL-LH,1,15201919442222804925,host_extinction,8,0,state-001-001-0000000.gz,20793821,543,compact_numpy_v1,ee6a78f884798442b70624bf215292b2aadfdf8d,/scratch/skremer/TE_World2-pilot/TE-Interaction-Experiments/HLHLLHL-LH/provenance-001-001.json,2026-08-30T13:32:48.299840+00:00
HLHLLHL-LH,2,12038333362318713828,host_extinction,7,0,state-002-001-0000000.gz,20793821,544,compact_numpy_v1,ee6a78f884798442b70624bf215292b2aadfdf8d,/scratch/skremer/TE_World2-pilot/TE-Interaction-Experiments/HLHLLHL-LH/provenance-002-001.json,2026-08-30T13:32:48.302196+00:00
HLHLLHL-LH,3,15319492262809226422,host_extinction,8,0,state-003-001-0000000.gz,20793821,545,compact_numpy_v1,ee6a78f884798442b70624bf215292b2aadfdf8d,/scratch/skremer/TE_World2-pilot/TE-Interaction-Experiments/HLHLLHL-LH/provenance-003-001.json,2026-08-30T13:32:48.304674+00:00
HLHLLHL-LL,1,17008964131567310624,te_extinction,296,24,state-001-001-0000250.gz,20793821,540,compact_numpy_v1,ee6a78f884798442b70624bf215292b2aadfdf8d,/scratch/skremer/TE_World2-pilot/TE-Interaction-Experiments/HLHLLHL-LL/provenance-001-001.json,2026-08-30T13:32:48.287956+00:00
HLHLLHL-LL,2,15779709778530961837,te_extinction,205,34,state-002-001-0000200.gz,20793821,541,compact_numpy_v1,ee6a78f884798442b70624bf215292b2aadfdf8d,/scratch/skremer/TE_World2-pilot/TE-Interaction-Experiments/HLHLLHL-LL/provenance-002-001.json,2026-08-30T13:32:48.292965+00:00
HLHLLHL-LL,3,8539739782069145994,host_extinction,7,0,state-003-001-0000000.gz,20793821,542,compact_numpy_v1,ee6a78f884798442b70624bf215292b2aadfdf8d,/scratch/skremer/TE_World2-pilot/TE-Interaction-Experiments/HLHLLHL-LL/provenance-003-001.json,2026-08-30T13:32:48.297098+00:00
HLHLLLH-HH,1,18025557006823161932,host_extinction,23,0,state-001-001-0000000.gz,20793821,561,compact_numpy_v1,ee6a78f884798442b70624bf215292b2aadfdf8d,/scratch/skremer/TE_World2-pilot/TE-Interaction-Experiments/HLHLLLH-HH/provenance-001-001.json,2026-08-30T13:32:48.411446+00:00
HLHLLLH-HH,2,14044222769247468792,te_extinction,630,314,state-002-001-0000600.gz,20793821,562,compact_numpy_v1,ee6a78f884798442b70624bf215292b2aadfdf8d,/scratch/skremer/TE_World2-pilot/TE-Interaction-Experiments/HLHLLLH-HH/provenance-002-001.json,2026-08-30T13:32:48.414854+00:00
HLHLLLH-HH,3,7355505390207704756,host_extinction,14,0,state-003-001-0000000.gz,20793821,563,compact_numpy_v1,ee6a78f884798442b70624bf215292b2aadfdf8d,/scratch/skremer/TE_World2-pilot/TE-Interaction-Experiments/HLHLLLH-HH/provenance-003-001.json,2026-08-30T13:32:48.422489+00:00
HLHLLLH-HL,1,5189131488666898098,maximum_generations,1500,319,state-001-001-0001500.gz,20793821,558,compact_numpy_v1,ee6a78f884798442b70624bf215292b2aadfdf8d,/scratch/skremer/TE_World2-pilot/TE-Interaction-Experiments/HLHLLLH-HL/provenance-001-001.json,2026-08-30T13:32:48.384760+00:00
HLHLLLH-HL,2,6378083736363101147,host_extinction,10,0,state-002-001-0000000.gz,20793821,559,compact_numpy_v1,ee6a78f884798442b70624bf215292b2aadfdf8d,/scratch/skremer/TE_World2-pilot/TE-Interaction-Experiments/HLHLLLH-HL/provenance-002-001.json,2026-08-30T13:32:48.400641+00:00
HLHLLLH-HL,3,12877054900498081209,te_extinction,600,304,state-003-001-0000550.gz,20793821,560,compact_numpy_v1,ee6a78f884798442b70624bf215292b2aadfdf8d,/scratch/skremer/TE_World2-pilot/TE-Interaction-Experiments/HLHLLLH-HL/provenance-003-001.json,2026-08-30T13:32:48.403673+00:00
HLHLLLH-LH,1,12539481472383986093,te_extinction,399,290,state-001-001-0000350.gz,20793821,555,compact_numpy_v1,ee6a78f884798442b70624bf215292b2aadfdf8d,/scratch/skremer/TE_World2-pilot/TE-Interaction-Experiments/HLHLLLH-LH/provenance-001-001.json,2026-08-30T13:32:48.364871+00:00
HLHLLLH-LH,2,13275377712232646471,host_extinction,9,0,state-002-001-0000000.gz,20793821,556,compact_numpy_v1,ee6a78f884798442b70624bf215292b2aadfdf8d,/scratch/skremer/TE_World2-pilot/TE-Interaction-Experiments/HLHLLLH-LH/provenance-002-001.json,2026-08-30T13:32:48.370709+00:00
HLHLLLH-LH,3,15029652353614925824,te_extinction,734,308,state-003-001-0000700.gz,20793821,557,compact_numpy_v1,ee6a78f884798442b70624bf215292b2aadfdf8d,/scratch/skremer/TE_World2-pilot/TE-Interaction-Experiments/HLHLLLH-LH/provenance-003-001.json,2026-08-30T13:32:48.374377+00:00
HLHLLLH-LL,1,12676288920019525737,te_extinction,249,299,state-001-001-0000200.gz,20793821,552,compact_numpy_v1,ee6a78f884798442b70624bf215292b2aadfdf8d,/scratch/skremer/TE_World2-pilot/TE-Interaction-Experiments/HLHLLLH-LL/provenance-001-001.json,2026-08-30T13:32:48.343116+00:00
HLHLLLH-LL,2,17911251091440464072,te_extinction,224,310,state-002-001-0000200.gz,20793821,553,compact_numpy_v1,ee6a78f884798442b70624bf215292b2aadfdf8d,/scratch/skremer/TE_World2-pilot/TE-Interaction-Experiments/HLHLLLH-LL/provenance-002-001.json,2026-08-30T13:32:48.348541+00:00
HLHLLLH-LL,3,1242710871108663664,te_extinction,805,304,state-003-001-0000800.gz,20793821,554,compact_numpy_v1,ee6a78f884798442b70624bf215292b2aadfdf8d,/scratch/skremer/TE_World2-pilot/TE-Interaction-Experiments/HLHLLLH-LL/provenance-003-001.json,2026-08-30T13:32:48.354517+00:00
HLHLLLL-HH,1,4956373702723991765,host_extinction,10,0,state-001-001-0000000.gz,20793821,573,compact_numpy_v1,ee6a78f884798442b70624bf215292b2aadfdf8d,/scratch/skremer/TE_World2-pilot/TE-Interaction-Experiments/HLHLLLL-HH/provenance-001-001.json,2026-08-30T13:32:48.460545+00:00
HLHLLLL-HH,2,12939257659089848872,host_extinction,16,0,state-002-001-0000000.gz,20793821,574,compact_numpy_v1,ee6a78f884798442b70624bf215292b2aadfdf8d,/scratch/skremer/TE_World2-pilot/TE-Interaction-Experiments/HLHLLLL-HH/provenance-002-001.json,2026-08-30T13:32:48.463978+00:00
HLHLLLL-HH,3,15885778228613208999,host_extinction,10,0,state-003-001-0000000.gz,20793821,575,compact_numpy_v1,ee6a78f884798442b70624bf215292b2aadfdf8d,/scratch/skremer/TE_World2-pilot/TE-Interaction-Experiments/HLHLLLL-HH/provenance-003-001.json,2026-08-30T13:32:48.467247+00:00
HLHLLLL-HL,1,10238677718356653354,host_extinction,9,0,state-001-001-0000000.gz,20793821,570,compact_numpy_v1,ee6a78f884798442b70624bf215292b2aadfdf8d,/scratch/skremer/TE_World2-pilot/TE-Interaction-Experiments/HLHLLLL-HL/provenance-001-001.json,2026-08-30T13:32:48.449972+00:00
HLHLLLL-HL,2,16813398803130578907,host_extinction,9,0,state-002-001-0000000.gz,20793821,571,compact_numpy_v1,ee6a78f884798442b70624bf215292b2aadfdf8d,/scratch/skremer/TE_World2-pilot/TE-Interaction-Experiments/HLHLLLL-HL/provenance-002-001.json,2026-08-30T13:32:48.453504+00:00
HLHLLLL-HL,3,17115098210852428208,host_extinction,8,0,state-003-001-0000000.gz,20793821,572,compact_numpy_v1,ee6a78f884798442b70624bf215292b2aadfdf8d,/scratch/skremer/TE_World2-pilot/TE-Interaction-Experiments/HLHLLLL-HL/provenance-003-001.json,2026-08-30T13:32:48.457726+00:00
HLHLLLL-LH,1,8147015998129646494,host_extinction,8,0,state-001-001-0000000.gz,20793821,567,compact_numpy_v1,ee6a78f884798442b70624bf215292b2aadfdf8d,/scratch/skremer/TE_World2-pilot/TE-Interaction-Experiments/HLHLLLL-LH/provenance-001-001.json,2026-08-30T13:32:48.438737+00:00
HLHLLLL-LH,2,572998865510023254,host_extinction,8,0,state-002-001-0000000.gz,20793821,568,compact_numpy_v1,ee6a78f884798442b70624bf215292b2aadfdf8d,/scratch/skremer/TE_World2-pilot/TE-Interaction-Experiments/HLHLLLL-LH/provenance-002-001.json,2026-08-30T13:32:48.442567+00:00
HLHLLLL-LH,3,3883955965048806613,host_extinction,7,0,state-003-001-0000000.gz,20793821,569,compact_numpy_v1,ee6a78f884798442b70624bf215292b2aadfdf8d,/scratch/skremer/TE_World2-pilot/TE-Interaction-Experiments/HLHLLLL-LH/provenance-003-001.json,2026-08-30T13:32:48.446260+00:00
HLHLLLL-LL,1,13662055217183934916,host_extinction,7,0,state-001-001-0000000.gz,20793821,564,compact_numpy_v1,ee6a78f884798442b70624bf215292b2aadfdf8d,/scratch/skremer/TE_World2-pilot/TE-Interaction-Experiments/HLHLLLL-LL/provenance-001-001.json,2026-08-30T13:32:48.426505+00:00
HLHLLLL-LL,2,1243736943790264494,host_extinction,7,0,state-002-001-0000000.gz,20793821,565,compact_numpy_v1,ee6a78f884798442b70624bf215292b2aadfdf8d,/scratch/skremer/TE_World2-pilot/TE-Interaction-Experiments/HLHLLLL-LL/provenance-002-001.json,2026-08-30T13:32:48.429374+00:00
HLHLLLL-LL,3,15313972285922407330,te_extinction,375,22,state-003-001-0000350.gz,20793821,566,compact_numpy_v1,ee6a78f884798442b70624bf215292b2aadfdf8d,/scratch/skremer/TE_World2-pilot/TE-Interaction-Experiments/HLHLLLL-LL/provenance-003-001.json,2026-08-30T13:32:48.431978+00:00
HLLHHHH-HH,1,12326050974989719724,te_extinction,628,303,state-001-001-0000600.gz,20793821,585,compact_numpy_v1,ee6a78f884798442b70624bf215292b2aadfdf8d,/scratch/skremer/TE_World2-pilot/TE-Interaction-Experiments/HLLHHHH-HH/provenance-001-001.json,2026-08-30T13:32:48.523429+00:00
HLLHHHH-HH,2,3646598759480131865,te_extinction,189,306,state-002-001-0000150.gz,20793821,586,compact_numpy_v1,ee6a78f884798442b70624bf215292b2aadfdf8d,/scratch/skremer/TE_World2-pilot/TE-Interaction-Experiments/HLLHHHH-HH/provenance-002-001.json,2026-08-30T13:32:48.531491+00:00
HLLHHHH-HH,3,16812303776075621440,te_extinction,602,303,state-003-001-0000600.gz,20793821,587,compact_numpy_v1,ee6a78f884798442b70624bf215292b2aadfdf8d,/scratch/skremer/TE_World2-pilot/TE-Interaction-Experiments/HLLHHHH-HH/provenance-003-001.json,2026-08-30T13:32:48.535544+00:00
HLLHHHH-HL,1,16888499581945425110,te_extinction,179,308,state-001-001-0000150.gz,20793821,582,compact_numpy_v1,ee6a78f884798442b70624bf215292b2aadfdf8d,/scratch/skremer/TE_World2-pilot/TE-Interaction-Experiments/HLLHHHH-HL/provenance-001-001.json,2026-08-30T13:32:48.503694+00:00
HLLHHHH-HL,2,17967040368629462444,te_extinction,914,315,state-002-001-0000900.gz,20793821,583,compact_numpy_v1,ee6a78f884798442b70624bf215292b2aadfdf8d,/scratch/skremer/TE_World2-pilot/TE-Interaction-Experiments/HLLHHHH-HL/provenance-002-001.json,2026-08-30T13:32:48.508022+00:00
HLLHHHH-HL,3,5987344397328338393,te_extinction,266,311,state-003-001-0000250.gz,20793821,584,compact_numpy_v1,ee6a78f884798442b70624bf215292b2aadfdf8d,/scratch/skremer/TE_World2-pilot/TE-Interaction-Experiments/HLLHHHH-HL/provenance-003-001.json,2026-08-30T13:32:48.518287+00:00
HLLHHHH-LH,1,2963995646868789257,te_extinction,278,308,state-001-001-0000250.gz,20793821,579,compact_numpy_v1,ee6a78f884798442b70624bf215292b2aadfdf8d,/scratch/skremer/TE_World2-pilot/TE-Interaction-Experiments/HLLHHHH-LH/provenance-001-001.json,2026-08-30T13:32:48.483395+00:00
HLLHHHH-LH,2,9562942833245748352,te_extinction,507,286,state-002-001-0000500.gz,20793821,580,compact_numpy_v1,ee6a78f884798442b70624bf215292b2aadfdf8d,/scratch/skremer/TE_World2-pilot/TE-Interaction-Experiments/HLLHHHH-LH/provenance-002-001.json,2026-08-30T13:32:48.488338+00:00
HLLHHHH-LH,3,16941563381008070632,te_extinction,456,296,state-003-001-0000450.gz,20793821,581,compact_numpy_v1,ee6a78f884798442b70624bf215292b2aadfdf8d,/scratch/skremer/TE_World2-pilot/TE-Interaction-Experiments/HLLHHHH-LH/provenance-003-001.json,2026-08-30T13:32:48.496256+00:00
HLLHHHH-LL,1,10930764033085564986,te_extinction,247,290,state-001-001-0000200.gz,20793821,576,compact_numpy_v1,ee6a78f884798442b70624bf215292b2aadfdf8d,/scratch/skremer/TE_World2-pilot/TE-Interaction-Experiments/HLLHHHH-LL/provenance-001-001.json,2026-08-30T13:32:48.470709+00:00
HLLHHHH-LL,2,8161744705322931943,te_extinction,226,312,state-002-001-0000200.gz,20793821,577,compact_numpy_v1,ee6a78f884798442b70624bf215292b2aadfdf8d,/scratch/skremer/TE_World2-pilot/TE-Interaction-Experiments/HLLHHHH-LL/provenance-002-001.json,2026-08-30T13:32:48.475275+00:00
HLLHHHH-LL,3,9978558928667571178,host_extinction,7,0,state-003-001-0000000.gz,20793821,578,compact_numpy_v1,ee6a78f884798442b70624bf215292b2aadfdf8d,/scratch/skremer/TE_World2-pilot/TE-Interaction-Experiments/HLLHHHH-LL/provenance-003-001.json,2026-08-30T13:32:48.479598+00:00
HLLHHHL-HH,1,10177798598905575882,host_extinction,7,0,state-001-001-0000000.gz,20793821,597,compact_numpy_v1,ee6a78f884798442b70624bf215292b2aadfdf8d,/scratch/skremer/TE_World2-pilot/TE-Interaction-Experiments/HLLHHHL-HH/provenance-001-001.json,2026-08-30T13:32:48.577262+00:00
HLLHHHL-HH,2,9141469999786022278,te_extinction,196,31,state-002-001-0000150.gz,20793821,598,compact_numpy_v1,ee6a78f884798442b70624bf215292b2aadfdf8d,/scratch/skremer/TE_World2-pilot/TE-Interaction-Experiments/HLLHHHL-HH/provenance-002-001.json,2026-08-30T13:32:48.580829+00:00
HLLHHHL-HH,3,3035480774277166716,host_extinction,6,0,state-003-001-0000000.gz,20793821,599,compact_numpy_v1,ee6a78f884798442b70624bf215292b2aadfdf8d,/scratch/skremer/TE_World2-pilot/TE-Interaction-Experiments/HLLHHHL-HH/provenance-003-001.json,2026-08-30T13:32:48.586189+00:00
HLLHHHL-HL,1,1886369856970716389,host_extinction,6,0,state-001-001-0000000.gz,20793821,594,compact_numpy_v1,ee6a78f884798442b70624bf215292b2aadfdf8d,/scratch/skremer/TE_World2-pilot/TE-Interaction-Experiments/HLLHHHL-HL/provenance-001-001.json,2026-08-30T13:32:48.565278+00:00
HLLHHHL-HL,2,5777581044359622367,host_extinction,5,0,state-002-001-0000000.gz,20793821,595,compact_numpy_v1,ee6a78f884798442b70624bf215292b2aadfdf8d,/scratch/skremer/TE_World2-pilot/TE-Interaction-Experiments/HLLHHHL-HL/provenance-002-001.json,2026-08-30T13:32:48.568145+00:00
HLLHHHL-HL,3,12921700807067862606,host_extinction,6,0,state-003-001-0000000.gz,20793821,596,compact_numpy_v1,ee6a78f884798442b70624bf215292b2aadfdf8d,/scratch/skremer/TE_World2-pilot/TE-Interaction-Experiments/HLLHHHL-HL/provenance-003-001.json,2026-08-30T13:32:48.572171+00:00
HLLHHHL-LH,1,9109062824174449454,host_extinction,6,0,state-001-001-0000000.gz,20793821,591,compact_numpy_v1,ee6a78f884798442b70624bf215292b2aadfdf8d,/scratch/skremer/TE_World2-pilot/TE-Interaction-Experiments/HLLHHHL-LH/provenance-001-001.json,2026-08-30T13:32:48.554627+00:00
HLLHHHL-LH,2,16363625983431918152,host_extinction,6,0,state-002-001-0000000.gz,20793821,592,compact_numpy_v1,ee6a78f884798442b70624bf215292b2aadfdf8d,/scratch/skremer/TE_World2-pilot/TE-Interaction-Experiments/HLLHHHL-LH/provenance-002-001.json,2026-08-30T13:32:48.557295+00:00
HLLHHHL-LH,3,15272924909859567839,host_extinction,5,0,state-003-001-0000000.gz,20793821,593,compact_numpy_v1,ee6a78f884798442b70624bf215292b2aadfdf8d,/scratch/skremer/TE_World2-pilot/TE-Interaction-Experiments/HLLHHHL-LH/provenance-003-001.json,2026-08-30T13:32:48.561413+00:00
HLLHHHL-LL,1,1248645900445549281,host_extinction,6,0,state-001-001-0000000.gz,20793821,588,compact_numpy_v1,ee6a78f884798442b70624bf215292b2aadfdf8d,/scratch/skremer/TE_World2-pilot/TE-Interaction-Experiments/HLLHHHL-LL/provenance-001-001.json,2026-08-30T13:32:48.544585+00:00
HLLHHHL-LL,2,15617213038419157623,host_extinction,5,0,state-002-001-0000000.gz,20793821,589,compact_numpy_v1,ee6a78f884798442b70624bf215292b2aadfdf8d,/scratch/skremer/TE_World2-pilot/TE-Interaction-Experiments/HLLHHHL-LL/provenance-002-001.json,2026-08-30T13:32:48.547416+00:00
HLLHHHL-LL,3,9997794493945072533,host_extinction,5,0,state-003-001-0000000.gz,20793821,590,compact_numpy_v1,ee6a78f884798442b70624bf215292b2aadfdf8d,/scratch/skremer/TE_World2-pilot/TE-Interaction-Experiments/HLLHHHL-LL/provenance-003-001.json,2026-08-30T13:32:48.550181+00:00
HLLHHLH-HH,1,6300252109379035056,host_extinction,9,0,state-001-001-0000000.gz,20793821,609,compact_numpy_v1,ee6a78f884798442b70624bf215292b2aadfdf8d,/scratch/skremer/TE_World2-pilot/TE-Interaction-Experiments/HLLHHLH-HH/provenance-001-001.json,2026-08-30T13:32:48.661224+00:00
HLLHHLH-HH,2,3060282387149210810,te_extinction,561,280,state-002-001-0000550.gz,20793821,610,compact_numpy_v1,ee6a78f884798442b70624bf215292b2aadfdf8d,/scratch/skremer/TE_World2-pilot/TE-Interaction-Experiments/HLLHHLH-HH/provenance-002-001.json,2026-08-30T13:32:48.664823+00:00
HLLHHLH-HH,3,11114717101301311301,te_extinction,696,296,state-003-001-0000650.gz,20793821,611,compact_numpy_v1,ee6a78f884798442b70624bf215292b2aadfdf8d,/scratch/skremer/TE_World2-pilot/TE-Interaction-Experiments/HLLHHLH-HH/provenance-003-001.json,2026-08-30T13:32:48.673600+00:00
HLLHHLH-HL,1,1870311851348633215,te_extinction,286,306,state-001-001-0000250.gz,20793821,606,compact_numpy_v1,ee6a78f884798442b70624bf215292b2aadfdf8d,/scratch/skremer/TE_World2-pilot/TE-Interaction-Experiments/HLLHHLH-HL/provenance-001-001.json,2026-08-30T13:32:48.632332+00:00
HLLHHLH-HL,2,6645616270549014458,te_extinction,431,317,state-002-001-0000400.gz,20793821,607,compact_numpy_v1,ee6a78f884798442b70624bf215292b2aadfdf8d,/scratch/skremer/TE_World2-pilot/TE-Interaction-Experiments/HLLHHLH-HL/provenance-002-001.json,2026-08-30T13:32:48.637984+00:00
HLLHHLH-HL,3,16859566201142331171,te_extinction,823,296,state-003-001-0000800.gz,20793821,608,compact_numpy_v1,ee6a78f884798442b70624bf215292b2aadfdf8d,/scratch/skremer/TE_World2-pilot/TE-Interaction-Experiments/HLLHHLH-HL/provenance-003-001.json,2026-08-30T13:32:48.647903+00:00
HLLHHLH-LH,1,776633624812552666,te_extinction,505,269,state-001-001-0000500.gz,20793821,603,compact_numpy_v1,ee6a78f884798442b70624bf215292b2aadfdf8d,/scratch/skremer/TE_World2-pilot/TE-Interaction-Experiments/HLLHHLH-LH/provenance-001-001.json,2026-08-30T13:32:48.605064+00:00
HLLHHLH-LH,2,6711382643224627984,te_extinction,541,316,state-002-001-0000500.gz,20793821,604,compact_numpy_v1,ee6a78f884798442b70624bf215292b2aadfdf8d,/scratch/skremer/TE_World2-pilot/TE-Interaction-Experiments/HLLHHLH-LH/provenance-002-001.json,2026-08-30T13:32:48.611851+00:00
HLLHHLH-LH,3,4870295379836842944,te_extinction,954,295,state-003-001-0000950.gz,20793821,605,compact_numpy_v1,ee6a78f884798442b70624bf215292b2aadfdf8d,/scratch/skremer/TE_World2-pilot/TE-Interaction-Experiments/HLLHHLH-LH/provenance-003-001.json,2026-08-30T13:32:48.620453+00:00
HLLHHLH-LL,1,2291001292912860286,host_extinction,7,0,state-001-001-0000000.gz,20793821,600,compact_numpy_v1,ee6a78f884798442b70624bf215292b2aadfdf8d,/scratch/skremer/TE_World2-pilot/TE-Interaction-Experiments/HLLHHLH-LL/provenance-001-001.json,2026-08-30T13:32:48.590736+00:00
HLLHHLH-LL,2,9993204690590107429,te_extinction,459,285,state-002-001-0000450.gz,20793821,601,compact_numpy_v1,ee6a78f884798442b70624bf215292b2aadfdf8d,/scratch/skremer/TE_World2-pilot/TE-Interaction-Experiments/HLLHHLH-LL/provenance-002-001.json,2026-08-30T13:32:48.594745+00:00
HLLHHLH-LL,3,17723651153529159431,host_extinction,6,0,state-003-001-0000000.gz,20793821,602,compact_numpy_v1,ee6a78f884798442b70624bf215292b2aadfdf8d,/scratch/skremer/TE_World2-pilot/TE-Interaction-Experiments/HLLHHLH-LL/provenance-003-001.json,2026-08-30T13:32:48.601255+00:00
HLLHHLL-HH,1,9099046632274335516,host_extinction,8,0,state-001-001-0000000.gz,20793821,621,compact_numpy_v1,ee6a78f884798442b70624bf215292b2aadfdf8d,/scratch/skremer/TE_World2-pilot/TE-Interaction-Experiments/HLLHHLL-HH/provenance-001-001.json,2026-08-30T13:32:48.720825+00:00
HLLHHLL-HH,2,4955324361861414755,te_extinction,1116,26,state-002-001-0001100.gz,20793821,622,compact_numpy_v1,ee6a78f884798442b70624bf215292b2aadfdf8d,/scratch/skremer/TE_World2-pilot/TE-Interaction-Experiments/HLLHHLL-HH/provenance-002-001.json,2026-08-30T13:32:48.723874+00:00
HLLHHLL-HH,3,8256353938465650492,host_extinction,7,0,state-003-001-0000000.gz,20793821,623,compact_numpy_v1,ee6a78f884798442b70624bf215292b2aadfdf8d,/scratch/skremer/TE_World2-pilot/TE-Interaction-Experiments/HLLHHLL-HH/provenance-003-001.json,2026-08-30T13:32:48.738843+00:00
HLLHHLL-HL,1,2094173275622445210,te_extinction,175,26,state-001-001-0000150.gz,20793821,618,compact_numpy_v1,ee6a78f884798442b70624bf215292b2aadfdf8d,/scratch/skremer/TE_World2-pilot/TE-Interaction-Experiments/HLLHHLL-HL/provenance-001-001.json,2026-08-30T13:32:48.708405+00:00
HLLHHLL-HL,2,2528372198703190421,host_extinction,7,0,state-002-001-0000000.gz,20793821,619,compact_numpy_v1,ee6a78f884798442b70624bf215292b2aadfdf8d,/scratch/skremer/TE_World2-pilot/TE-Interaction-Experiments/HLLHHLL-HL/provenance-002-001.json,2026-08-30T13:32:48.713866+00:00
HLLHHLL-HL,3,14723530423938975672,host_extinction,6,0,state-003-001-0000000.gz,20793821,620,compact_numpy_v1,ee6a78f884798442b70624bf215292b2aadfdf8d,/scratch/skremer/TE_World2-pilot/TE-Interaction-Experiments/HLLHHLL-HL/provenance-003-001.json,2026-08-30T13:32:48.717339+00:00
HLLHHLL-LH,1,12239760791783546605,host_extinction,6,0,state-001-001-0000000.gz,20793821,615,compact_numpy_v1,ee6a78f884798442b70624bf215292b2aadfdf8d,/scratch/skremer/TE_World2-pilot/TE-Interaction-Experiments/HLLHHLL-LH/provenance-001-001.json,2026-08-30T13:32:48.696576+00:00
HLLHHLL-LH,2,2273868309711867345,host_extinction,5,0,state-002-001-0000000.gz,20793821,616,compact_numpy_v1,ee6a78f884798442b70624bf215292b2aadfdf8d,/scratch/skremer/TE_World2-pilot/TE-Interaction-Experiments/HLLHHLL-LH/provenance-002-001.json,2026-08-30T13:32:48.700543+00:00
HLLHHLL-LH,3,4299924336617745617,host_extinction,6,0,state-003-001-0000000.gz,20793821,617,compact_numpy_v1,ee6a78f884798442b70624bf215292b2aadfdf8d,/scratch/skremer/TE_World2-pilot/TE-Interaction-Experiments/HLLHHLL-LH/provenance-003-001.json,2026-08-30T13:32:48.703494+00:00
HLLHHLL-LL,1,1673181797529543039,host_extinction,6,0,state-001-001-0000000.gz,20793821,612,compact_numpy_v1,ee6a78f884798442b70624bf215292b2aadfdf8d,/scratch/skremer/TE_World2-pilot/TE-Interaction-Experiments/HLLHHLL-LL/provenance-001-001.json,2026-08-30T13:32:48.681496+00:00
HLLHHLL-LL,2,5204380114356777044,host_extinction,6,0,state-002-001-0000000.gz,20793821,613,compact_numpy_v1,ee6a78f884798442b70624bf215292b2aadfdf8d,/scratch/skremer/TE_World2-pilot/TE-Interaction-Experiments/HLLHHLL-LL/provenance-002-001.json,2026-08-30T13:32:48.684945+00:00
HLLHHLL-LL,3,14422733682059426176,te_extinction,366,32,state-003-001-0000350.gz,20793821,614,compact_numpy_v1,ee6a78f884798442b70624bf215292b2aadfdf8d,/scratch/skremer/TE_World2-pilot/TE-Interaction-Experiments/HLLHHLL-LL/provenance-003-001.json,2026-08-30T13:32:48.688904+00:00
HLLHLHH-HH,1,12312090616568318247,te_extinction,436,294,state-001-001-0000400.gz,20793821,633,compact_numpy_v1,ee6a78f884798442b70624bf215292b2aadfdf8d,/scratch/skremer/TE_World2-pilot/TE-Interaction-Experiments/HLLHLHH-HH/provenance-001-001.json,2026-08-30T13:32:48.808277+00:00
HLLHLHH-HH,2,6532402977314346389,te_extinction,947,310,state-002-001-0000900.gz,20793821,634,compact_numpy_v1,ee6a78f884798442b70624bf215292b2aadfdf8d,/scratch/skremer/TE_World2-pilot/TE-Interaction-Experiments/HLLHLHH-HH/provenance-002-001.json,2026-08-30T13:32:48.814576+00:00
HLLHLHH-HH,3,836731068064341923,te_extinction,451,299,state-003-001-0000450.gz,20793821,635,compact_numpy_v1,ee6a78f884798442b70624bf215292b2aadfdf8d,/scratch/skremer/TE_World2-pilot/TE-Interaction-Experiments/HLLHLHH-HH/provenance-003-001.json,2026-08-30T13:32:48.824904+00:00
HLLHLHH-HL,1,14101648644865100780,te_extinction,420,304,state-001-001-0000400.gz,20793821,630,compact_numpy_v1,ee6a78f884798442b70624bf215292b2aadfdf8d,/scratch/skremer/TE_World2-pilot/TE-Interaction-Experiments/HLLHLHH-HL/provenance-001-001.json,2026-08-30T13:32:48.787178+00:00
HLLHLHH-HL,2,13819957267070741074,te_extinction,762,311,state-002-001-0000750.gz,20793821,631,compact_numpy_v1,ee6a78f884798442b70624bf215292b2aadfdf8d,/scratch/skremer/TE_World2-pilot/TE-Interaction-Experiments/HLLHLHH-HL/provenance-002-001.json,2026-08-30T13:32:48.794808+00:00
HLLHLHH-HL,3,15411114459935290468,te_extinction,143,301,state-003-001-0000100.gz,20793821,632,compact_numpy_v1,ee6a78f884798442b70624bf215292b2aadfdf8d,/scratch/skremer/TE_World2-pilot/TE-Interaction-Experiments/HLLHLHH-HL/provenance-003-001.json,2026-08-30T13:32:48.804074+00:00
HLLHLHH-LH,1,1663172870370025999,te_extinction,532,305,state-001-001-0000500.gz,20793821,627,compact_numpy_v1,ee6a78f884798442b70624bf215292b2aadfdf8d,/scratch/skremer/TE_World2-pilot/TE-Interaction-Experiments/HLLHLHH-LH/provenance-001-001.json,2026-08-30T13:32:48.761635+00:00
HLLHLHH-LH,2,17813608008049436802,te_extinction,592,299,state-002-001-0000550.gz,20793821,628,compact_numpy_v1,ee6a78f884798442b70624bf215292b2aadfdf8d,/scratch/skremer/TE_World2-pilot/TE-Interaction-Experiments/HLLHLHH-LH/provenance-002-001.json,2026-08-30T13:32:48.769522+00:00
HLLHLHH-LH,3,1705538673679869921,te_extinction,760,286,state-003-001-0000750.gz,20793821,629,compact_numpy_v1,ee6a78f884798442b70624bf215292b2aadfdf8d,/scratch/skremer/TE_World2-pilot/TE-Interaction-Experiments/HLLHLHH-LH/provenance-003-001.json,2026-08-30T13:32:48.777268+00:00
HLLHLHH-LL,1,8730181903053448735,host_extinction,5,0,state-001-001-0000000.gz,20793821,624,compact_numpy_v1,ee6a78f884798442b70624bf215292b2aadfdf8d,/scratch/skremer/TE_World2-pilot/TE-Interaction-Experiments/HLLHLHH-LL/provenance-001-001.json,2026-08-30T13:32:48.743318+00:00
HLLHLHH-LL,2,3372049360196181994,te_extinction,409,283,state-002-001-0000400.gz,20793821,625,compact_numpy_v1,ee6a78f884798442b70624bf215292b2aadfdf8d,/scratch/skremer/TE_World2-pilot/TE-Interaction-Experiments/HLLHLHH-LL/provenance-002-001.json,2026-08-30T13:32:48.747199+00:00
HLLHLHH-LL,3,11968400736470175685,te_extinction,219,300,state-003-001-0000200.gz,20793821,626,compact_numpy_v1,ee6a78f884798442b70624bf215292b2aadfdf8d,/scratch/skremer/TE_World2-pilot/TE-Interaction-Experiments/HLLHLHH-LL/provenance-003-001.json,2026-08-30T13:32:48.755420+00:00
HLLHLHL-HH,1,9415363654529905564,host_extinction,5,0,state-001-001-0000000.gz,20793821,645,compact_numpy_v1,ee6a78f884798442b70624bf215292b2aadfdf8d,/scratch/skremer/TE_World2-pilot/TE-Interaction-Experiments/HLLHLHL-HH/provenance-001-001.json,2026-08-30T13:32:48.862554+00:00
HLLHLHL-HH,2,12847579865492708759,host_extinction,5,0,state-002-001-0000000.gz,20793821,646,compact_numpy_v1,ee6a78f884798442b70624bf215292b2aadfdf8d,/scratch/skremer/TE_World2-pilot/TE-Interaction-Experiments/HLLHLHL-HH/provenance-002-001.json,2026-08-30T13:32:48.866469+00:00
HLLHLHL-HH,3,3151678905240097732,host_extinction,4,0,state-003-001-0000000.gz,20793821,647,compact_numpy_v1,ee6a78f884798442b70624bf215292b2aadfdf8d,/scratch/skremer/TE_World2-pilot/TE-Interaction-Experiments/HLLHLHL-HH/provenance-003-001.json,2026-08-30T13:32:48.870608+00:00
HLLHLHL-HL,1,13373244956518329272,host_extinction,4,0,state-001-001-0000000.gz,20793821,642,compact_numpy_v1,ee6a78f884798442b70624bf215292b2aadfdf8d,/scratch/skremer/TE_World2-pilot/TE-Interaction-Experiments/HLLHLHL-HL/provenance-001-001.json,2026-08-30T13:32:48.849078+00:00
HLLHLHL-HL,2,4443376270344161163,te_extinction,477,32,state-002-001-0000450.gz,20793821,643,compact_numpy_v1,ee6a78f884798442b70624bf215292b2aadfdf8d,/scratch/skremer/TE_World2-pilot/TE-Interaction-Experiments/HLLHLHL-HL/provenance-002-001.json,2026-08-30T13:32:48.851983+00:00
HLLHLHL-HL,3,3151771504904191960,te_extinction,89,18,state-003-001-0000050.gz,20793821,644,compact_numpy_v1,ee6a78f884798442b70624bf215292b2aadfdf8d,/scratch/skremer/TE_World2-pilot/TE-Interaction-Experiments/HLLHLHL-HL/provenance-003-001.json,2026-08-30T13:32:48.858286+00:00
HLLHLHL-LH,1,3400910888601303713,host_extinction,4,0,state-001-001-0000000.gz,20793821,639,compact_numpy_v1,ee6a78f884798442b70624bf215292b2aadfdf8d,/scratch/skremer/TE_World2-pilot/TE-Interaction-Experiments/HLLHLHL-LH/provenance-001-001.json,2026-08-30T13:32:48.839915+00:00
HLLHLHL-LH,2,17970476959006241690,host_extinction,4,0,state-002-001-0000000.gz,20793821,640,compact_numpy_v1,ee6a78f884798442b70624bf215292b2aadfdf8d,/scratch/skremer/TE_World2-pilot/TE-Interaction-Experiments/HLLHLHL-LH/provenance-002-001.json,2026-08-30T13:32:48.843122+00:00
HLLHLHL-LH,3,17071924737304572373,host_extinction,5,0,state-003-001-0000000.gz,20793821,641,compact_numpy_v1,ee6a78f884798442b70624bf215292b2aadfdf8d,/scratch/skremer/TE_World2-pilot/TE-Interaction-Experiments/HLLHLHL-LH/provenance-003-001.json,2026-08-30T13:32:48.846079+00:00
HLLHLHL-LL,1,3214922439782500694,host_extinction,5,0,state-001-001-0000000.gz,20793821,636,compact_numpy_v1,ee6a78f884798442b70624bf215292b2aadfdf8d,/scratch/skremer/TE_World2-pilot/TE-Interaction-Experiments/HLLHLHL-LL/provenance-001-001.json,2026-08-30T13:32:48.831187+00:00
HLLHLHL-LL,2,4056216863028644885,te_extinction,39,25,state-002-001-0000000.gz,20793821,637,compact_numpy_v1,ee6a78f884798442b70624bf215292b2aadfdf8d,/scratch/skremer/TE_World2-pilot/TE-Interaction-Experiments/HLLHLHL-LL/provenance-002-001.json,2026-08-30T13:32:48.833752+00:00
HLLHLHL-LL,3,5823244741384029564,host_extinction,4,0,state-003-001-0000000.gz,20793821,638,compact_numpy_v1,ee6a78f884798442b70624bf215292b2aadfdf8d,/scratch/skremer/TE_World2-pilot/TE-Interaction-Experiments/HLLHLHL-LL/provenance-003-001.json,2026-08-30T13:32:48.837477+00:00
HLLHLLH-HH,1,16362502149830430248,te_extinction,998,287,state-001-001-0000950.gz,20793821,657,compact_numpy_v1,ee6a78f884798442b70624bf215292b2aadfdf8d,/scratch/skremer/TE_World2-pilot/TE-Interaction-Experiments/HLLHLLH-HH/provenance-001-001.json,2026-08-30T13:32:48.934920+00:00
HLLHLLH-HH,2,12227014955067955433,te_extinction,426,276,state-002-001-0000400.gz,20793821,658,compact_numpy_v1,ee6a78f884798442b70624bf215292b2aadfdf8d,/scratch/skremer/TE_World2-pilot/TE-Interaction-Experiments/HLLHLLH-HH/provenance-002-001.json,2026-08-30T13:32:48.947966+00:00
HLLHLLH-HH,3,15816752453788133776,te_extinction,384,327,state-003-001-0000350.gz,20793821,659,compact_numpy_v1,ee6a78f884798442b70624bf215292b2aadfdf8d,/scratch/skremer/TE_World2-pilot/TE-Interaction-Experiments/HLLHLLH-HH/provenance-003-001.json,2026-08-30T13:32:48.955087+00:00
HLLHLLH-HL,1,3421590296609346888,te_extinction,434,302,state-001-001-0000400.gz,20793821,654,compact_numpy_v1,ee6a78f884798442b70624bf215292b2aadfdf8d,/scratch/skremer/TE_World2-pilot/TE-Interaction-Experiments/HLLHLLH-HL/provenance-001-001.json,2026-08-30T13:32:48.915044+00:00
HLLHLLH-HL,2,16655581510042491409,te_extinction,398,294,state-002-001-0000350.gz,20793821,655,compact_numpy_v1,ee6a78f884798442b70624bf215292b2aadfdf8d,/scratch/skremer/TE_World2-pilot/TE-Interaction-Experiments/HLLHLLH-HL/provenance-002-001.json,2026-08-30T13:32:48.921264+00:00
HLLHLLH-HL,3,11441703188138085212,te_extinction,310,281,state-003-001-0000300.gz,20793821,656,compact_numpy_v1,ee6a78f884798442b70624bf215292b2aadfdf8d,/scratch/skremer/TE_World2-pilot/TE-Interaction-Experiments/HLLHLLH-HL/provenance-003-001.json,2026-08-30T13:32:48.928971+00:00
HLLHLLH-LH,1,4697935228825823359,te_extinction,966,300,state-001-001-0000950.gz,20793821,651,compact_numpy_v1,ee6a78f884798442b70624bf215292b2aadfdf8d,/scratch/skremer/TE_World2-pilot/TE-Interaction-Experiments/HLLHLLH-LH/provenance-001-001.json,2026-08-30T13:32:48.892387+00:00
HLLHLLH-LH,2,15813140980362826337,te_extinction,359,295,state-002-001-0000350.gz,20793821,652,compact_numpy_v1,ee6a78f884798442b70624bf215292b2aadfdf8d,/scratch/skremer/TE_World2-pilot/TE-Interaction-Experiments/HLLHLLH-LH/provenance-002-001.json,2026-08-30T13:32:48.903094+00:00
HLLHLLH-LH,3,13082975529545798586,te_extinction,329,280,state-003-001-0000300.gz,20793821,653,compact_numpy_v1,ee6a78f884798442b70624bf215292b2aadfdf8d,/scratch/skremer/TE_World2-pilot/TE-Interaction-Experiments/HLLHLLH-LH/provenance-003-001.json,2026-08-30T13:32:48.909283+00:00
HLLHLLH-LL,1,1176873803079406262,te_extinction,540,310,state-001-001-0000500.gz,20793821,648,compact_numpy_v1,ee6a78f884798442b70624bf215292b2aadfdf8d,/scratch/skremer/TE_World2-pilot/TE-Interaction-Experiments/HLLHLLH-LL/provenance-001-001.json,2026-08-30T13:32:48.873544+00:00
HLLHLLH-LL,2,2772063588828328230,te_extinction,311,286,state-002-001-0000300.gz,20793821,649,compact_numpy_v1,ee6a78f884798442b70624bf215292b2aadfdf8d,/scratch/skremer/TE_World2-pilot/TE-Interaction-Experiments/HLLHLLH-LL/provenance-002-001.json,2026-08-30T13:32:48.880461+00:00
HLLHLLH-LL,3,336391771914803959,te_extinction,354,277,state-003-001-0000350.gz,20793821,650,compact_numpy_v1,ee6a78f884798442b70624bf215292b2aadfdf8d,/scratch/skremer/TE_World2-pilot/TE-Interaction-Experiments/HLLHLLH-LL/provenance-003-001.json,2026-08-30T13:32:48.886189+00:00
HLLHLLL-HH,1,1225656278656035579,host_extinction,5,0,state-001-001-0000000.gz,20793821,669,compact_numpy_v1,ee6a78f884798442b70624bf215292b2aadfdf8d,/scratch/skremer/TE_World2-pilot/TE-Interaction-Experiments/HLLHLLL-HH/provenance-001-001.json,2026-08-30T13:32:48.991476+00:00
HLLHLLL-HH,2,9939442006859296741,host_extinction,6,0,state-002-001-0000000.gz,20793821,670,compact_numpy_v1,ee6a78f884798442b70624bf215292b2aadfdf8d,/scratch/skremer/TE_World2-pilot/TE-Interaction-Experiments/HLLHLLL-HH/provenance-002-001.json,2026-08-30T13:32:48.994356+00:00
HLLHLLL-HH,3,11424363645392717353,host_extinction,5,0,state-003-001-0000000.gz,20793821,671,compact_numpy_v1,ee6a78f884798442b70624bf215292b2aadfdf8d,/scratch/skremer/TE_World2-pilot/TE-Interaction-Experiments/HLLHLLL-HH/provenance-003-001.json,2026-08-30T13:32:48.998257+00:00
HLLHLLL-HL,1,5523122817099063678,host_extinction,4,0,state-001-001-0000000.gz,20793821,666,compact_numpy_v1,ee6a78f884798442b70624bf215292b2aadfdf8d,/scratch/skremer/TE_World2-pilot/TE-Interaction-Experiments/HLLHLLL-HL/provenance-001-001.json,2026-08-30T13:32:48.982084+00:00
HLLHLLL-HL,2,15323252957441040922,host_extinction,4,0,state-002-001-0000000.gz,20793821,667,compact_numpy_v1,ee6a78f884798442b70624bf215292b2aadfdf8d,/scratch/skremer/TE_World2-pilot/TE-Interaction-Experiments/HLLHLLL-HL/provenance-002-001.json,2026-08-30T13:32:48.985424+00:00
HLLHLLL-HL,3,14122838066529727191,host_extinction,5,0,state-003-001-0000000.gz,20793821,668,compact_numpy_v1,ee6a78f884798442b70624bf215292b2aadfdf8d,/scratch/skremer/TE_World2-pilot/TE-Interaction-Experiments/HLLHLLL-HL/provenance-003-001.json,2026-08-30T13:32:48.988877+00:00
HLLHLLL-LH,1,11620445830802486984,te_extinction,145,30,state-001-001-0000100.gz,20793821,663,compact_numpy_v1,ee6a78f884798442b70624bf215292b2aadfdf8d,/scratch/skremer/TE_World2-pilot/TE-Interaction-Experiments/HLLHLLL-LH/provenance-001-001.json,2026-08-30T13:32:48.972920+00:00
HLLHLLL-LH,2,11832915248337214883,host_extinction,4,0,state-002-001-0000000.gz,20793821,664,compact_numpy_v1,ee6a78f884798442b70624bf215292b2aadfdf8d,/scratch/skremer/TE_World2-pilot/TE-Interaction-Experiments/HLLHLLL-LH/provenance-002-001.json,2026-08-30T13:32:48.976433+00:00
HLLHLLL-LH,3,2402869128401021295,host_extinction,4,0,state-003-001-0000000.gz,20793821,665,compact_numpy_v1,ee6a78f884798442b70624bf215292b2aadfdf8d,/scratch/skremer/TE_World2-pilot/TE-Interaction-Experiments/HLLHLLL-LH/provenance-003-001.json,2026-08-30T13:32:48.979537+00:00
HLLHLLL-LL,1,17323401268112511362,host_extinction,5,0,state-001-001-0000000.gz,20793821,660,compact_numpy_v1,ee6a78f884798442b70624bf215292b2aadfdf8d,/scratch/skremer/TE_World2-pilot/TE-Interaction-Experiments/HLLHLLL-LL/provenance-001-001.json,2026-08-30T13:32:48.960998+00:00
HLLHLLL-LL,2,11220981685291184031,te_extinction,237,26,state-002-001-0000200.gz,20793821,661,compact_numpy_v1,ee6a78f884798442b70624bf215292b2aadfdf8d,/scratch/skremer/TE_World2-pilot/TE-Interaction-Experiments/HLLHLLL-LL/provenance-002-001.json,2026-08-30T13:32:48.964327+00:00
HLLHLLL-LL,3,2728385855334095675,host_extinction,5,0,state-003-001-0000000.gz,20793821,662,compact_numpy_v1,ee6a78f884798442b70624bf215292b2aadfdf8d,/scratch/skremer/TE_World2-pilot/TE-Interaction-Experiments/HLLHLLL-LL/provenance-003-001.json,2026-08-30T13:32:48.968910+00:00
HLLLHHH-HH,1,15583330473786390211,checkpointed,276,282,state-001-001-0000276.gz,20793821,681,compact_numpy_v1,ee6a78f884798442b70624bf215292b2aadfdf8d,/scratch/skremer/TE_World2-pilot/TE-Interaction-Experiments/HLLLHHH-HH/provenance-001-001.json,2026-08-30T13:32:49.045268+00:00
HLLLHHH-HH,2,1572687432545814454,te_extinction,442,310,state-002-001-0000400.gz,20793821,682,compact_numpy_v1,ee6a78f884798442b70624bf215292b2aadfdf8d,/scratch/skremer/TE_World2-pilot/TE-Interaction-Experiments/HLLLHHH-HH/provenance-002-001.json,2026-08-30T13:32:49.050281+00:00
HLLLHHH-HH,3,650219652319859289,checkpointed,243,296,state-003-001-0000243.gz,20793821,683,compact_numpy_v1,ee6a78f884798442b70624bf215292b2aadfdf8d,/scratch/skremer/TE_World2-pilot/TE-Interaction-Experiments/HLLLHHH-HH/provenance-003-001.json,2026-08-30T13:32:49.057916+00:00
HLLLHHH-HL,1,3462583388085439678,te_extinction,254,308,state-001-001-0000250.gz,20793821,678,compact_numpy_v1,ee6a78f884798442b70624bf215292b2aadfdf8d,/scratch/skremer/TE_World2-pilot/TE-Interaction-Experiments/HLLLHHH-HL/provenance-001-001.json,2026-08-30T13:32:49.030799+00:00
HLLLHHH-HL,2,10732918282527566983,host_extinction,25,0,state-002-001-0000000.gz,20793821,679,compact_numpy_v1,ee6a78f884798442b70624bf215292b2aadfdf8d,/scratch/skremer/TE_World2-pilot/TE-Interaction-Experiments/HLLLHHH-HL/provenance-002-001.json,2026-08-30T13:32:49.035804+00:00
HLLLHHH-HL,3,5142670492545746483,te_extinction,216,324,state-003-001-0000200.gz,20793821,680,compact_numpy_v1,ee6a78f884798442b70624bf215292b2aadfdf8d,/scratch/skremer/TE_World2-pilot/TE-Interaction-Experiments/HLLLHHH-HL/provenance-003-001.json,2026-08-30T13:32:49.040479+00:00
HLLLHHH-LH,1,9248438853949949455,host_extinction,11,0,state-001-001-0000000.gz,20793821,675,compact_numpy_v1,ee6a78f884798442b70624bf215292b2aadfdf8d,/scratch/skremer/TE_World2-pilot/TE-Interaction-Experiments/HLLLHHH-LH/provenance-001-001.json,2026-08-30T13:32:49.011914+00:00
HLLLHHH-LH,2,8787854530346358475,host_extinction,9,0,state-002-001-0000000.gz,20793821,676,compact_numpy_v1,ee6a78f884798442b70624bf215292b2aadfdf8d,/scratch/skremer/TE_World2-pilot/TE-Interaction-Experiments/HLLLHHH-LH/provenance-002-001.json,2026-08-30T13:32:49.015824+00:00
HLLLHHH-LH,3,13656277548622762588,te_extinction,1115,295,state-003-001-0001100.gz,20793821,677,compact_numpy_v1,ee6a78f884798442b70624bf215292b2aadfdf8d,/scratch/skremer/TE_World2-pilot/TE-Interaction-Experiments/HLLLHHH-LH/provenance-003-001.json,2026-08-30T13:32:49.018810+00:00
HLLLHHH-LL,1,12530541635335229918,te_extinction,190,285,state-001-001-0000150.gz,20793821,672,compact_numpy_v1,ee6a78f884798442b70624bf215292b2aadfdf8d,/scratch/skremer/TE_World2-pilot/TE-Interaction-Experiments/HLLLHHH-LL/provenance-001-001.json,2026-08-30T13:32:49.001100+00:00
HLLLHHH-LL,2,3150115487555351024,host_extinction,10,0,state-002-001-0000000.gz,20793821,673,compact_numpy_v1,ee6a78f884798442b70624bf215292b2aadfdf8d,/scratch/skremer/TE_World2-pilot/TE-Interaction-Experiments/HLLLHHH-LL/provenance-002-001.json,2026-08-30T13:32:49.006040+00:00
HLLLHHH-LL,3,11613743317805625456,host_extinction,11,0,state-003-001-0000000.gz,20793821,674,compact_numpy_v1,ee6a78f884798442b70624bf215292b2aadfdf8d,/scratch/skremer/TE_World2-pilot/TE-Interaction-Experiments/HLLLHHH-LL/provenance-003-001.json,2026-08-30T13:32:49.008792+00:00
HLLLHHL-HH,1,8636596949931015793,te_extinction,146,21,state-001-001-0000100.gz,20793821,693,compact_numpy_v1,ee6a78f884798442b70624bf215292b2aadfdf8d,/scratch/skremer/TE_World2-pilot/TE-Interaction-Experiments/HLLLHHL-HH/provenance-001-001.json,2026-08-30T13:32:49.092654+00:00
HLLLHHL-HH,2,8266094091762840933,maximum_generations,1500,35,state-002-001-0001500.gz,20793821,694,compact_numpy_v1,ee6a78f884798442b70624bf215292b2aadfdf8d,/scratch/skremer/TE_World2-pilot/TE-Interaction-Experiments/HLLLHHL-HH/provenance-002-001.json,2026-08-30T13:32:49.096421+00:00
HLLLHHL-HH,3,4981580465506456348,host_extinction,21,0,state-003-001-0000000.gz,20793821,695,compact_numpy_v1,ee6a78f884798442b70624bf215292b2aadfdf8d,/scratch/skremer/TE_World2-pilot/TE-Interaction-Experiments/HLLLHHL-HH/provenance-003-001.json,2026-08-30T13:32:49.118236+00:00
HLLLHHL-HL,1,6878305618863063433,host_extinction,13,0,state-001-001-0000000.gz,20793821,690,compact_numpy_v1,ee6a78f884798442b70624bf215292b2aadfdf8d,/scratch/skremer/TE_World2-pilot/TE-Interaction-Experiments/HLLLHHL-HL/provenance-001-001.json,2026-08-30T13:32:49.083856+00:00
HLLLHHL-HL,2,9420520478799396502,host_extinction,17,0,state-002-001-0000000.gz,20793821,691,compact_numpy_v1,ee6a78f884798442b70624bf215292b2aadfdf8d,/scratch/skremer/TE_World2-pilot/TE-Interaction-Experiments/HLLLHHL-HL/provenance-002-001.json,2026-08-30T13:32:49.086695+00:00
HLLLHHL-HL,3,10270043090875624522,host_extinction,15,0,state-003-001-0000000.gz,20793821,692,compact_numpy_v1,ee6a78f884798442b70624bf215292b2aadfdf8d,/scratch/skremer/TE_World2-pilot/TE-Interaction-Experiments/HLLLHHL-HL/provenance-003-001.json,2026-08-30T13:32:49.090150+00:00
HLLLHHL-LH,1,18408965177212407407,host_extinction,9,0,state-001-001-0000000.gz,20793821,687,compact_numpy_v1,ee6a78f884798442b70624bf215292b2aadfdf8d,/scratch/skremer/TE_World2-pilot/TE-Interaction-Experiments/HLLLHHL-LH/provenance-001-001.json,2026-08-30T13:32:49.075238+00:00
HLLLHHL-LH,2,4106462283592933482,host_extinction,9,0,state-002-001-0000000.gz,20793821,688,compact_numpy_v1,ee6a78f884798442b70624bf215292b2aadfdf8d,/scratch/skremer/TE_World2-pilot/TE-Interaction-Experiments/HLLLHHL-LH/provenance-002-001.json,2026-08-30T13:32:49.077949+00:00
HLLLHHL-LH,3,15996871345973168990,host_extinction,8,0,state-003-001-0000000.gz,20793821,689,compact_numpy_v1,ee6a78f884798442b70624bf215292b2aadfdf8d,/scratch/skremer/TE_World2-pilot/TE-Interaction-Experiments/HLLLHHL-LH/provenance-003-001.json,2026-08-30T13:32:49.080587+00:00
HLLLHHL-LL,1,12481256532015574266,host_extinction,8,0,state-001-001-0000000.gz,20793821,684,compact_numpy_v1,ee6a78f884798442b70624bf215292b2aadfdf8d,/scratch/skremer/TE_World2-pilot/TE-Interaction-Experiments/HLLLHHL-LL/provenance-001-001.json,2026-08-30T13:32:49.064357+00:00
HLLLHHL-LL,2,10602989342404238541,te_extinction,225,29,state-002-001-0000200.gz,20793821,685,compact_numpy_v1,ee6a78f884798442b70624bf215292b2aadfdf8d,/scratch/skremer/TE_World2-pilot/TE-Interaction-Experiments/HLLLHHL-LL/provenance-002-001.json,2026-08-30T13:32:49.066818+00:00
HLLLHHL-LL,3,17129037041448204466,host_extinction,8,0,state-003-001-0000000.gz,20793821,686,compact_numpy_v1,ee6a78f884798442b70624bf215292b2aadfdf8d,/scratch/skremer/TE_World2-pilot/TE-Interaction-Experiments/HLLLHHL-LL/provenance-003-001.json,2026-08-30T13:32:49.071759+00:00
HLLLHLH-HH,1,1041966300123121125,te_extinction,392,289,state-001-001-0000350.gz,20793821,705,compact_numpy_v1,ee6a78f884798442b70624bf215292b2aadfdf8d,/scratch/skremer/TE_World2-pilot/TE-Interaction-Experiments/HLLLHLH-HH/provenance-001-001.json,2026-08-30T13:32:49.190409+00:00
HLLLHLH-HH,2,10755807441263263348,te_extinction,453,299,state-002-001-0000450.gz,20793821,706,compact_numpy_v1,ee6a78f884798442b70624bf215292b2aadfdf8d,/scratch/skremer/TE_World2-pilot/TE-Interaction-Experiments/HLLLHLH-HH/provenance-002-001.json,2026-08-30T13:32:49.196094+00:00
HLLLHLH-HH,3,11479989062570528600,checkpointed,329,296,state-003-001-0000329.gz,20793821,707,compact_numpy_v1,ee6a78f884798442b70624bf215292b2aadfdf8d,/scratch/skremer/TE_World2-pilot/TE-Interaction-Experiments/HLLLHLH-HH/provenance-003-001.json,2026-08-30T13:32:49.203660+00:00
HLLLHLH-HL,1,14004614293653338973,te_extinction,537,304,state-001-001-0000500.gz,20793821,702,compact_numpy_v1,ee6a78f884798442b70624bf215292b2aadfdf8d,/scratch/skremer/TE_World2-pilot/TE-Interaction-Experiments/HLLLHLH-HL/provenance-001-001.json,2026-08-30T13:32:49.163869+00:00
HLLLHLH-HL,2,16904039998505764127,host_extinction,21,0,state-002-001-0000000.gz,20793821,703,compact_numpy_v1,ee6a78f884798442b70624bf215292b2aadfdf8d,/scratch/skremer/TE_World2-pilot/TE-Interaction-Experiments/HLLLHLH-HL/provenance-002-001.json,2026-08-30T13:32:49.172431+00:00
HLLLHLH-HL,3,1098758055878907644,te_extinction,775,295,state-003-001-0000750.gz,20793821,704,compact_numpy_v1,ee6a78f884798442b70624bf215292b2aadfdf8d,/scratch/skremer/TE_World2-pilot/TE-Interaction-Experiments/HLLLHLH-HL/provenance-003-001.json,2026-08-30T13:32:49.178750+00:00
HLLLHLH-LH,1,16468549008226955237,host_extinction,11,0,state-001-001-0000000.gz,20793821,699,compact_numpy_v1,ee6a78f884798442b70624bf215292b2aadfdf8d,/scratch/skremer/TE_World2-pilot/TE-Interaction-Experiments/HLLLHLH-LH/provenance-001-001.json,2026-08-30T13:32:49.140406+00:00
HLLLHLH-LH,2,1541543596358809398,te_extinction,642,307,state-002-001-0000600.gz,20793821,700,compact_numpy_v1,ee6a78f884798442b70624bf215292b2aadfdf8d,/scratch/skremer/TE_World2-pilot/TE-Interaction-Experiments/HLLLHLH-LH/provenance-002-001.json,2026-08-30T13:32:49.143796+00:00
HLLLHLH-LH,3,13357270768089522047,te_extinction,941,284,state-003-001-0000900.gz,20793821,701,compact_numpy_v1,ee6a78f884798442b70624bf215292b2aadfdf8d,/scratch/skremer/TE_World2-pilot/TE-Interaction-Experiments/HLLLHLH-LH/provenance-003-001.json,2026-08-30T13:32:49.152416+00:00
HLLLHLH-LL,1,15328092877689153,te_extinction,440,327,state-001-001-0000400.gz,20793821,696,compact_numpy_v1,ee6a78f884798442b70624bf215292b2aadfdf8d,/scratch/skremer/TE_World2-pilot/TE-Interaction-Experiments/HLLLHLH-LL/provenance-001-001.json,2026-08-30T13:32:49.122025+00:00
HLLLHLH-LL,2,9946953191242189054,te_extinction,349,296,state-002-001-0000300.gz,20793821,697,compact_numpy_v1,ee6a78f884798442b70624bf215292b2aadfdf8d,/scratch/skremer/TE_World2-pilot/TE-Interaction-Experiments/HLLLHLH-LL/provenance-002-001.json,2026-08-30T13:32:49.129869+00:00
HLLLHLH-LL,3,3918578508050752937,host_extinction,10,0,state-003-001-0000000.gz,20793821,698,compact_numpy_v1,ee6a78f884798442b70624bf215292b2aadfdf8d,/scratch/skremer/TE_World2-pilot/TE-Interaction-Experiments/HLLLHLH-LL/provenance-003-001.json,2026-08-30T13:32:49.136724+00:00
HLLLHLL-HH,1,3362090521658157407,maximum_generations,1500,27,state-001-001-0001500.gz,20793821,717,compact_numpy_v1,ee6a78f884798442b70624bf215292b2aadfdf8d,/scratch/skremer/TE_World2-pilot/TE-Interaction-Experiments/HLLLHLL-HH/provenance-001-001.json,2026-08-30T13:32:49.248617+00:00
HLLLHLL-HH,2,14228307930680911455,host_extinction,19,0,state-002-001-0000000.gz,20793821,718,compact_numpy_v1,ee6a78f884798442b70624bf215292b2aadfdf8d,/scratch/skremer/TE_World2-pilot/TE-Interaction-Experiments/HLLLHLL-HH/provenance-002-001.json,2026-08-30T13:32:49.273099+00:00
HLLLHLL-HH,3,6146055654117929513,maximum_generations,1500,23,state-003-001-0001500.gz,20793821,719,compact_numpy_v1,ee6a78f884798442b70624bf215292b2aadfdf8d,/scratch/skremer/TE_World2-pilot/TE-Interaction-Experiments/HLLLHLL-HH/provenance-003-001.json,2026-08-30T13:32:49.277578+00:00
HLLLHLL-HL,1,9440380313510890877,host_extinction,14,0,state-001-001-0000000.gz,20793821,714,compact_numpy_v1,ee6a78f884798442b70624bf215292b2aadfdf8d,/scratch/skremer/TE_World2-pilot/TE-Interaction-Experiments/HLLLHLL-HL/provenance-001-001.json,2026-08-30T13:32:49.231953+00:00
HLLLHLL-HL,2,9691476042334120304,host_extinction,12,0,state-002-001-0000000.gz,20793821,715,compact_numpy_v1,ee6a78f884798442b70624bf215292b2aadfdf8d,/scratch/skremer/TE_World2-pilot/TE-Interaction-Experiments/HLLLHLL-HL/provenance-002-001.json,2026-08-30T13:32:49.235516+00:00
HLLLHLL-HL,3,2813464481533096133,te_extinction,552,29,state-003-001-0000550.gz,20793821,716,compact_numpy_v1,ee6a78f884798442b70624bf215292b2aadfdf8d,/scratch/skremer/TE_World2-pilot/TE-Interaction-Experiments/HLLLHLL-HL/provenance-003-001.json,2026-08-30T13:32:49.239676+00:00
HLLLHLL-LH,1,15454321952575082296,host_extinction,9,0,state-001-001-0000000.gz,20793821,711,compact_numpy_v1,ee6a78f884798442b70624bf215292b2aadfdf8d,/scratch/skremer/TE_World2-pilot/TE-Interaction-Experiments/HLLLHLL-LH/provenance-001-001.json,2026-08-30T13:32:49.220360+00:00
HLLLHLL-LH,2,10727710261622805647,host_extinction,8,0,state-002-001-0000000.gz,20793821,712,compact_numpy_v1,ee6a78f884798442b70624bf215292b2aadfdf8d,/scratch/skremer/TE_World2-pilot/TE-Interaction-Experiments/HLLLHLL-LH/provenance-002-001.json,2026-08-30T13:32:49.222967+00:00
HLLLHLL-LH,3,1188124337199838737,host_extinction,10,0,state-003-001-0000000.gz,20793821,713,compact_numpy_v1,ee6a78f884798442b70624bf215292b2aadfdf8d,/scratch/skremer/TE_World2-pilot/TE-Interaction-Experiments/HLLLHLL-LH/provenance-003-001.json,2026-08-30T13:32:49.226011+00:00
HLLLHLL-LL,1,14678415241751728356,host_extinction,8,0,state-001-001-0000000.gz,20793821,708,compact_numpy_v1,ee6a78f884798442b70624bf215292b2aadfdf8d,/scratch/skremer/TE_World2-pilot/TE-Interaction-Experiments/HLLLHLL-LL/provenance-001-001.json,2026-08-30T13:32:49.210363+00:00
HLLLHLL-LL,2,1137573703190561637,host_extinction,8,0,state-002-001-0000000.gz,20793821,709,compact_numpy_v1,ee6a78f884798442b70624bf215292b2aadfdf8d,/scratch/skremer/TE_World2-pilot/TE-Interaction-Experiments/HLLLHLL-LL/provenance-002-001.json,2026-08-30T13:32:49.213901+00:00
HLLLHLL-LL,3,8758324580472824006,host_extinction,8,0,state-003-001-0000000.gz,20793821,710,compact_numpy_v1,ee6a78f884798442b70624bf215292b2aadfdf8d,/scratch/skremer/TE_World2-pilot/TE-Interaction-Experiments/HLLLHLL-LL/provenance-003-001.json,2026-08-30T13:32:49.217008+00:00
HLLLLHH-HH,1,14006583533111876663,te_extinction,387,292,state-001-001-0000350.gz,20793821,729,compact_numpy_v1,ee6a78f884798442b70624bf215292b2aadfdf8d,/scratch/skremer/TE_World2-pilot/TE-Interaction-Experiments/HLLLLHH-HH/provenance-001-001.json,2026-08-30T13:32:49.351642+00:00
HLLLLHH-HH,2,5636204290401120435,te_extinction,912,306,state-002-001-0000900.gz,20793821,730,compact_numpy_v1,ee6a78f884798442b70624bf215292b2aadfdf8d,/scratch/skremer/TE_World2-pilot/TE-Interaction-Experiments/HLLLLHH-HH/provenance-002-001.json,2026-08-30T13:32:49.357805+00:00
HLLLLHH-HH,3,11104411877601447041,te_extinction,377,278,state-003-001-0000350.gz,20793821,731,compact_numpy_v1,ee6a78f884798442b70624bf215292b2aadfdf8d,/scratch/skremer/TE_World2-pilot/TE-Interaction-Experiments/HLLLLHH-HH/provenance-003-001.json,2026-08-30T13:32:49.370785+00:00
HLLLLHH-HL,1,7179622713280375344,te_extinction,646,266,state-001-001-0000600.gz,20793821,726,compact_numpy_v1,ee6a78f884798442b70624bf215292b2aadfdf8d,/scratch/skremer/TE_World2-pilot/TE-Interaction-Experiments/HLLLLHH-HL/provenance-001-001.json,2026-08-30T13:32:49.333304+00:00
HLLLLHH-HL,2,2023847371949289978,host_extinction,8,0,state-002-001-0000000.gz,20793821,727,compact_numpy_v1,ee6a78f884798442b70624bf215292b2aadfdf8d,/scratch/skremer/TE_World2-pilot/TE-Interaction-Experiments/HLLLLHH-HL/provenance-002-001.json,2026-08-30T13:32:49.341246+00:00
HLLLLHH-HL,3,6340936699905914668,te_extinction,334,299,state-003-001-0000300.gz,20793821,728,compact_numpy_v1,ee6a78f884798442b70624bf215292b2aadfdf8d,/scratch/skremer/TE_World2-pilot/TE-Interaction-Experiments/HLLLLHH-HL/provenance-003-001.json,2026-08-30T13:32:49.344827+00:00
HLLLLHH-LH,1,14137752099461340926,host_extinction,7,0,state-001-001-0000000.gz,20793821,723,compact_numpy_v1,ee6a78f884798442b70624bf215292b2aadfdf8d,/scratch/skremer/TE_World2-pilot/TE-Interaction-Experiments/HLLLLHH-LH/provenance-001-001.json,2026-08-30T13:32:49.310951+00:00
HLLLLHH-LH,2,16996400789208433535,te_extinction,538,312,state-002-001-0000500.gz,20793821,724,compact_numpy_v1,ee6a78f884798442b70624bf215292b2aadfdf8d,/scratch/skremer/TE_World2-pilot/TE-Interaction-Experiments/HLLLLHH-LH/provenance-002-001.json,2026-08-30T13:32:49.314846+00:00
HLLLLHH-LH,3,13412801246808283863,te_extinction,835,310,state-003-001-0000800.gz,20793821,725,compact_numpy_v1,ee6a78f884798442b70624bf215292b2aadfdf8d,/scratch/skremer/TE_World2-pilot/TE-Interaction-Experiments/HLLLLHH-LH/provenance-003-001.json,2026-08-30T13:32:49.322619+00:00
HLLLLHH-LL,1,16272824760905379171,te_extinction,206,300,state-001-001-0000200.gz,20793821,720,compact_numpy_v1,ee6a78f884798442b70624bf215292b2aadfdf8d,/scratch/skremer/TE_World2-pilot/TE-Interaction-Experiments/HLLLLHH-LL/provenance-001-001.json,2026-08-30T13:32:49.295635+00:00
HLLLLHH-LL,2,7869882624109962536,te_extinction,435,320,state-002-001-0000400.gz,20793821,721,compact_numpy_v1,ee6a78f884798442b70624bf215292b2aadfdf8d,/scratch/skremer/TE_World2-pilot/TE-Interaction-Experiments/HLLLLHH-LL/provenance-002-001.json,2026-08-30T13:32:49.301305+00:00
HLLLLHH-LL,3,14311390306604970741,host_extinction,8,0,state-003-001-0000000.gz,20793821,722,compact_numpy_v1,ee6a78f884798442b70624bf215292b2aadfdf8d,/scratch/skremer/TE_World2-pilot/TE-Interaction-Experiments/HLLLLHH-LL/provenance-003-001.json,2026-08-30T13:32:49.307757+00:00
HLLLLHL-HH,1,10403954487857148551,host_extinction,7,0,state-001-001-0000000.gz,20793821,741,compact_numpy_v1,ee6a78f884798442b70624bf215292b2aadfdf8d,/scratch/skremer/TE_World2-pilot/TE-Interaction-Experiments/HLLLLHL-HH/provenance-001-001.json,2026-08-30T13:32:49.414810+00:00
HLLLLHL-HH,2,9132140875857659835,host_extinction,7,0,state-002-001-0000000.gz,20793821,742,compact_numpy_v1,ee6a78f884798442b70624bf215292b2aadfdf8d,/scratch/skremer/TE_World2-pilot/TE-Interaction-Experiments/HLLLLHL-HH/provenance-002-001.json,2026-08-30T13:32:49.418354+00:00
HLLLLHL-HH,3,4723207059703197933,host_extinction,10,0,state-003-001-0000000.gz,20793821,743,compact_numpy_v1,ee6a78f884798442b70624bf215292b2aadfdf8d,/scratch/skremer/TE_World2-pilot/TE-Interaction-Experiments/HLLLLHL-HH/provenance-003-001.json,2026-08-30T13:32:49.421193+00:00
HLLLLHL-HL,1,1353190489349509048,host_extinction,7,0,state-001-001-0000000.gz,20793821,738,compact_numpy_v1,ee6a78f884798442b70624bf215292b2aadfdf8d,/scratch/skremer/TE_World2-pilot/TE-Interaction-Experiments/HLLLLHL-HL/provenance-001-001.json,2026-08-30T13:32:49.403416+00:00
HLLLLHL-HL,2,7768146860155676102,host_extinction,10,0,state-002-001-0000000.gz,20793821,739,compact_numpy_v1,ee6a78f884798442b70624bf215292b2aadfdf8d,/scratch/skremer/TE_World2-pilot/TE-Interaction-Experiments/HLLLLHL-HL/provenance-002-001.json,2026-08-30T13:32:49.406540+00:00
HLLLLHL-HL,3,14876636623261729134,host_extinction,6,0,state-003-001-0000000.gz,20793821,740,compact_numpy_v1,ee6a78f884798442b70624bf215292b2aadfdf8d,/scratch/skremer/TE_World2-pilot/TE-Interaction-Experiments/HLLLLHL-HL/provenance-003-001.json,2026-08-30T13:32:49.410883+00:00
HLLLLHL-LH,1,13506394493893202708,host_extinction,6,0,state-001-001-0000000.gz,20793821,735,compact_numpy_v1,ee6a78f884798442b70624bf215292b2aadfdf8d,/scratch/skremer/TE_World2-pilot/TE-Interaction-Experiments/HLLLLHL-LH/provenance-001-001.json,2026-08-30T13:32:49.389869+00:00
HLLLLHL-LH,2,4885022815193801861,te_extinction,468,33,state-002-001-0000450.gz,20793821,736,compact_numpy_v1,ee6a78f884798442b70624bf215292b2aadfdf8d,/scratch/skremer/TE_World2-pilot/TE-Interaction-Experiments/HLLLLHL-LH/provenance-002-001.json,2026-08-30T13:32:49.393787+00:00
HLLLLHL-LH,3,4154107612788928452,host_extinction,6,0,state-003-001-0000000.gz,20793821,737,compact_numpy_v1,ee6a78f884798442b70624bf215292b2aadfdf8d,/scratch/skremer/TE_World2-pilot/TE-Interaction-Experiments/HLLLLHL-LH/provenance-003-001.json,2026-08-30T13:32:49.400820+00:00
HLLLLHL-LL,1,1599176818445872102,host_extinction,6,0,state-001-001-0000000.gz,20793821,732,compact_numpy_v1,ee6a78f884798442b70624bf215292b2aadfdf8d,/scratch/skremer/TE_World2-pilot/TE-Interaction-Experiments/HLLLLHL-LL/provenance-001-001.json,2026-08-30T13:32:49.379310+00:00
HLLLLHL-LL,2,9498393821488490394,host_extinction,6,0,state-002-001-0000000.gz,20793821,733,compact_numpy_v1,ee6a78f884798442b70624bf215292b2aadfdf8d,/scratch/skremer/TE_World2-pilot/TE-Interaction-Experiments/HLLLLHL-LL/provenance-002-001.json,2026-08-30T13:32:49.382319+00:00
HLLLLHL-LL,3,10121725069056152378,host_extinction,7,0,state-003-001-0000000.gz,20793821,734,compact_numpy_v1,ee6a78f884798442b70624bf215292b2aadfdf8d,/scratch/skremer/TE_World2-pilot/TE-Interaction-Experiments/HLLLLHL-LL/provenance-003-001.json,2026-08-30T13:32:49.385877+00:00
HLLLLLH-HH,1,1732971945473829442,te_extinction,727,302,state-001-001-0000700.gz,20793821,753,compact_numpy_v1,ee6a78f884798442b70624bf215292b2aadfdf8d,/scratch/skremer/TE_World2-pilot/TE-Interaction-Experiments/HLLLLLH-HH/provenance-001-001.json,2026-08-30T13:32:49.517488+00:00
HLLLLLH-HH,2,12022386662833856248,te_extinction,573,302,state-002-001-0000550.gz,20793821,754,compact_numpy_v1,ee6a78f884798442b70624bf215292b2aadfdf8d,/scratch/skremer/TE_World2-pilot/TE-Interaction-Experiments/HLLLLLH-HH/provenance-002-001.json,2026-08-30T13:32:49.526031+00:00
HLLLLLH-HH,3,17176649925921127227,te_extinction,376,326,state-003-001-0000350.gz,20793821,755,compact_numpy_v1,ee6a78f884798442b70624bf215292b2aadfdf8d,/scratch/skremer/TE_World2-pilot/TE-Interaction-Experiments/HLLLLLH-HH/provenance-003-001.json,2026-08-30T13:32:49.534439+00:00
HLLLLLH-HL,1,5470857279858751186,te_extinction,581,282,state-001-001-0000550.gz,20793821,750,compact_numpy_v1,ee6a78f884798442b70624bf215292b2aadfdf8d,/scratch/skremer/TE_World2-pilot/TE-Interaction-Experiments/HLLLLLH-HL/provenance-001-001.json,2026-08-30T13:32:49.494059+00:00
HLLLLLH-HL,2,7706313729979802803,te_extinction,805,297,state-002-001-0000800.gz,20793821,751,compact_numpy_v1,ee6a78f884798442b70624bf215292b2aadfdf8d,/scratch/skremer/TE_World2-pilot/TE-Interaction-Experiments/HLLLLLH-HL/provenance-002-001.json,2026-08-30T13:32:49.501301+00:00
HLLLLLH-HL,3,7629906621455032121,te_extinction,392,301,state-003-001-0000350.gz,20793821,752,compact_numpy_v1,ee6a78f884798442b70624bf215292b2aadfdf8d,/scratch/skremer/TE_World2-pilot/TE-Interaction-Experiments/HLLLLLH-HL/provenance-003-001.json,2026-08-30T13:32:49.510544+00:00
HLLLLLH-LH,1,12207804103676374251,host_extinction,7,0,state-001-001-0000000.gz,20793821,747,compact_numpy_v1,ee6a78f884798442b70624bf215292b2aadfdf8d,/scratch/skremer/TE_World2-pilot/TE-Interaction-Experiments/HLLLLLH-LH/provenance-001-001.json,2026-08-30T13:32:49.453714+00:00
HLLLLLH-LH,2,12497280147964726312,te_extinction,784,294,state-002-001-0000750.gz,20793821,748,compact_numpy_v1,ee6a78f884798442b70624bf215292b2aadfdf8d,/scratch/skremer/TE_World2-pilot/TE-Interaction-Experiments/HLLLLLH-LH/provenance-002-001.json,2026-08-30T13:32:49.465976+00:00
HLLLLLH-LH,3,1069876604035272341,te_extinction,1227,299,state-003-001-0001200.gz,20793821,749,compact_numpy_v1,ee6a78f884798442b70624bf215292b2aadfdf8d,/scratch/skremer/TE_World2-pilot/TE-Interaction-Experiments/HLLLLLH-LH/provenance-003-001.json,2026-08-30T13:32:49.479287+00:00
HLLLLLH-LL,1,2406296136977540941,te_extinction,660,324,state-001-001-0000650.gz,20793821,744,compact_numpy_v1,ee6a78f884798442b70624bf215292b2aadfdf8d,/scratch/skremer/TE_World2-pilot/TE-Interaction-Experiments/HLLLLLH-LL/provenance-001-001.json,2026-08-30T13:32:49.424789+00:00
HLLLLLH-LL,2,7304841249207746028,te_extinction,837,313,state-002-001-0000800.gz,20793821,745,compact_numpy_v1,ee6a78f884798442b70624bf215292b2aadfdf8d,/scratch/skremer/TE_World2-pilot/TE-Interaction-Experiments/HLLLLLH-LL/provenance-002-001.json,2026-08-30T13:32:49.433287+00:00
HLLLLLH-LL,3,2545658609708068383,te_extinction,449,288,state-003-001-0000400.gz,20793821,746,compact_numpy_v1,ee6a78f884798442b70624bf215292b2aadfdf8d,/scratch/skremer/TE_World2-pilot/TE-Interaction-Experiments/HLLLLLH-LL/provenance-003-001.json,2026-08-30T13:32:49.445043+00:00
HLLLLLL-HH,1,5213693347345356000,host_extinction,9,0,state-001-001-0000000.gz,20793821,765,compact_numpy_v1,ee6a78f884798442b70624bf215292b2aadfdf8d,/scratch/skremer/TE_World2-pilot/TE-Interaction-Experiments/HLLLLLL-HH/provenance-001-001.json,2026-08-30T13:32:49.584029+00:00
HLLLLLL-HH,2,7562284282214660033,host_extinction,8,0,state-002-001-0000000.gz,20793821,766,compact_numpy_v1,ee6a78f884798442b70624bf215292b2aadfdf8d,/scratch/skremer/TE_World2-pilot/TE-Interaction-Experiments/HLLLLLL-HH/provenance-002-001.json,2026-08-30T13:32:49.587572+00:00
HLLLLLL-HH,3,1174607843679708335,host_extinction,11,0,state-003-001-0000000.gz,20793821,767,compact_numpy_v1,ee6a78f884798442b70624bf215292b2aadfdf8d,/scratch/skremer/TE_World2-pilot/TE-Interaction-Experiments/HLLLLLL-HH/provenance-003-001.json,2026-08-30T13:32:49.590904+00:00
HLLLLLL-HL,1,3065960389457105426,te_extinction,322,30,state-001-001-0000300.gz,20793821,762,compact_numpy_v1,ee6a78f884798442b70624bf215292b2aadfdf8d,/scratch/skremer/TE_World2-pilot/TE-Interaction-Experiments/HLLLLLL-HL/provenance-001-001.json,2026-08-30T13:32:49.567207+00:00
HLLLLLL-HL,2,9929495405804158744,te_extinction,573,26,state-002-001-0000550.gz,20793821,763,compact_numpy_v1,ee6a78f884798442b70624bf215292b2aadfdf8d,/scratch/skremer/TE_World2-pilot/TE-Interaction-Experiments/HLLLLLL-HL/provenance-002-001.json,2026-08-30T13:32:49.572713+00:00
HLLLLLL-HL,3,3869509260160249566,host_extinction,8,0,state-003-001-0000000.gz,20793821,764,compact_numpy_v1,ee6a78f884798442b70624bf215292b2aadfdf8d,/scratch/skremer/TE_World2-pilot/TE-Interaction-Experiments/HLLLLLL-HL/provenance-003-001.json,2026-08-30T13:32:49.580403+00:00
HLLLLLL-LH,1,8478958823800795196,host_extinction,7,0,state-001-001-0000000.gz,20793821,759,compact_numpy_v1,ee6a78f884798442b70624bf215292b2aadfdf8d,/scratch/skremer/TE_World2-pilot/TE-Interaction-Experiments/HLLLLLL-LH/provenance-001-001.json,2026-08-30T13:32:49.552720+00:00
HLLLLLL-LH,2,2544990362411395271,te_extinction,359,24,state-002-001-0000350.gz,20793821,760,compact_numpy_v1,ee6a78f884798442b70624bf215292b2aadfdf8d,/scratch/skremer/TE_World2-pilot/TE-Interaction-Experiments/HLLLLLL-LH/provenance-002-001.json,2026-08-30T13:32:49.555656+00:00
HLLLLLL-LH,3,3915312609903978694,host_extinction,6,0,state-003-001-0000000.gz,20793821,761,compact_numpy_v1,ee6a78f884798442b70624bf215292b2aadfdf8d,/scratch/skremer/TE_World2-pilot/TE-Interaction-Experiments/HLLLLLL-LH/provenance-003-001.json,2026-08-30T13:32:49.562712+00:00
HLLLLLL-LL,1,272075281655416268,host_extinction,6,0,state-001-001-0000000.gz,20793821,756,compact_numpy_v1,ee6a78f884798442b70624bf215292b2aadfdf8d,/scratch/skremer/TE_World2-pilot/TE-Interaction-Experiments/HLLLLLL-LL/provenance-001-001.json,2026-08-30T13:32:49.541309+00:00
HLLLLLL-LL,2,8031736674670268807,host_extinction,5,0,state-002-001-0000000.gz,20793821,757,compact_numpy_v1,ee6a78f884798442b70624bf215292b2aadfdf8d,/scratch/skremer/TE_World2-pilot/TE-Interaction-Experiments/HLLLLLL-LL/provenance-002-001.json,2026-08-30T13:32:49.546220+00:00
HLLLLLL-LL,3,7348878220376951765,host_extinction,6,0,state-003-001-0000000.gz,20793821,758,compact_numpy_v1,ee6a78f884798442b70624bf215292b2aadfdf8d,/scratch/skremer/TE_World2-pilot/TE-Interaction-Experiments/HLLLLLL-LL/provenance-003-001.json,2026-08-30T13:32:49.549624+00:00
LHHHHHH-HH,1,15624114992168566097,host_extinction,15,0,state-001-001-0000000.gz,20793821,777,compact_numpy_v1,ee6a78f884798442b70624bf215292b2aadfdf8d,/scratch/skremer/TE_World2-pilot/TE-Interaction-Experiments/LHHHHHH-HH/provenance-001-001.json,2026-08-30T13:32:49.656571+00:00
LHHHHHH-HH,2,7733090746867079957,host_extinction,19,0,state-002-001-0000000.gz,20793821,778,compact_numpy_v1,ee6a78f884798442b70624bf215292b2aadfdf8d,/scratch/skremer/TE_World2-pilot/TE-Interaction-Experiments/LHHHHHH-HH/provenance-002-001.json,2026-08-30T13:32:49.659547+00:00
LHHHHHH-HH,3,15583733410369078706,host_extinction,15,0,state-003-001-0000000.gz,20793821,779,compact_numpy_v1,ee6a78f884798442b70624bf215292b2aadfdf8d,/scratch/skremer/TE_World2-pilot/TE-Interaction-Experiments/LHHHHHH-HH/provenance-003-001.json,2026-08-30T13:32:49.664063+00:00
LHHHHHH-HL,1,14287345465431488018,host_extinction,18,0,state-001-001-0000000.gz,20793821,774,compact_numpy_v1,ee6a78f884798442b70624bf215292b2aadfdf8d,/scratch/skremer/TE_World2-pilot/TE-Interaction-Experiments/LHHHHHH-HL/provenance-001-001.json,2026-08-30T13:32:49.643303+00:00
LHHHHHH-HL,2,12144029564178756770,host_extinction,13,0,state-002-001-0000000.gz,20793821,775,compact_numpy_v1,ee6a78f884798442b70624bf215292b2aadfdf8d,/scratch/skremer/TE_World2-pilot/TE-Interaction-Experiments/LHHHHHH-HL/provenance-002-001.json,2026-08-30T13:32:49.648948+00:00
LHHHHHH-HL,3,13357457924062031622,host_extinction,13,0,state-003-001-0000000.gz,20793821,776,compact_numpy_v1,ee6a78f884798442b70624bf215292b2aadfdf8d,/scratch/skremer/TE_World2-pilot/TE-Interaction-Experiments/LHHHHHH-HL/provenance-003-001.json,2026-08-30T13:32:49.653077+00:00
LHHHHHH-LH,1,3501596160761746037,host_extinction,10,0,state-001-001-0000000.gz,20793821,771,compact_numpy_v1,ee6a78f884798442b70624bf215292b2aadfdf8d,/scratch/skremer/TE_World2-pilot/TE-Interaction-Experiments/LHHHHHH-LH/provenance-001-001.json,2026-08-30T13:32:49.608371+00:00
LHHHHHH-LH,2,4585233641176600195,maximum_generations,1500,318,state-002-001-0001500.gz,20793821,772,compact_numpy_v1,ee6a78f884798442b70624bf215292b2aadfdf8d,/scratch/skremer/TE_World2-pilot/TE-Interaction-Experiments/LHHHHHH-LH/provenance-002-001.json,2026-08-30T13:32:49.611502+00:00
LHHHHHH-LH,3,11955428072327389471,maximum_generations,1500,291,state-003-001-0001500.gz,20793821,773,compact_numpy_v1,ee6a78f884798442b70624bf215292b2aadfdf8d,/scratch/skremer/TE_World2-pilot/TE-Interaction-Experiments/LHHHHHH-LH/provenance-003-001.json,2026-08-30T13:32:49.627166+00:00
LHHHHHH-LL,1,5472684704912352735,host_extinction,11,0,state-001-001-0000000.gz,20793821,768,compact_numpy_v1,ee6a78f884798442b70624bf215292b2aadfdf8d,/scratch/skremer/TE_World2-pilot/TE-Interaction-Experiments/LHHHHHH-LL/provenance-001-001.json,2026-08-30T13:32:49.594881+00:00
LHHHHHH-LL,2,12431958300461223382,host_extinction,9,0,state-002-001-0000000.gz,20793821,769,compact_numpy_v1,ee6a78f884798442b70624bf215292b2aadfdf8d,/scratch/skremer/TE_World2-pilot/TE-Interaction-Experiments/LHHHHHH-LL/provenance-002-001.json,2026-08-30T13:32:49.600528+00:00
LHHHHHH-LL,3,12545767716274084118,host_extinction,12,0,state-003-001-0000000.gz,20793821,770,compact_numpy_v1,ee6a78f884798442b70624bf215292b2aadfdf8d,/scratch/skremer/TE_World2-pilot/TE-Interaction-Experiments/LHHHHHH-LL/provenance-003-001.json,2026-08-30T13:32:49.604093+00:00
LHHHHHL-HH,1,11481854202564500967,host_extinction,10,0,state-001-001-0000000.gz,20793821,789,compact_numpy_v1,ee6a78f884798442b70624bf215292b2aadfdf8d,/scratch/skremer/TE_World2-pilot/TE-Interaction-Experiments/LHHHHHL-HH/provenance-001-001.json,2026-08-30T13:32:49.709361+00:00
LHHHHHL-HH,2,5885678117993944774,host_extinction,12,0,state-002-001-0000000.gz,20793821,790,compact_numpy_v1,ee6a78f884798442b70624bf215292b2aadfdf8d,/scratch/skremer/TE_World2-pilot/TE-Interaction-Experiments/LHHHHHL-HH/provenance-002-001.json,2026-08-30T13:32:49.712752+00:00
LHHHHHL-HH,3,12332349895377477979,host_extinction,11,0,state-003-001-0000000.gz,20793821,791,compact_numpy_v1,ee6a78f884798442b70624bf215292b2aadfdf8d,/scratch/skremer/TE_World2-pilot/TE-Interaction-Experiments/LHHHHHL-HH/provenance-003-001.json,2026-08-30T13:32:49.715734+00:00
LHHHHHL-HL,1,2655382196429631573,host_extinction,9,0,state-001-001-0000000.gz,20793821,786,compact_numpy_v1,ee6a78f884798442b70624bf215292b2aadfdf8d,/scratch/skremer/TE_World2-pilot/TE-Interaction-Experiments/LHHHHHL-HL/provenance-001-001.json,2026-08-30T13:32:49.687572+00:00
LHHHHHL-HL,2,10788847294182250403,host_extinction,14,0,state-002-001-0000000.gz,20793821,787,compact_numpy_v1,ee6a78f884798442b70624bf215292b2aadfdf8d,/scratch/skremer/TE_World2-pilot/TE-Interaction-Experiments/LHHHHHL-HL/provenance-002-001.json,2026-08-30T13:32:49.691511+00:00
LHHHHHL-HL,3,7980973094442874853,te_extinction,1207,29,state-003-001-0001200.gz,20793821,788,compact_numpy_v1,ee6a78f884798442b70624bf215292b2aadfdf8d,/scratch/skremer/TE_World2-pilot/TE-Interaction-Experiments/LHHHHHL-HL/provenance-003-001.json,2026-08-30T13:32:49.694674+00:00
LHHHHHL-LH,1,9899518745645789324,host_extinction,7,0,state-001-001-0000000.gz,20793821,783,compact_numpy_v1,ee6a78f884798442b70624bf215292b2aadfdf8d,/scratch/skremer/TE_World2-pilot/TE-Interaction-Experiments/LHHHHHL-LH/provenance-001-001.json,2026-08-30T13:32:49.677328+00:00
LHHHHHL-LH,2,4035618108537424599,host_extinction,10,0,state-002-001-0000000.gz,20793821,784,compact_numpy_v1,ee6a78f884798442b70624bf215292b2aadfdf8d,/scratch/skremer/TE_World2-pilot/TE-Interaction-Experiments/LHHHHHL-LH/provenance-002-001.json,2026-08-30T13:32:49.681435+00:00
LHHHHHL-LH,3,4025121425881905577,host_extinction,8,0,state-003-001-0000000.gz,20793821,785,compact_numpy_v1,ee6a78f884798442b70624bf215292b2aadfdf8d,/scratch/skremer/TE_World2-pilot/TE-Interaction-Experiments/LHHHHHL-LH/provenance-003-001.json,2026-08-30T13:32:49.684684+00:00
LHHHHHL-LL,1,5916745939303310863,host_extinction,7,0,state-001-001-0000000.gz,20793821,780,compact_numpy_v1,ee6a78f884798442b70624bf215292b2aadfdf8d,/scratch/skremer/TE_World2-pilot/TE-Interaction-Experiments/LHHHHHL-LL/provenance-001-001.json,2026-08-30T13:32:49.667328+00:00
LHHHHHL-LL,2,4942655040570008533,host_extinction,9,0,state-002-001-0000000.gz,20793821,781,compact_numpy_v1,ee6a78f884798442b70624bf215292b2aadfdf8d,/scratch/skremer/TE_World2-pilot/TE-Interaction-Experiments/LHHHHHL-LL/provenance-002-001.json,2026-08-30T13:32:49.670311+00:00
LHHHHHL-LL,3,943052994300468690,host_extinction,8,0,state-003-001-0000000.gz,20793821,782,compact_numpy_v1,ee6a78f884798442b70624bf215292b2aadfdf8d,/scratch/skremer/TE_World2-pilot/TE-Interaction-Experiments/LHHHHHL-LL/provenance-003-001.json,2026-08-30T13:32:49.673394+00:00
LHHHHLH-HH,1,10230315843139845936,host_extinction,14,0,state-001-001-0000000.gz,20793821,801,compact_numpy_v1,ee6a78f884798442b70624bf215292b2aadfdf8d,/scratch/skremer/TE_World2-pilot/TE-Interaction-Experiments/LHHHHLH-HH/provenance-001-001.json,2026-08-30T13:32:49.764009+00:00
LHHHHLH-HH,2,8939050134535891341,host_extinction,17,0,state-002-001-0000000.gz,20793821,802,compact_numpy_v1,ee6a78f884798442b70624bf215292b2aadfdf8d,/scratch/skremer/TE_World2-pilot/TE-Interaction-Experiments/LHHHHLH-HH/provenance-002-001.json,2026-08-30T13:32:49.768166+00:00
LHHHHLH-HH,3,6325269155495070431,host_extinction,16,0,state-003-001-0000000.gz,20793821,803,compact_numpy_v1,ee6a78f884798442b70624bf215292b2aadfdf8d,/scratch/skremer/TE_World2-pilot/TE-Interaction-Experiments/LHHHHLH-HH/provenance-003-001.json,2026-08-30T13:32:49.771300+00:00
LHHHHLH-HL,1,4162346556410091008,host_extinction,11,0,state-001-001-0000000.gz,20793821,798,compact_numpy_v1,ee6a78f884798442b70624bf215292b2aadfdf8d,/scratch/skremer/TE_World2-pilot/TE-Interaction-Experiments/LHHHHLH-HL/provenance-001-001.json,2026-08-30T13:32:49.753217+00:00
LHHHHLH-HL,2,7688652551189160255,host_extinction,14,0,state-002-001-0000000.gz,20793821,799,compact_numpy_v1,ee6a78f884798442b70624bf215292b2aadfdf8d,/scratch/skremer/TE_World2-pilot/TE-Interaction-Experiments/LHHHHLH-HL/provenance-002-001.json,2026-08-30T13:32:49.756813+00:00
LHHHHLH-HL,3,1563505199778671623,host_extinction,12,0,state-003-001-0000000.gz,20793821,800,compact_numpy_v1,ee6a78f884798442b70624bf215292b2aadfdf8d,/scratch/skremer/TE_World2-pilot/TE-Interaction-Experiments/LHHHHLH-HL/provenance-003-001.json,2026-08-30T13:32:49.760640+00:00
LHHHHLH-LH,1,11815098722419764416,host_extinction,11,0,state-001-001-0000000.gz,20793821,795,compact_numpy_v1,ee6a78f884798442b70624bf215292b2aadfdf8d,/scratch/skremer/TE_World2-pilot/TE-Interaction-Experiments/LHHHHLH-LH/provenance-001-001.json,2026-08-30T13:32:49.742647+00:00
LHHHHLH-LH,2,18308109854707726504,host_extinction,11,0,state-002-001-0000000.gz,20793821,796,compact_numpy_v1,ee6a78f884798442b70624bf215292b2aadfdf8d,/scratch/skremer/TE_World2-pilot/TE-Interaction-Experiments/LHHHHLH-LH/provenance-002-001.json,2026-08-30T13:32:49.745410+00:00
LHHHHLH-LH,3,10296202296011133736,host_extinction,12,0,state-003-001-0000000.gz,20793821,797,compact_numpy_v1,ee6a78f884798442b70624bf215292b2aadfdf8d,/scratch/skremer/TE_World2-pilot/TE-Interaction-Experiments/LHHHHLH-LH/provenance-003-001.json,2026-08-30T13:32:49.748838+00:00
LHHHHLH-LL,1,9133675681084899423,host_extinction,10,0,state-001-001-0000000.gz,20793821,792,compact_numpy_v1,ee6a78f884798442b70624bf215292b2aadfdf8d,/scratch/skremer/TE_World2-pilot/TE-Interaction-Experiments/LHHHHLH-LL/provenance-001-001.json,2026-08-30T13:32:49.719704+00:00
LHHHHLH-LL,2,1137392904879783451,te_extinction,1389,290,state-002-001-0001350.gz,20793821,793,compact_numpy_v1,ee6a78f884798442b70624bf215292b2aadfdf8d,/scratch/skremer/TE_World2-pilot/TE-Interaction-Experiments/LHHHHLH-LL/provenance-002-001.json,2026-08-30T13:32:49.723932+00:00
LHHHHLH-LL,3,13966023989574497821,host_extinction,11,0,state-003-001-0000000.gz,20793821,794,compact_numpy_v1,ee6a78f884798442b70624bf215292b2aadfdf8d,/scratch/skremer/TE_World2-pilot/TE-Interaction-Experiments/LHHHHLH-LL/provenance-003-001.json,2026-08-30T13:32:49.739032+00:00
LHHHHLL-HH,1,18394884231754957795,host_extinction,14,0,state-001-001-0000000.gz,20793821,813,compact_numpy_v1,ee6a78f884798442b70624bf215292b2aadfdf8d,/scratch/skremer/TE_World2-pilot/TE-Interaction-Experiments/LHHHHLL-HH/provenance-001-001.json,2026-08-30T13:32:49.810098+00:00
LHHHHLL-HH,2,2162214932711486538,host_extinction,13,0,state-002-001-0000000.gz,20793821,814,compact_numpy_v1,ee6a78f884798442b70624bf215292b2aadfdf8d,/scratch/skremer/TE_World2-pilot/TE-Interaction-Experiments/LHHHHLL-HH/provenance-002-001.json,2026-08-30T13:32:49.814311+00:00
LHHHHLL-HH,3,8896087144727543545,host_extinction,13,0,state-003-001-0000000.gz,20793821,815,compact_numpy_v1,ee6a78f884798442b70624bf215292b2aadfdf8d,/scratch/skremer/TE_World2-pilot/TE-Interaction-Experiments/LHHHHLL-HH/provenance-003-001.json,2026-08-30T13:32:49.817538+00:00
LHHHHLL-HL,1,3941608683902765377,host_extinction,10,0,state-001-001-0000000.gz,20793821,810,compact_numpy_v1,ee6a78f884798442b70624bf215292b2aadfdf8d,/scratch/skremer/TE_World2-pilot/TE-Interaction-Experiments/LHHHHLL-HL/provenance-001-001.json,2026-08-30T13:32:49.798968+00:00
LHHHHLL-HL,2,17296941154863402636,host_extinction,9,0,state-002-001-0000000.gz,20793821,811,compact_numpy_v1,ee6a78f884798442b70624bf215292b2aadfdf8d,/scratch/skremer/TE_World2-pilot/TE-Interaction-Experiments/LHHHHLL-HL/provenance-002-001.json,2026-08-30T13:32:49.804420+00:00
LHHHHLL-HL,3,4739587469579163483,host_extinction,11,0,state-003-001-0000000.gz,20793821,812,compact_numpy_v1,ee6a78f884798442b70624bf215292b2aadfdf8d,/scratch/skremer/TE_World2-pilot/TE-Interaction-Experiments/LHHHHLL-HL/provenance-003-001.json,2026-08-30T13:32:49.807324+00:00
LHHHHLL-LH,1,15071558804287862191,host_extinction,10,0,state-001-001-0000000.gz,20793821,807,compact_numpy_v1,ee6a78f884798442b70624bf215292b2aadfdf8d,/scratch/skremer/TE_World2-pilot/TE-Interaction-Experiments/LHHHHLL-LH/provenance-001-001.json,2026-08-30T13:32:49.785937+00:00
LHHHHLL-LH,2,5284160162275451393,host_extinction,8,0,state-002-001-0000000.gz,20793821,808,compact_numpy_v1,ee6a78f884798442b70624bf215292b2aadfdf8d,/scratch/skremer/TE_World2-pilot/TE-Interaction-Experiments/LHHHHLL-LH/provenance-002-001.json,2026-08-30T13:32:49.790108+00:00
LHHHHLL-LH,3,11751321342317105484,host_extinction,8,0,state-003-001-0000000.gz,20793821,809,compact_numpy_v1,ee6a78f884798442b70624bf215292b2aadfdf8d,/scratch/skremer/TE_World2-pilot/TE-Interaction-Experiments/LHHHHLL-LH/provenance-003-001.json,2026-08-30T13:32:49.793360+00:00
LHHHHLL-LL,1,4948120194270252539,host_extinction,8,0,state-001-001-0000000.gz,20793821,804,compact_numpy_v1,ee6a78f884798442b70624bf215292b2aadfdf8d,/scratch/skremer/TE_World2-pilot/TE-Interaction-Experiments/LHHHHLL-LL/provenance-001-001.json,2026-08-30T13:32:49.775917+00:00
LHHHHLL-LL,2,11859983088832962628,host_extinction,11,0,state-002-001-0000000.gz,20793821,805,compact_numpy_v1,ee6a78f884798442b70624bf215292b2aadfdf8d,/scratch/skremer/TE_World2-pilot/TE-Interaction-Experiments/LHHHHLL-LL/provenance-002-001.json,2026-08-30T13:32:49.778716+00:00
LHHHHLL-LL,3,7367337333262450307,host_extinction,8,0,state-003-001-0000000.gz,20793821,806,compact_numpy_v1,ee6a78f884798442b70624bf215292b2aadfdf8d,/scratch/skremer/TE_World2-pilot/TE-Interaction-Experiments/LHHHHLL-LL/provenance-003-001.json,2026-08-30T13:32:49.781842+00:00
LHHHLHH-HH,1,17256944062452985899,maximum_generations,1500,322,state-001-001-0001500.gz,20793821,825,compact_numpy_v1,ee6a78f884798442b70624bf215292b2aadfdf8d,/scratch/skremer/TE_World2-pilot/TE-Interaction-Experiments/LHHHLHH-HH/provenance-001-001.json,2026-08-30T13:32:49.863211+00:00
LHHHLHH-HH,2,10322169458715534968,maximum_generations,1500,293,state-002-001-0001500.gz,20793821,826,compact_numpy_v1,ee6a78f884798442b70624bf215292b2aadfdf8d,/scratch/skremer/TE_World2-pilot/TE-Interaction-Experiments/LHHHLHH-HH/provenance-002-001.json,2026-08-30T13:32:49.880141+00:00
LHHHLHH-HH,3,5286517963884334743,host_extinction,12,0,state-003-001-0000000.gz,20793821,827,compact_numpy_v1,ee6a78f884798442b70624bf215292b2aadfdf8d,/scratch/skremer/TE_World2-pilot/TE-Interaction-Experiments/LHHHLHH-HH/provenance-003-001.json,2026-08-30T13:32:49.896405+00:00
LHHHLHH-HL,1,1781911739752145284,host_extinction,11,0,state-001-001-0000000.gz,20793821,822,compact_numpy_v1,ee6a78f884798442b70624bf215292b2aadfdf8d,/scratch/skremer/TE_World2-pilot/TE-Interaction-Experiments/LHHHLHH-HL/provenance-001-001.json,2026-08-30T13:32:49.853290+00:00
LHHHLHH-HL,2,2565036615140741577,host_extinction,9,0,state-002-001-0000000.gz,20793821,823,compact_numpy_v1,ee6a78f884798442b70624bf215292b2aadfdf8d,/scratch/skremer/TE_World2-pilot/TE-Interaction-Experiments/LHHHLHH-HL/provenance-002-001.json,2026-08-30T13:32:49.855995+00:00
LHHHLHH-HL,3,14483320206147451730,host_extinction,18,0,state-003-001-0000000.gz,20793821,824,compact_numpy_v1,ee6a78f884798442b70624bf215292b2aadfdf8d,/scratch/skremer/TE_World2-pilot/TE-Interaction-Experiments/LHHHLHH-HL/provenance-003-001.json,2026-08-30T13:32:49.859682+00:00
LHHHLHH-LH,1,6365988278745060686,host_extinction,9,0,state-001-001-0000000.gz,20793821,819,compact_numpy_v1,ee6a78f884798442b70624bf215292b2aadfdf8d,/scratch/skremer/TE_World2-pilot/TE-Interaction-Experiments/LHHHLHH-LH/provenance-001-001.json,2026-08-30T13:32:49.830876+00:00
LHHHLHH-LH,2,8454122985909511113,maximum_generations,1500,295,state-002-001-0001500.gz,20793821,820,compact_numpy_v1,ee6a78f884798442b70624bf215292b2aadfdf8d,/scratch/skremer/TE_World2-pilot/TE-Interaction-Experiments/LHHHLHH-LH/provenance-002-001.json,2026-08-30T13:32:49.834518+00:00
LHHHLHH-LH,3,11685963313415917774,host_extinction,12,0,state-003-001-0000000.gz,20793821,821,compact_numpy_v1,ee6a78f884798442b70624bf215292b2aadfdf8d,/scratch/skremer/TE_World2-pilot/TE-Interaction-Experiments/LHHHLHH-LH/provenance-003-001.json,2026-08-30T13:32:49.849988+00:00
LHHHLHH-LL,1,7909639371665994084,host_extinction,8,0,state-001-001-0000000.gz,20793821,816,compact_numpy_v1,ee6a78f884798442b70624bf215292b2aadfdf8d,/scratch/skremer/TE_World2-pilot/TE-Interaction-Experiments/LHHHLHH-LL/provenance-001-001.json,2026-08-30T13:32:49.822059+00:00
LHHHLHH-LL,2,11668965445608679873,host_extinction,9,0,state-002-001-0000000.gz,20793821,817,compact_numpy_v1,ee6a78f884798442b70624bf215292b2aadfdf8d,/scratch/skremer/TE_World2-pilot/TE-Interaction-Experiments/LHHHLHH-LL/provenance-002-001.json,2026-08-30T13:32:49.825197+00:00
LHHHLHH-LL,3,14527554492520983101,host_extinction,8,0,state-003-001-0000000.gz,20793821,818,compact_numpy_v1,ee6a78f884798442b70624bf215292b2aadfdf8d,/scratch/skremer/TE_World2-pilot/TE-Interaction-Experiments/LHHHLHH-LL/provenance-003-001.json,2026-08-30T13:32:49.828204+00:00
LHHHLHL-HH,1,12593598638619367808,host_extinction,10,0,state-001-001-0000000.gz,20793821,837,compact_numpy_v1,ee6a78f884798442b70624bf215292b2aadfdf8d,/scratch/skremer/TE_World2-pilot/TE-Interaction-Experiments/LHHHLHL-HH/provenance-001-001.json,2026-08-30T13:32:49.932471+00:00
LHHHLHL-HH,2,17620214101168446007,host_extinction,6,0,state-002-001-0000000.gz,20793821,838,compact_numpy_v1,ee6a78f884798442b70624bf215292b2aadfdf8d,/scratch/skremer/TE_World2-pilot/TE-Interaction-Experiments/LHHHLHL-HH/provenance-002-001.json,2026-08-30T13:32:49.936089+00:00
LHHHLHL-HH,3,16625257544370454383,host_extinction,8,0,state-003-001-0000000.gz,20793821,839,compact_numpy_v1,ee6a78f884798442b70624bf215292b2aadfdf8d,/scratch/skremer/TE_World2-pilot/TE-Interaction-Experiments/LHHHLHL-HH/provenance-003-001.json,2026-08-30T13:32:49.939010+00:00
LHHHLHL-HL,1,14229993959777488962,host_extinction,7,0,state-001-001-0000000.gz,20793821,834,compact_numpy_v1,ee6a78f884798442b70624bf215292b2aadfdf8d,/scratch/skremer/TE_World2-pilot/TE-Interaction-Experiments/LHHHLHL-HL/provenance-001-001.json,2026-08-30T13:32:49.920358+00:00
LHHHLHL-HL,2,8705096411312190913,host_extinction,6,0,state-002-001-0000000.gz,20793821,835,compact_numpy_v1,ee6a78f884798442b70624bf215292b2aadfdf8d,/scratch/skremer/TE_World2-pilot/TE-Interaction-Experiments/LHHHLHL-HL/provenance-002-001.json,2026-08-30T13:32:49.926570+00:00
LHHHLHL-HL,3,662071658658681938,host_extinction,8,0,state-003-001-0000000.gz,20793821,836,compact_numpy_v1,ee6a78f884798442b70624bf215292b2aadfdf8d,/scratch/skremer/TE_World2-pilot/TE-Interaction-Experiments/LHHHLHL-HL/provenance-003-001.json,2026-08-30T13:32:49.929036+00:00
LHHHLHL-LH,1,5009270371080609982,host_extinction,6,0,state-001-001-0000000.gz,20793821,831,compact_numpy_v1,ee6a78f884798442b70624bf215292b2aadfdf8d,/scratch/skremer/TE_World2-pilot/TE-Interaction-Experiments/LHHHLHL-LH/provenance-001-001.json,2026-08-30T13:32:49.909094+00:00
LHHHLHL-LH,2,2889864296337767017,host_extinction,8,0,state-002-001-0000000.gz,20793821,832,compact_numpy_v1,ee6a78f884798442b70624bf215292b2aadfdf8d,/scratch/skremer/TE_World2-pilot/TE-Interaction-Experiments/LHHHLHL-LH/provenance-002-001.json,2026-08-30T13:32:49.913292+00:00
LHHHLHL-LH,3,16154849734764248852,host_extinction,7,0,state-003-001-0000000.gz,20793821,833,compact_numpy_v1,ee6a78f884798442b70624bf215292b2aadfdf8d,/scratch/skremer/TE_World2-pilot/TE-Interaction-Experiments/LHHHLHL-LH/provenance-003-001.json,2026-08-30T13:32:49.916491+00:00
LHHHLHL-LL,1,1679622832422508769,host_extinction,6,0,state-001-001-0000000.gz,20793821,828,compact_numpy_v1,ee6a78f884798442b70624bf215292b2aadfdf8d,/scratch/skremer/TE_World2-pilot/TE-Interaction-Experiments/LHHHLHL-LL/provenance-001-001.json,2026-08-30T13:32:49.899297+00:00
LHHHLHL-LL,2,16615701080335283520,host_extinction,6,0,state-002-001-0000000.gz,20793821,829,compact_numpy_v1,ee6a78f884798442b70624bf215292b2aadfdf8d,/scratch/skremer/TE_World2-pilot/TE-Interaction-Experiments/LHHHLHL-LL/provenance-002-001.json,2026-08-30T13:32:49.902934+00:00
LHHHLHL-LL,3,14719177649938613773,host_extinction,6,0,state-003-001-0000000.gz,20793821,830,compact_numpy_v1,ee6a78f884798442b70624bf215292b2aadfdf8d,/scratch/skremer/TE_World2-pilot/TE-Interaction-Experiments/LHHHLHL-LL/provenance-003-001.json,2026-08-30T13:32:49.905399+00:00
LHHHLLH-HH,1,6906332399656158149,host_extinction,11,0,state-001-001-0000000.gz,20793821,849,compact_numpy_v1,ee6a78f884798442b70624bf215292b2aadfdf8d,/scratch/skremer/TE_World2-pilot/TE-Interaction-Experiments/LHHHLLH-HH/provenance-001-001.json,2026-08-30T13:32:49.988331+00:00
LHHHLLH-HH,2,11959681056952121383,host_extinction,11,0,state-002-001-0000000.gz,20793821,850,compact_numpy_v1,ee6a78f884798442b70624bf215292b2aadfdf8d,/scratch/skremer/TE_World2-pilot/TE-Interaction-Experiments/LHHHLLH-HH/provenance-002-001.json,2026-08-30T13:32:49.991381+00:00
LHHHLLH-HH,3,15142337998010815626,te_extinction,926,296,state-003-001-0000900.gz,20793821,851,compact_numpy_v1,ee6a78f884798442b70624bf215292b2aadfdf8d,/scratch/skremer/TE_World2-pilot/TE-Interaction-Experiments/LHHHLLH-HH/provenance-003-001.json,2026-08-30T13:32:49.994742+00:00
LHHHLLH-HL,1,17028525104985382875,host_extinction,10,0,state-001-001-0000000.gz,20793821,846,compact_numpy_v1,ee6a78f884798442b70624bf215292b2aadfdf8d,/scratch/skremer/TE_World2-pilot/TE-Interaction-Experiments/LHHHLLH-HL/provenance-001-001.json,2026-08-30T13:32:49.978366+00:00
LHHHLLH-HL,2,14688281821209074781,host_extinction,7,0,state-002-001-0000000.gz,20793821,847,compact_numpy_v1,ee6a78f884798442b70624bf215292b2aadfdf8d,/scratch/skremer/TE_World2-pilot/TE-Interaction-Experiments/LHHHLLH-HL/provenance-002-001.json,2026-08-30T13:32:49.980802+00:00
LHHHLLH-HL,3,10582175368740507227,host_extinction,8,0,state-003-001-0000000.gz,20793821,848,compact_numpy_v1,ee6a78f884798442b70624bf215292b2aadfdf8d,/scratch/skremer/TE_World2-pilot/TE-Interaction-Experiments/LHHHLLH-HL/provenance-003-001.json,2026-08-30T13:32:49.983992+00:00
LHHHLLH-LH,1,9925703248427040679,host_extinction,9,0,state-001-001-0000000.gz,20793821,843,compact_numpy_v1,ee6a78f884798442b70624bf215292b2aadfdf8d,/scratch/skremer/TE_World2-pilot/TE-Interaction-Experiments/LHHHLLH-LH/provenance-001-001.json,2026-08-30T13:32:49.953153+00:00
LHHHLLH-LH,2,12922297597996346499,host_extinction,8,0,state-002-001-0000000.gz,20793821,844,compact_numpy_v1,ee6a78f884798442b70624bf215292b2aadfdf8d,/scratch/skremer/TE_World2-pilot/TE-Interaction-Experiments/LHHHLLH-LH/provenance-002-001.json,2026-08-30T13:32:49.956782+00:00
LHHHLLH-LH,3,7677475358579251719,maximum_generations,1500,293,state-003-001-0001500.gz,20793821,845,compact_numpy_v1,ee6a78f884798442b70624bf215292b2aadfdf8d,/scratch/skremer/TE_World2-pilot/TE-Interaction-Experiments/LHHHLLH-LH/provenance-003-001.json,2026-08-30T13:32:49.961378+00:00
LHHHLLH-LL,1,8005126788907229295,host_extinction,9,0,state-001-001-0000000.gz,20793821,840,compact_numpy_v1,ee6a78f884798442b70624bf215292b2aadfdf8d,/scratch/skremer/TE_World2-pilot/TE-Interaction-Experiments/LHHHLLH-LL/provenance-001-001.json,2026-08-30T13:32:49.943398+00:00
LHHHLLH-LL,2,954130700173011639,host_extinction,8,0,state-002-001-0000000.gz,20793821,841,compact_numpy_v1,ee6a78f884798442b70624bf215292b2aadfdf8d,/scratch/skremer/TE_World2-pilot/TE-Interaction-Experiments/LHHHLLH-LL/provenance-002-001.json,2026-08-30T13:32:49.946731+00:00
LHHHLLH-LL,3,16056831965390638325,host_extinction,10,0,state-003-001-0000000.gz,20793821,842,compact_numpy_v1,ee6a78f884798442b70624bf215292b2aadfdf8d,/scratch/skremer/TE_World2-pilot/TE-Interaction-Experiments/LHHHLLH-LL/provenance-003-001.json,2026-08-30T13:32:49.949909+00:00
LHHHLLL-HH,1,8283430694424619893,host_extinction,8,0,state-001-001-0000000.gz,20793821,861,compact_numpy_v1,ee6a78f884798442b70624bf215292b2aadfdf8d,/scratch/skremer/TE_World2-pilot/TE-Interaction-Experiments/LHHHLLL-HH/provenance-001-001.json,2026-08-30T13:32:50.035699+00:00
LHHHLLL-HH,2,18201025583508965385,host_extinction,7,0,state-002-001-0000000.gz,20793821,862,compact_numpy_v1,ee6a78f884798442b70624bf215292b2aadfdf8d,/scratch/skremer/TE_World2-pilot/TE-Interaction-Experiments/LHHHLLL-HH/provenance-002-001.json,2026-08-30T13:32:50.038226+00:00
LHHHLLL-HH,3,15279120999788389903,host_extinction,8,0,state-003-001-0000000.gz,20793821,863,compact_numpy_v1,ee6a78f884798442b70624bf215292b2aadfdf8d,/scratch/skremer/TE_World2-pilot/TE-Interaction-Experiments/LHHHLLL-HH/provenance-003-001.json,2026-08-30T13:32:50.040932+00:00
LHHHLLL-HL,1,7710837235146342110,host_extinction,6,0,state-001-001-0000000.gz,20793821,858,compact_numpy_v1,ee6a78f884798442b70624bf215292b2aadfdf8d,/scratch/skremer/TE_World2-pilot/TE-Interaction-Experiments/LHHHLLL-HL/provenance-001-001.json,2026-08-30T13:32:50.025903+00:00
LHHHLLL-HL,2,7990313562909269444,host_extinction,7,0,state-002-001-0000000.gz,20793821,859,compact_numpy_v1,ee6a78f884798442b70624bf215292b2aadfdf8d,/scratch/skremer/TE_World2-pilot/TE-Interaction-Experiments/LHHHLLL-HL/provenance-002-001.json,2026-08-30T13:32:50.029152+00:00
LHHHLLL-HL,3,525876282761799643,host_extinction,7,0,state-003-001-0000000.gz,20793821,860,compact_numpy_v1,ee6a78f884798442b70624bf215292b2aadfdf8d,/scratch/skremer/TE_World2-pilot/TE-Interaction-Experiments/LHHHLLL-HL/provenance-003-001.json,2026-08-30T13:32:50.032178+00:00
LHHHLLL-LH,1,5403124456076136998,host_extinction,6,0,state-001-001-0000000.gz,20793821,855,compact_numpy_v1,ee6a78f884798442b70624bf215292b2aadfdf8d,/scratch/skremer/TE_World2-pilot/TE-Interaction-Experiments/LHHHLLL-LH/provenance-001-001.json,2026-08-30T13:32:50.017125+00:00
LHHHLLL-LH,2,15017299873396786585,host_extinction,6,0,state-002-001-0000000.gz,20793821,856,compact_numpy_v1,ee6a78f884798442b70624bf215292b2aadfdf8d,/scratch/skremer/TE_World2-pilot/TE-Interaction-Experiments/LHHHLLL-LH/provenance-002-001.json,2026-08-30T13:32:50.020103+00:00
LHHHLLL-LH,3,4750499291247887867,host_extinction,8,0,state-003-001-0000000.gz,20793821,857,compact_numpy_v1,ee6a78f884798442b70624bf215292b2aadfdf8d,/scratch/skremer/TE_World2-pilot/TE-Interaction-Experiments/LHHHLLL-LH/provenance-003-001.json,2026-08-30T13:32:50.022530+00:00
LHHHLLL-LL,1,10982990947307279222,host_extinction,6,0,state-001-001-0000000.gz,20793821,852,compact_numpy_v1,ee6a78f884798442b70624bf215292b2aadfdf8d,/scratch/skremer/TE_World2-pilot/TE-Interaction-Experiments/LHHHLLL-LL/provenance-001-001.json,2026-08-30T13:32:50.007614+00:00
LHHHLLL-LL,2,13862087027732559346,host_extinction,7,0,state-002-001-0000000.gz,20793821,853,compact_numpy_v1,ee6a78f884798442b70624bf215292b2aadfdf8d,/scratch/skremer/TE_World2-pilot/TE-Interaction-Experiments/LHHHLLL-LL/provenance-002-001.json,2026-08-30T13:32:50.010785+00:00
LHHHLLL-LL,3,6642075798785413222,host_extinction,7,0,state-003-001-0000000.gz,20793821,854,compact_numpy_v1,ee6a78f884798442b70624bf215292b2aadfdf8d,/scratch/skremer/TE_World2-pilot/TE-Interaction-Experiments/LHHHLLL-LL/provenance-003-001.json,2026-08-30T13:32:50.013847+00:00
LHHLHHH-HH,1,205270224066154818,checkpointed,229,287,state-001-001-0000229.gz,20793821,873,compact_numpy_v1,ee6a78f884798442b70624bf215292b2aadfdf8d,/scratch/skremer/TE_World2-pilot/TE-Interaction-Experiments/LHHLHHH-HH/provenance-001-001.json,2026-08-30T13:32:50.115759+00:00
LHHLHHH-HH,2,15533074427530738261,checkpointed,259,298,state-002-001-0000259.gz,20793821,874,compact_numpy_v1,ee6a78f884798442b70624bf215292b2aadfdf8d,/scratch/skremer/TE_World2-pilot/TE-Interaction-Experiments/LHHLHHH-HH/provenance-002-001.json,2026-08-30T13:32:50.120955+00:00
LHHLHHH-HH,3,9365837636375283029,checkpointed,229,308,state-003-001-0000229.gz,20793821,875,compact_numpy_v1,ee6a78f884798442b70624bf215292b2aadfdf8d,/scratch/skremer/TE_World2-pilot/TE-Interaction-Experiments/LHHLHHH-HH/provenance-003-001.json,2026-08-30T13:32:50.126281+00:00
LHHLHHH-HL,1,14729014654475657019,checkpointed,224,314,state-001-001-0000224.gz,20793821,870,compact_numpy_v1,ee6a78f884798442b70624bf215292b2aadfdf8d,/scratch/skremer/TE_World2-pilot/TE-Interaction-Experiments/LHHLHHH-HL/provenance-001-001.json,2026-08-30T13:32:50.097382+00:00
LHHLHHH-HL,2,14358021410490703375,checkpointed,209,295,state-002-001-0000209.gz,20793821,871,compact_numpy_v1,ee6a78f884798442b70624bf215292b2aadfdf8d,/scratch/skremer/TE_World2-pilot/TE-Interaction-Experiments/LHHLHHH-HL/provenance-002-001.json,2026-08-30T13:32:50.102505+00:00
LHHLHHH-HL,3,8330729480388092275,checkpointed,218,295,state-003-001-0000218.gz,20793821,872,compact_numpy_v1,ee6a78f884798442b70624bf215292b2aadfdf8d,/scratch/skremer/TE_World2-pilot/TE-Interaction-Experiments/LHHLHHH-HL/provenance-003-001.json,2026-08-30T13:32:50.109223+00:00
LHHLHHH-LH,1,12804534676923583389,checkpointed,149,282,state-001-001-0000149.gz,20793821,867,compact_numpy_v1,ee6a78f884798442b70624bf215292b2aadfdf8d,/scratch/skremer/TE_World2-pilot/TE-Interaction-Experiments/LHHLHHH-LH/provenance-001-001.json,2026-08-30T13:32:50.070172+00:00
LHHLHHH-LH,2,2807044939768160355,maximum_generations,1500,305,state-002-001-0001500.gz,20793821,868,compact_numpy_v1,ee6a78f884798442b70624bf215292b2aadfdf8d,/scratch/skremer/TE_World2-pilot/TE-Interaction-Experiments/LHHLHHH-LH/provenance-002-001.json,2026-08-30T13:32:50.075076+00:00
LHHLHHH-LH,3,6305396955115482329,checkpointed,154,300,state-003-001-0000154.gz,20793821,869,compact_numpy_v1,ee6a78f884798442b70624bf215292b2aadfdf8d,/scratch/skremer/TE_World2-pilot/TE-Interaction-Experiments/LHHLHHH-LH/provenance-003-001.json,2026-08-30T13:32:50.091588+00:00
LHHLHHH-LL,1,16897532188885628193,checkpointed,151,312,state-001-001-0000151.gz,20793821,864,compact_numpy_v1,ee6a78f884798442b70624bf215292b2aadfdf8d,/scratch/skremer/TE_World2-pilot/TE-Interaction-Experiments/LHHLHHH-LL/provenance-001-001.json,2026-08-30T13:32:50.044486+00:00
LHHLHHH-LL,2,9831820493181492386,maximum_generations,1500,297,state-002-001-0001500.gz,20793821,865,compact_numpy_v1,ee6a78f884798442b70624bf215292b2aadfdf8d,/scratch/skremer/TE_World2-pilot/TE-Interaction-Experiments/LHHLHHH-LL/provenance-002-001.json,2026-08-30T13:32:50.048956+00:00
LHHLHHH-LL,3,10473435002424732716,checkpointed,147,290,state-003-001-0000147.gz,20793821,866,compact_numpy_v1,ee6a78f884798442b70624bf215292b2aadfdf8d,/scratch/skremer/TE_World2-pilot/TE-Interaction-Experiments/LHHLHHH-LL/provenance-003-001.json,2026-08-30T13:32:50.065908+00:00
LHHLHHL-HH,1,6867268018765925271,checkpointed,1237,33,state-001-001-0001237.gz,20793821,885,compact_numpy_v1,ee6a78f884798442b70624bf215292b2aadfdf8d,/scratch/skremer/TE_World2-pilot/TE-Interaction-Experiments/LHHLHHL-HH/provenance-001-001.json,2026-08-30T13:32:50.223271+00:00
LHHLHHL-HH,2,18148083392599240,checkpointed,1350,36,state-002-001-0001350.gz,20793821,886,compact_numpy_v1,ee6a78f884798442b70624bf215292b2aadfdf8d,/scratch/skremer/TE_World2-pilot/TE-Interaction-Experiments/LHHLHHL-HH/provenance-002-001.json,2026-08-30T13:32:50.237173+00:00
LHHLHHL-HH,3,9427521482877435296,checkpointed,1321,37,state-003-001-0001321.gz,20793821,887,compact_numpy_v1,ee6a78f884798442b70624bf215292b2aadfdf8d,/scratch/skremer/TE_World2-pilot/TE-Interaction-Experiments/LHHLHHL-HH/provenance-003-001.json,2026-08-30T13:32:50.253205+00:00
LHHLHHL-HL,1,12482913676590189335,checkpointed,1187,28,state-001-001-0001187.gz,20793821,882,compact_numpy_v1,ee6a78f884798442b70624bf215292b2aadfdf8d,/scratch/skremer/TE_World2-pilot/TE-Interaction-Experiments/LHHLHHL-HL/provenance-001-001.json,2026-08-30T13:32:50.181641+00:00
LHHLHHL-HL,2,8110180321389552806,checkpointed,1261,30,state-002-001-0001261.gz,20793821,883,compact_numpy_v1,ee6a78f884798442b70624bf215292b2aadfdf8d,/scratch/skremer/TE_World2-pilot/TE-Interaction-Experiments/LHHLHHL-HL/provenance-002-001.json,2026-08-30T13:32:50.195761+00:00
LHHLHHL-HL,3,4034356242923039396,checkpointed,1157,24,state-003-001-0001157.gz,20793821,884,compact_numpy_v1,ee6a78f884798442b70624bf215292b2aadfdf8d,/scratch/skremer/TE_World2-pilot/TE-Interaction-Experiments/LHHLHHL-HL/provenance-003-001.json,2026-08-30T13:32:50.210160+00:00
LHHLHHL-LH,1,4126888908037639698,host_extinction,24,0,state-001-001-0000000.gz,20793821,879,compact_numpy_v1,ee6a78f884798442b70624bf215292b2aadfdf8d,/scratch/skremer/TE_World2-pilot/TE-Interaction-Experiments/LHHLHHL-LH/provenance-001-001.json,2026-08-30T13:32:50.157989+00:00
LHHLHHL-LH,2,6044186468449665768,checkpointed,793,31,state-002-001-0000793.gz,20793821,880,compact_numpy_v1,ee6a78f884798442b70624bf215292b2aadfdf8d,/scratch/skremer/TE_World2-pilot/TE-Interaction-Experiments/LHHLHHL-LH/provenance-002-001.json,2026-08-30T13:32:50.160639+00:00
LHHLHHL-LH,3,16720810817617134771,checkpointed,784,31,state-003-001-0000784.gz,20793821,881,compact_numpy_v1,ee6a78f884798442b70624bf215292b2aadfdf8d,/scratch/skremer/TE_World2-pilot/TE-Interaction-Experiments/LHHLHHL-LH/provenance-003-001.json,2026-08-30T13:32:50.172120+00:00
LHHLHHL-LL,1,1361781770602033803,checkpointed,779,28,state-001-001-0000779.gz,20793821,876,compact_numpy_v1,ee6a78f884798442b70624bf215292b2aadfdf8d,/scratch/skremer/TE_World2-pilot/TE-Interaction-Experiments/LHHLHHL-LL/provenance-001-001.json,2026-08-30T13:32:50.132340+00:00
LHHLHHL-LL,2,9177266723677184290,checkpointed,756,34,state-002-001-0000756.gz,20793821,877,compact_numpy_v1,ee6a78f884798442b70624bf215292b2aadfdf8d,/scratch/skremer/TE_World2-pilot/TE-Interaction-Experiments/LHHLHHL-LL/provenance-002-001.json,2026-08-30T13:32:50.144021+00:00
LHHLHHL-LL,3,18195362415292758417,host_extinction,18,0,state-003-001-0000000.gz,20793821,878,compact_numpy_v1,ee6a78f884798442b70624bf215292b2aadfdf8d,/scratch/skremer/TE_World2-pilot/TE-Interaction-Experiments/LHHLHHL-LL/provenance-003-001.json,2026-08-30T13:32:50.155200+00:00
LHHLHLH-HH,1,11275764567251422025,checkpointed,249,312,state-001-001-0000249.gz,20793821,897,compact_numpy_v1,ee6a78f884798442b70624bf215292b2aadfdf8d,/scratch/skremer/TE_World2-pilot/TE-Interaction-Experiments/LHHLHLH-HH/provenance-001-001.json,2026-08-30T13:32:50.329449+00:00
LHHLHLH-HH,2,14268861945649448721,checkpointed,259,286,state-002-001-0000259.gz,20793821,898,compact_numpy_v1,ee6a78f884798442b70624bf215292b2aadfdf8d,/scratch/skremer/TE_World2-pilot/TE-Interaction-Experiments/LHHLHLH-HH/provenance-002-001.json,2026-08-30T13:32:50.335158+00:00
LHHLHLH-HH,3,10897724212832553106,checkpointed,240,274,state-003-001-0000240.gz,20793821,899,compact_numpy_v1,ee6a78f884798442b70624bf215292b2aadfdf8d,/scratch/skremer/TE_World2-pilot/TE-Interaction-Experiments/LHHLHLH-HH/provenance-003-001.json,2026-08-30T13:32:50.343808+00:00
LHHLHLH-HL,1,17121594356731218309,checkpointed,235,294,state-001-001-0000235.gz,20793821,894,compact_numpy_v1,ee6a78f884798442b70624bf215292b2aadfdf8d,/scratch/skremer/TE_World2-pilot/TE-Interaction-Experiments/LHHLHLH-HL/provenance-001-001.json,2026-08-30T13:32:50.314849+00:00
LHHLHLH-HL,2,6985789467637170660,checkpointed,249,292,state-002-001-0000249.gz,20793821,895,compact_numpy_v1,ee6a78f884798442b70624bf215292b2aadfdf8d,/scratch/skremer/TE_World2-pilot/TE-Interaction-Experiments/LHHLHLH-HL/provenance-002-001.json,2026-08-30T13:32:50.319214+00:00
LHHLHLH-HL,3,4248032988504502259,checkpointed,260,291,state-003-001-0000260.gz,20793821,896,compact_numpy_v1,ee6a78f884798442b70624bf215292b2aadfdf8d,/scratch/skremer/TE_World2-pilot/TE-Interaction-Experiments/LHHLHLH-HL/provenance-003-001.json,2026-08-30T13:32:50.323813+00:00
LHHLHLH-LH,1,2089027081944390473,checkpointed,153,303,state-001-001-0000153.gz,20793821,891,compact_numpy_v1,ee6a78f884798442b70624bf215292b2aadfdf8d,/scratch/skremer/TE_World2-pilot/TE-Interaction-Experiments/LHHLHLH-LH/provenance-001-001.json,2026-08-30T13:32:50.302616+00:00
LHHLHLH-LH,2,11821503965379253235,checkpointed,147,298,state-002-001-0000147.gz,20793821,892,compact_numpy_v1,ee6a78f884798442b70624bf215292b2aadfdf8d,/scratch/skremer/TE_World2-pilot/TE-Interaction-Experiments/LHHLHLH-LH/provenance-002-001.json,2026-08-30T13:32:50.306076+00:00
LHHLHLH-LH,3,13532557858086262850,checkpointed,153,317,state-003-001-0000153.gz,20793821,893,compact_numpy_v1,ee6a78f884798442b70624bf215292b2aadfdf8d,/scratch/skremer/TE_World2-pilot/TE-Interaction-Experiments/LHHLHLH-LH/provenance-003-001.json,2026-08-30T13:32:50.310080+00:00
LHHLHLH-LL,1,6314640015381002688,checkpointed,161,274,state-001-001-0000161.gz,20793821,888,compact_numpy_v1,ee6a78f884798442b70624bf215292b2aadfdf8d,/scratch/skremer/TE_World2-pilot/TE-Interaction-Experiments/LHHLHLH-LL/provenance-001-001.json,2026-08-30T13:32:50.274549+00:00
LHHLHLH-LL,2,11252695830898100861,checkpointed,147,325,state-002-001-0000147.gz,20793821,889,compact_numpy_v1,ee6a78f884798442b70624bf215292b2aadfdf8d,/scratch/skremer/TE_World2-pilot/TE-Interaction-Experiments/LHHLHLH-LL/provenance-002-001.json,2026-08-30T13:32:50.282295+00:00
LHHLHLH-LL,3,13195498643750961937,maximum_generations,1500,293,state-003-001-0001500.gz,20793821,890,compact_numpy_v1,ee6a78f884798442b70624bf215292b2aadfdf8d,/scratch/skremer/TE_World2-pilot/TE-Interaction-Experiments/LHHLHLH-LL/provenance-003-001.json,2026-08-30T13:32:50.286889+00:00
LHHLHLL-HH,1,2569199874378527354,checkpointed,1390,32,state-001-001-0001390.gz,20793821,909,compact_numpy_v1,ee6a78f884798442b70624bf215292b2aadfdf8d,/scratch/skremer/TE_World2-pilot/TE-Interaction-Experiments/LHHLHLL-HH/provenance-001-001.json,2026-08-30T13:32:50.452016+00:00
LHHLHLL-HH,2,6792004599452494509,checkpointed,1256,30,state-002-001-0001256.gz,20793821,910,compact_numpy_v1,ee6a78f884798442b70624bf215292b2aadfdf8d,/scratch/skremer/TE_World2-pilot/TE-Interaction-Experiments/LHHLHLL-HH/provenance-002-001.json,2026-08-30T13:32:50.467731+00:00
LHHLHLL-HH,3,2336002685566029070,checkpointed,1413,30,state-003-001-0001413.gz,20793821,911,compact_numpy_v1,ee6a78f884798442b70624bf215292b2aadfdf8d,/scratch/skremer/TE_World2-pilot/TE-Interaction-Experiments/LHHLHLL-HH/provenance-003-001.json,2026-08-30T13:32:50.482018+00:00
LHHLHLL-HL,1,13645564569555092522,checkpointed,1388,31,state-001-001-0001388.gz,20793821,906,compact_numpy_v1,ee6a78f884798442b70624bf215292b2aadfdf8d,/scratch/skremer/TE_World2-pilot/TE-Interaction-Experiments/LHHLHLL-HL/provenance-001-001.json,2026-08-30T13:32:50.401103+00:00
LHHLHLL-HL,2,14094074465544686905,checkpointed,1385,23,state-002-001-0001385.gz,20793821,907,compact_numpy_v1,ee6a78f884798442b70624bf215292b2aadfdf8d,/scratch/skremer/TE_World2-pilot/TE-Interaction-Experiments/LHHLHLL-HL/provenance-002-001.json,2026-08-30T13:32:50.416252+00:00
LHHLHLL-HL,3,6054062407785827596,checkpointed,1273,36,state-003-001-0001273.gz,20793821,908,compact_numpy_v1,ee6a78f884798442b70624bf215292b2aadfdf8d,/scratch/skremer/TE_World2-pilot/TE-Interaction-Experiments/LHHLHLL-HL/provenance-003-001.json,2026-08-30T13:32:50.436867+00:00
LHHLHLL-LH,1,9813350182237112853,checkpointed,855,27,state-001-001-0000855.gz,20793821,903,compact_numpy_v1,ee6a78f884798442b70624bf215292b2aadfdf8d,/scratch/skremer/TE_World2-pilot/TE-Interaction-Experiments/LHHLHLL-LH/provenance-001-001.json,2026-08-30T13:32:50.372210+00:00
LHHLHLL-LH,2,15579860786008654469,checkpointed,822,35,state-002-001-0000822.gz,20793821,904,compact_numpy_v1,ee6a78f884798442b70624bf215292b2aadfdf8d,/scratch/skremer/TE_World2-pilot/TE-Interaction-Experiments/LHHLHLL-LH/provenance-002-001.json,2026-08-30T13:32:50.382197+00:00
LHHLHLL-LH,3,14601862364572286792,checkpointed,769,24,state-003-001-0000769.gz,20793821,905,compact_numpy_v1,ee6a78f884798442b70624bf215292b2aadfdf8d,/scratch/skremer/TE_World2-pilot/TE-Interaction-Experiments/LHHLHLL-LH/provenance-003-001.json,2026-08-30T13:32:50.391622+00:00
LHHLHLL-LL,1,11085760741367695544,host_extinction,18,0,state-001-001-0000000.gz,20793821,900,compact_numpy_v1,ee6a78f884798442b70624bf215292b2aadfdf8d,/scratch/skremer/TE_World2-pilot/TE-Interaction-Experiments/LHHLHLL-LL/provenance-001-001.json,2026-08-30T13:32:50.349027+00:00
LHHLHLL-LL,2,15307488822536748482,checkpointed,782,33,state-002-001-0000782.gz,20793821,901,compact_numpy_v1,ee6a78f884798442b70624bf215292b2aadfdf8d,/scratch/skremer/TE_World2-pilot/TE-Interaction-Experiments/LHHLHLL-LL/provenance-002-001.json,2026-08-30T13:32:50.352020+00:00
LHHLHLL-LL,3,3292136404092251895,checkpointed,754,31,state-003-001-0000754.gz,20793821,902,compact_numpy_v1,ee6a78f884798442b70624bf215292b2aadfdf8d,/scratch/skremer/TE_World2-pilot/TE-Interaction-Experiments/LHHLHLL-LL/provenance-003-001.json,2026-08-30T13:32:50.362159+00:00
LHHLLHH-HH,1,1106908442793341614,maximum_generations,1500,300,state-001-001-0001500.gz,20793821,921,compact_numpy_v1,ee6a78f884798442b70624bf215292b2aadfdf8d,/scratch/skremer/TE_World2-pilot/TE-Interaction-Experiments/LHHLLHH-HH/provenance-001-001.json,2026-08-30T13:32:50.541684+00:00
LHHLLHH-HH,2,17727151301699445853,checkpointed,562,300,state-002-001-0000562.gz,20793821,922,compact_numpy_v1,ee6a78f884798442b70624bf215292b2aadfdf8d,/scratch/skremer/TE_World2-pilot/TE-Interaction-Experiments/LHHLLHH-HH/provenance-002-001.json,2026-08-30T13:32:50.559913+00:00
LHHLLHH-HH,3,16438244308761205099,host_extinction,29,0,state-003-001-0000000.gz,20793821,923,compact_numpy_v1,ee6a78f884798442b70624bf215292b2aadfdf8d,/scratch/skremer/TE_World2-pilot/TE-Interaction-Experiments/LHHLLHH-HH/provenance-003-001.json,2026-08-30T13:32:50.569808+00:00
LHHLLHH-HL,1,8058860773688780671,checkpointed,515,297,state-001-001-0000515.gz,20793821,918,compact_numpy_v1,ee6a78f884798442b70624bf215292b2aadfdf8d,/scratch/skremer/TE_World2-pilot/TE-Interaction-Experiments/LHHLLHH-HL/provenance-001-001.json,2026-08-30T13:32:50.517647+00:00
LHHLLHH-HL,2,14255300953944406657,te_extinction,564,292,state-002-001-0000550.gz,20793821,919,compact_numpy_v1,ee6a78f884798442b70624bf215292b2aadfdf8d,/scratch/skremer/TE_World2-pilot/TE-Interaction-Experiments/LHHLLHH-HL/provenance-002-001.json,2026-08-30T13:32:50.525204+00:00
LHHLLHH-HL,3,4097939407211488630,te_extinction,453,278,state-003-001-0000450.gz,20793821,920,compact_numpy_v1,ee6a78f884798442b70624bf215292b2aadfdf8d,/scratch/skremer/TE_World2-pilot/TE-Interaction-Experiments/LHHLLHH-HL/provenance-003-001.json,2026-08-30T13:32:50.533282+00:00
LHHLLHH-LH,1,8083227377893535997,host_extinction,12,0,state-001-001-0000000.gz,20793821,915,compact_numpy_v1,ee6a78f884798442b70624bf215292b2aadfdf8d,/scratch/skremer/TE_World2-pilot/TE-Interaction-Experiments/LHHLLHH-LH/provenance-001-001.json,2026-08-30T13:32:50.507634+00:00
LHHLLHH-LH,2,977314836578690695,host_extinction,13,0,state-002-001-0000000.gz,20793821,916,compact_numpy_v1,ee6a78f884798442b70624bf215292b2aadfdf8d,/scratch/skremer/TE_World2-pilot/TE-Interaction-Experiments/LHHLLHH-LH/provenance-002-001.json,2026-08-30T13:32:50.509903+00:00
LHHLLHH-LH,3,13662223863650470009,host_extinction,12,0,state-003-001-0000000.gz,20793821,917,compact_numpy_v1,ee6a78f884798442b70624bf215292b2aadfdf8d,/scratch/skremer/TE_World2-pilot/TE-Interaction-Experiments/LHHLLHH-LH/provenance-003-001.json,2026-08-30T13:32:50.513050+00:00
LHHLLHH-LL,1,9948982040194554041,host_extinction,10,0,state-001-001-0000000.gz,20793821,912,compact_numpy_v1,ee6a78f884798442b70624bf215292b2aadfdf8d,/scratch/skremer/TE_World2-pilot/TE-Interaction-Experiments/LHHLLHH-LL/provenance-001-001.json,2026-08-30T13:32:50.497890+00:00
LHHLLHH-LL,2,1704360268156005451,host_extinction,10,0,state-002-001-0000000.gz,20793821,913,compact_numpy_v1,ee6a78f884798442b70624bf215292b2aadfdf8d,/scratch/skremer/TE_World2-pilot/TE-Interaction-Experiments/LHHLLHH-LL/provenance-002-001.json,2026-08-30T13:32:50.501661+00:00
LHHLLHH-LL,3,10413631127938132890,host_extinction,12,0,state-003-001-0000000.gz,20793821,914,compact_numpy_v1,ee6a78f884798442b70624bf215292b2aadfdf8d,/scratch/skremer/TE_World2-pilot/TE-Interaction-Experiments/LHHLLHH-LL/provenance-003-001.json,2026-08-30T13:32:50.504378+00:00
LHHLLHL-HH,1,5411284826530903942,host_extinction,20,0,state-001-001-0000000.gz,20793821,933,compact_numpy_v1,ee6a78f884798442b70624bf215292b2aadfdf8d,/scratch/skremer/TE_World2-pilot/TE-Interaction-Experiments/LHHLLHL-HH/provenance-001-001.json,2026-08-30T13:32:50.602096+00:00
LHHLLHL-HH,2,12857199547893469997,host_extinction,14,0,state-002-001-0000000.gz,20793821,934,compact_numpy_v1,ee6a78f884798442b70624bf215292b2aadfdf8d,/scratch/skremer/TE_World2-pilot/TE-Interaction-Experiments/LHHLLHL-HH/provenance-002-001.json,2026-08-30T13:32:50.605078+00:00
LHHLLHL-HH,3,1368710105783531522,host_extinction,15,0,state-003-001-0000000.gz,20793821,935,compact_numpy_v1,ee6a78f884798442b70624bf215292b2aadfdf8d,/scratch/skremer/TE_World2-pilot/TE-Interaction-Experiments/LHHLLHL-HH/provenance-003-001.json,2026-08-30T13:32:50.608114+00:00
LHHLLHL-HL,1,16764086091602242900,host_extinction,14,0,state-001-001-0000000.gz,20793821,930,compact_numpy_v1,ee6a78f884798442b70624bf215292b2aadfdf8d,/scratch/skremer/TE_World2-pilot/TE-Interaction-Experiments/LHHLLHL-HL/provenance-001-001.json,2026-08-30T13:32:50.591847+00:00
LHHLLHL-HL,2,12992794088358363589,host_extinction,8,0,state-002-001-0000000.gz,20793821,931,compact_numpy_v1,ee6a78f884798442b70624bf215292b2aadfdf8d,/scratch/skremer/TE_World2-pilot/TE-Interaction-Experiments/LHHLLHL-HL/provenance-002-001.json,2026-08-30T13:32:50.594186+00:00
LHHLLHL-HL,3,14978283908219176784,host_extinction,10,0,state-003-001-0000000.gz,20793821,932,compact_numpy_v1,ee6a78f884798442b70624bf215292b2aadfdf8d,/scratch/skremer/TE_World2-pilot/TE-Interaction-Experiments/LHHLLHL-HL/provenance-003-001.json,2026-08-30T13:32:50.598008+00:00
LHHLLHL-LH,1,17591601602792703964,host_extinction,10,0,state-001-001-0000000.gz,20793821,927,compact_numpy_v1,ee6a78f884798442b70624bf215292b2aadfdf8d,/scratch/skremer/TE_World2-pilot/TE-Interaction-Experiments/LHHLLHL-LH/provenance-001-001.json,2026-08-30T13:32:50.582852+00:00
LHHLLHL-LH,2,3647189382309600133,host_extinction,10,0,state-002-001-0000000.gz,20793821,928,compact_numpy_v1,ee6a78f884798442b70624bf215292b2aadfdf8d,/scratch/skremer/TE_World2-pilot/TE-Interaction-Experiments/LHHLLHL-LH/provenance-002-001.json,2026-08-30T13:32:50.585862+00:00
LHHLLHL-LH,3,862699283752518473,host_extinction,10,0,state-003-001-0000000.gz,20793821,929,compact_numpy_v1,ee6a78f884798442b70624bf215292b2aadfdf8d,/scratch/skremer/TE_World2-pilot/TE-Interaction-Experiments/LHHLLHL-LH/provenance-003-001.json,2026-08-30T13:32:50.588544+00:00
LHHLLHL-LL,1,14394968906921137865,host_extinction,10,0,state-001-001-0000000.gz,20793821,924,compact_numpy_v1,ee6a78f884798442b70624bf215292b2aadfdf8d,/scratch/skremer/TE_World2-pilot/TE-Interaction-Experiments/LHHLLHL-LL/provenance-001-001.json,2026-08-30T13:32:50.572715+00:00
LHHLLHL-LL,2,16043529606965302746,host_extinction,10,0,state-002-001-0000000.gz,20793821,925,compact_numpy_v1,ee6a78f884798442b70624bf215292b2aadfdf8d,/scratch/skremer/TE_World2-pilot/TE-Interaction-Experiments/LHHLLHL-LL/provenance-002-001.json,2026-08-30T13:32:50.576916+00:00
LHHLLHL-LL,3,6874829310267321478,host_extinction,10,0,state-003-001-0000000.gz,20793821,926,compact_numpy_v1,ee6a78f884798442b70624bf215292b2aadfdf8d,/scratch/skremer/TE_World2-pilot/TE-Interaction-Experiments/LHHLLHL-LL/provenance-003-001.json,2026-08-30T13:32:50.580210+00:00
LHHLLLH-HH,1,12643016237935198569,maximum_generations,1500,307,state-001-001-0001500.gz,20793821,945,compact_numpy_v1,ee6a78f884798442b70624bf215292b2aadfdf8d,/scratch/skremer/TE_World2-pilot/TE-Interaction-Experiments/LHHLLLH-HH/provenance-001-001.json,2026-08-30T13:32:50.652474+00:00
LHHLLLH-HH,2,17571665563623767434,maximum_generations,1500,299,state-002-001-0001500.gz,20793821,946,compact_numpy_v1,ee6a78f884798442b70624bf215292b2aadfdf8d,/scratch/skremer/TE_World2-pilot/TE-Interaction-Experiments/LHHLLLH-HH/provenance-002-001.json,2026-08-30T13:32:50.669771+00:00
LHHLLLH-HH,3,5654008826315488112,maximum_generations,1500,296,state-003-001-0001500.gz,20793821,947,compact_numpy_v1,ee6a78f884798442b70624bf215292b2aadfdf8d,/scratch/skremer/TE_World2-pilot/TE-Interaction-Experiments/LHHLLLH-HH/provenance-003-001.json,2026-08-30T13:32:50.686077+00:00
LHHLLLH-HL,1,3095725242441799456,host_extinction,14,0,state-001-001-0000000.gz,20793821,942,compact_numpy_v1,ee6a78f884798442b70624bf215292b2aadfdf8d,/scratch/skremer/TE_World2-pilot/TE-Interaction-Experiments/LHHLLLH-HL/provenance-001-001.json,2026-08-30T13:32:50.643422+00:00
LHHLLLH-HL,2,15525342708119089276,host_extinction,22,0,state-002-001-0000000.gz,20793821,943,compact_numpy_v1,ee6a78f884798442b70624bf215292b2aadfdf8d,/scratch/skremer/TE_World2-pilot/TE-Interaction-Experiments/LHHLLLH-HL/provenance-002-001.json,2026-08-30T13:32:50.646629+00:00
LHHLLLH-HL,3,15821781337571247992,host_extinction,17,0,state-003-001-0000000.gz,20793821,944,compact_numpy_v1,ee6a78f884798442b70624bf215292b2aadfdf8d,/scratch/skremer/TE_World2-pilot/TE-Interaction-Experiments/LHHLLLH-HL/provenance-003-001.json,2026-08-30T13:32:50.649724+00:00
LHHLLLH-LH,1,1940031765785196056,maximum_generations,1500,297,state-001-001-0001500.gz,20793821,939,compact_numpy_v1,ee6a78f884798442b70624bf215292b2aadfdf8d,/scratch/skremer/TE_World2-pilot/TE-Interaction-Experiments/LHHLLLH-LH/provenance-001-001.json,2026-08-30T13:32:50.621112+00:00
LHHLLLH-LH,2,4841160243379148134,host_extinction,11,0,state-002-001-0000000.gz,20793821,940,compact_numpy_v1,ee6a78f884798442b70624bf215292b2aadfdf8d,/scratch/skremer/TE_World2-pilot/TE-Interaction-Experiments/LHHLLLH-LH/provenance-002-001.json,2026-08-30T13:32:50.636710+00:00
LHHLLLH-LH,3,1898434217204756868,host_extinction,13,0,state-003-001-0000000.gz,20793821,941,compact_numpy_v1,ee6a78f884798442b70624bf215292b2aadfdf8d,/scratch/skremer/TE_World2-pilot/TE-Interaction-Experiments/LHHLLLH-LH/provenance-003-001.json,2026-08-30T13:32:50.639285+00:00
LHHLLLH-LL,1,13799085949955229815,host_extinction,11,0,state-001-001-0000000.gz,20793821,936,compact_numpy_v1,ee6a78f884798442b70624bf215292b2aadfdf8d,/scratch/skremer/TE_World2-pilot/TE-Interaction-Experiments/LHHLLLH-LL/provenance-001-001.json,2026-08-30T13:32:50.611517+00:00
LHHLLLH-LL,2,5008643636523364409,host_extinction,11,0,state-002-001-0000000.gz,20793821,937,compact_numpy_v1,ee6a78f884798442b70624bf215292b2aadfdf8d,/scratch/skremer/TE_World2-pilot/TE-Interaction-Experiments/LHHLLLH-LL/provenance-002-001.json,2026-08-30T13:32:50.614141+00:00
LHHLLLH-LL,3,13569325940659938837,host_extinction,11,0,state-003-001-0000000.gz,20793821,938,compact_numpy_v1,ee6a78f884798442b70624bf215292b2aadfdf8d,/scratch/skremer/TE_World2-pilot/TE-Interaction-Experiments/LHHLLLH-LL/provenance-003-001.json,2026-08-30T13:32:50.617933+00:00
LHHLLLL-HH,1,2136146939268898333,maximum_generations,1500,28,state-001-001-0001500.gz,20793821,957,compact_numpy_v1,ee6a78f884798442b70624bf215292b2aadfdf8d,/scratch/skremer/TE_World2-pilot/TE-Interaction-Experiments/LHHLLLL-HH/provenance-001-001.json,2026-08-30T13:32:50.735460+00:00
LHHLLLL-HH,2,11013794105035181239,maximum_generations,1500,36,state-002-001-0001500.gz,20793821,958,compact_numpy_v1,ee6a78f884798442b70624bf215292b2aadfdf8d,/scratch/skremer/TE_World2-pilot/TE-Interaction-Experiments/LHHLLLL-HH/provenance-002-001.json,2026-08-30T13:32:50.753981+00:00
LHHLLLL-HH,3,10666532321442258572,host_extinction,12,0,state-003-001-0000000.gz,20793821,959,compact_numpy_v1,ee6a78f884798442b70624bf215292b2aadfdf8d,/scratch/skremer/TE_World2-pilot/TE-Interaction-Experiments/LHHLLLL-HH/provenance-003-001.json,2026-08-30T13:32:50.769458+00:00
LHHLLLL-HL,1,4356084056948967190,host_extinction,12,0,state-001-001-0000000.gz,20793821,954,compact_numpy_v1,ee6a78f884798442b70624bf215292b2aadfdf8d,/scratch/skremer/TE_World2-pilot/TE-Interaction-Experiments/LHHLLLL-HL/provenance-001-001.json,2026-08-30T13:32:50.725806+00:00
LHHLLLL-HL,2,2360949056615646395,host_extinction,12,0,state-002-001-0000000.gz,20793821,955,compact_numpy_v1,ee6a78f884798442b70624bf215292b2aadfdf8d,/scratch/skremer/TE_World2-pilot/TE-Interaction-Experiments/LHHLLLL-HL/provenance-002-001.json,2026-08-30T13:32:50.729048+00:00
LHHLLLL-HL,3,713974276510780564,host_extinction,9,0,state-003-001-0000000.gz,20793821,956,compact_numpy_v1,ee6a78f884798442b70624bf215292b2aadfdf8d,/scratch/skremer/TE_World2-pilot/TE-Interaction-Experiments/LHHLLLL-HL/provenance-003-001.json,2026-08-30T13:32:50.731903+00:00
LHHLLLL-LH,1,16136387496704098012,host_extinction,10,0,state-001-001-0000000.gz,20793821,951,compact_numpy_v1,ee6a78f884798442b70624bf215292b2aadfdf8d,/scratch/skremer/TE_World2-pilot/TE-Interaction-Experiments/LHHLLLL-LH/provenance-001-001.json,2026-08-30T13:32:50.715873+00:00
LHHLLLL-LH,2,6915685044424829035,host_extinction,11,0,state-002-001-0000000.gz,20793821,952,compact_numpy_v1,ee6a78f884798442b70624bf215292b2aadfdf8d,/scratch/skremer/TE_World2-pilot/TE-Interaction-Experiments/LHHLLLL-LH/provenance-002-001.json,2026-08-30T13:32:50.718985+00:00
LHHLLLL-LH,3,14034001738321162085,host_extinction,10,0,state-003-001-0000000.gz,20793821,953,compact_numpy_v1,ee6a78f884798442b70624bf215292b2aadfdf8d,/scratch/skremer/TE_World2-pilot/TE-Interaction-Experiments/LHHLLLL-LH/provenance-003-001.json,2026-08-30T13:32:50.722718+00:00
LHHLLLL-LL,1,77061717486525702,host_extinction,8,0,state-001-001-0000000.gz,20793821,948,compact_numpy_v1,ee6a78f884798442b70624bf215292b2aadfdf8d,/scratch/skremer/TE_World2-pilot/TE-Interaction-Experiments/LHHLLLL-LL/provenance-001-001.json,2026-08-30T13:32:50.704542+00:00
LHHLLLL-LL,2,8726191299889653159,host_extinction,10,0,state-002-001-0000000.gz,20793821,949,compact_numpy_v1,ee6a78f884798442b70624bf215292b2aadfdf8d,/scratch/skremer/TE_World2-pilot/TE-Interaction-Experiments/LHHLLLL-LL/provenance-002-001.json,2026-08-30T13:32:50.707798+00:00
LHHLLLL-LL,3,16652182431628327585,host_extinction,9,0,state-003-001-0000000.gz,20793821,950,compact_numpy_v1,ee6a78f884798442b70624bf215292b2aadfdf8d,/scratch/skremer/TE_World2-pilot/TE-Interaction-Experiments/LHHLLLL-LL/provenance-003-001.json,2026-08-30T13:32:50.711128+00:00
LHLHHHH-HH,1,12745257140944061506,host_extinction,15,0,state-001-001-0000000.gz,20793821,969,compact_numpy_v1,ee6a78f884798442b70624bf215292b2aadfdf8d,/scratch/skremer/TE_World2-pilot/TE-Interaction-Experiments/LHLHHHH-HH/provenance-001-001.json,2026-08-30T13:32:50.823688+00:00
LHLHHHH-HH,2,6262433247699055427,host_extinction,12,0,state-002-001-0000000.gz,20793821,970,compact_numpy_v1,ee6a78f884798442b70624bf215292b2aadfdf8d,/scratch/skremer/TE_World2-pilot/TE-Interaction-Experiments/LHLHHHH-HH/provenance-002-001.json,2026-08-30T13:32:50.826038+00:00
LHLHHHH-HH,3,8047012095683946555,host_extinction,21,0,state-003-001-0000000.gz,20793821,971,compact_numpy_v1,ee6a78f884798442b70624bf215292b2aadfdf8d,/scratch/skremer/TE_World2-pilot/TE-Interaction-Experiments/LHLHHHH-HH/provenance-003-001.json,2026-08-30T13:32:50.829229+00:00
LHLHHHH-HL,1,10253678144548966966,host_extinction,10,0,state-001-001-0000000.gz,20793821,966,compact_numpy_v1,ee6a78f884798442b70624bf215292b2aadfdf8d,/scratch/skremer/TE_World2-pilot/TE-Interaction-Experiments/LHLHHHH-HL/provenance-001-001.json,2026-08-30T13:32:50.810336+00:00
LHLHHHH-HL,2,711877126873088109,host_extinction,10,0,state-002-001-0000000.gz,20793821,967,compact_numpy_v1,ee6a78f884798442b70624bf215292b2aadfdf8d,/scratch/skremer/TE_World2-pilot/TE-Interaction-Experiments/LHLHHHH-HL/provenance-002-001.json,2026-08-30T13:32:50.816358+00:00
LHLHHHH-HL,3,10276050232712687603,host_extinction,12,0,state-003-001-0000000.gz,20793821,968,compact_numpy_v1,ee6a78f884798442b70624bf215292b2aadfdf8d,/scratch/skremer/TE_World2-pilot/TE-Interaction-Experiments/LHLHHHH-HL/provenance-003-001.json,2026-08-30T13:32:50.820016+00:00
LHLHHHH-LH,1,14573280212193779995,host_extinction,10,0,state-001-001-0000000.gz,20793821,963,compact_numpy_v1,ee6a78f884798442b70624bf215292b2aadfdf8d,/scratch/skremer/TE_World2-pilot/TE-Interaction-Experiments/LHLHHHH-LH/provenance-001-001.json,2026-08-30T13:32:50.783716+00:00
LHLHHHH-LH,2,12935429110439720039,maximum_generations,1500,294,state-002-001-0001500.gz,20793821,964,compact_numpy_v1,ee6a78f884798442b70624bf215292b2aadfdf8d,/scratch/skremer/TE_World2-pilot/TE-Interaction-Experiments/LHLHHHH-LH/provenance-002-001.json,2026-08-30T13:32:50.786587+00:00
LHLHHHH-LH,3,15518673337024682034,host_extinction,9,0,state-003-001-0000000.gz,20793821,965,compact_numpy_v1,ee6a78f884798442b70624bf215292b2aadfdf8d,/scratch/skremer/TE_World2-pilot/TE-Interaction-Experiments/LHLHHHH-LH/provenance-003-001.json,2026-08-30T13:32:50.804419+00:00
LHLHHHH-LL,1,6302474734863049137,host_extinction,10,0,state-001-001-0000000.gz,20793821,960,compact_numpy_v1,ee6a78f884798442b70624bf215292b2aadfdf8d,/scratch/skremer/TE_World2-pilot/TE-Interaction-Experiments/LHLHHHH-LL/provenance-001-001.json,2026-08-30T13:32:50.773392+00:00
LHLHHHH-LL,2,13483602392933792844,host_extinction,10,0,state-002-001-0000000.gz,20793821,961,compact_numpy_v1,ee6a78f884798442b70624bf215292b2aadfdf8d,/scratch/skremer/TE_World2-pilot/TE-Interaction-Experiments/LHLHHHH-LL/provenance-002-001.json,2026-08-30T13:32:50.776257+00:00
LHLHHHH-LL,3,6550666349481405032,host_extinction,9,0,state-003-001-0000000.gz,20793821,962,compact_numpy_v1,ee6a78f884798442b70624bf215292b2aadfdf8d,/scratch/skremer/TE_World2-pilot/TE-Interaction-Experiments/LHLHHHH-LL/provenance-003-001.json,2026-08-30T13:32:50.779101+00:00
LHLHHHL-HH,1,11857529924092613012,host_extinction,11,0,state-001-001-0000000.gz,20793821,981,compact_numpy_v1,ee6a78f884798442b70624bf215292b2aadfdf8d,/scratch/skremer/TE_World2-pilot/TE-Interaction-Experiments/LHLHHHL-HH/provenance-001-001.json,2026-08-30T13:32:50.862280+00:00
LHLHHHL-HH,2,2338560400642410810,host_extinction,13,0,state-002-001-0000000.gz,20793821,982,compact_numpy_v1,ee6a78f884798442b70624bf215292b2aadfdf8d,/scratch/skremer/TE_World2-pilot/TE-Interaction-Experiments/LHLHHHL-HH/provenance-002-001.json,2026-08-30T13:32:50.865914+00:00
LHLHHHL-HH,3,8552848490195225200,host_extinction,8,0,state-003-001-0000000.gz,20793821,983,compact_numpy_v1,ee6a78f884798442b70624bf215292b2aadfdf8d,/scratch/skremer/TE_World2-pilot/TE-Interaction-Experiments/LHLHHHL-HH/provenance-003-001.json,2026-08-30T13:32:50.868693+00:00
LHLHHHL-HL,1,1893541883004725533,host_extinction,9,0,state-001-001-0000000.gz,20793821,978,compact_numpy_v1,ee6a78f884798442b70624bf215292b2aadfdf8d,/scratch/skremer/TE_World2-pilot/TE-Interaction-Experiments/LHLHHHL-HL/provenance-001-001.json,2026-08-30T13:32:50.853249+00:00
LHLHHHL-HL,2,18108448985570904625,host_extinction,8,0,state-002-001-0000000.gz,20793821,979,compact_numpy_v1,ee6a78f884798442b70624bf215292b2aadfdf8d,/scratch/skremer/TE_World2-pilot/TE-Interaction-Experiments/LHLHHHL-HL/provenance-002-001.json,2026-08-30T13:32:50.856455+00:00
LHLHHHL-HL,3,649313777535141026,host_extinction,8,0,state-003-001-0000000.gz,20793821,980,compact_numpy_v1,ee6a78f884798442b70624bf215292b2aadfdf8d,/scratch/skremer/TE_World2-pilot/TE-Interaction-Experiments/LHLHHHL-HL/provenance-003-001.json,2026-08-30T13:32:50.859483+00:00
LHLHHHL-LH,1,11056655026387948502,host_extinction,7,0,state-001-001-0000000.gz,20793821,975,compact_numpy_v1,ee6a78f884798442b70624bf215292b2aadfdf8d,/scratch/skremer/TE_World2-pilot/TE-Interaction-Experiments/LHLHHHL-LH/provenance-001-001.json,2026-08-30T13:32:50.843287+00:00
LHLHHHL-LH,2,15382740755827995600,host_extinction,7,0,state-002-001-0000000.gz,20793821,976,compact_numpy_v1,ee6a78f884798442b70624bf215292b2aadfdf8d,/scratch/skremer/TE_World2-pilot/TE-Interaction-Experiments/LHLHHHL-LH/provenance-002-001.json,2026-08-30T13:32:50.847211+00:00
LHLHHHL-LH,3,3848554893158808360,host_extinction,8,0,state-003-001-0000000.gz,20793821,977,compact_numpy_v1,ee6a78f884798442b70624bf215292b2aadfdf8d,/scratch/skremer/TE_World2-pilot/TE-Interaction-Experiments/LHLHHHL-LH/provenance-003-001.json,2026-08-30T13:32:50.849785+00:00
LHLHHHL-LL,1,7994998921708663433,host_extinction,7,0,state-001-001-0000000.gz,20793821,972,compact_numpy_v1,ee6a78f884798442b70624bf215292b2aadfdf8d,/scratch/skremer/TE_World2-pilot/TE-Interaction-Experiments/LHLHHHL-LL/provenance-001-001.json,2026-08-30T13:32:50.833109+00:00
LHLHHHL-LL,2,7007093011922481469,host_extinction,8,0,state-002-001-0000000.gz,20793821,973,compact_numpy_v1,ee6a78f884798442b70624bf215292b2aadfdf8d,/scratch/skremer/TE_World2-pilot/TE-Interaction-Experiments/LHLHHHL-LL/provenance-002-001.json,2026-08-30T13:32:50.836442+00:00
LHLHHHL-LL,3,1818683260184293289,host_extinction,7,0,state-003-001-0000000.gz,20793821,974,compact_numpy_v1,ee6a78f884798442b70624bf215292b2aadfdf8d,/scratch/skremer/TE_World2-pilot/TE-Interaction-Experiments/LHLHHHL-LL/provenance-003-001.json,2026-08-30T13:32:50.839810+00:00
LHLHHLH-HH,1,18081444354422991658,host_extinction,16,0,state-001-001-0000000.gz,20793821,993,compact_numpy_v1,ee6a78f884798442b70624bf215292b2aadfdf8d,/scratch/skremer/TE_World2-pilot/TE-Interaction-Experiments/LHLHHLH-HH/provenance-001-001.json,2026-08-30T13:32:50.919306+00:00
LHLHHLH-HH,2,18176707499537908945,host_extinction,12,0,state-002-001-0000000.gz,20793821,994,compact_numpy_v1,ee6a78f884798442b70624bf215292b2aadfdf8d,/scratch/skremer/TE_World2-pilot/TE-Interaction-Experiments/LHLHHLH-HH/provenance-002-001.json,2026-08-30T13:32:50.924293+00:00
LHLHHLH-HH,3,18147939845545536991,host_extinction,11,0,state-003-001-0000000.gz,20812142,995,compact_numpy_v1,ee6a78f884798442b70624bf215292b2aadfdf8d,/scratch/skremer/TE_World2-pilot/TE-Interaction-Experiments/LHLHHLH-HH/provenance-003-001.json,2026-08-30T13:32:50.929307+00:00
LHLHHLH-HL,1,9245837227693552728,maximum_generations,1500,297,state-001-001-0001500.gz,20793821,990,compact_numpy_v1,ee6a78f884798442b70624bf215292b2aadfdf8d,/scratch/skremer/TE_World2-pilot/TE-Interaction-Experiments/LHLHHLH-HL/provenance-001-001.json,2026-08-30T13:32:50.891459+00:00
LHLHHLH-HL,2,16535213550715395607,host_extinction,10,0,state-002-001-0000000.gz,20793821,991,compact_numpy_v1,ee6a78f884798442b70624bf215292b2aadfdf8d,/scratch/skremer/TE_World2-pilot/TE-Interaction-Experiments/LHLHHLH-HL/provenance-002-001.json,2026-08-30T13:32:50.911910+00:00
LHLHHLH-HL,3,4505087147860246954,host_extinction,9,0,state-003-001-0000000.gz,20793821,992,compact_numpy_v1,ee6a78f884798442b70624bf215292b2aadfdf8d,/scratch/skremer/TE_World2-pilot/TE-Interaction-Experiments/LHLHHLH-HL/provenance-003-001.json,2026-08-30T13:32:50.915342+00:00
LHLHHLH-LH,1,4786097782408366147,host_extinction,9,0,state-001-001-0000000.gz,20793821,987,compact_numpy_v1,ee6a78f884798442b70624bf215292b2aadfdf8d,/scratch/skremer/TE_World2-pilot/TE-Interaction-Experiments/LHLHHLH-LH/provenance-001-001.json,2026-08-30T13:32:50.882590+00:00
LHLHHLH-LH,2,10274190068469112071,host_extinction,11,0,state-002-001-0000000.gz,20793821,988,compact_numpy_v1,ee6a78f884798442b70624bf215292b2aadfdf8d,/scratch/skremer/TE_World2-pilot/TE-Interaction-Experiments/LHLHHLH-LH/provenance-002-001.json,2026-08-30T13:32:50.885620+00:00
LHLHHLH-LH,3,10988128259732475329,host_extinction,12,0,state-003-001-0000000.gz,20793821,989,compact_numpy_v1,ee6a78f884798442b70624bf215292b2aadfdf8d,/scratch/skremer/TE_World2-pilot/TE-Interaction-Experiments/LHLHHLH-LH/provenance-003-001.json,2026-08-30T13:32:50.888440+00:00
LHLHHLH-LL,1,6140457125857413753,host_extinction,10,0,state-001-001-0000000.gz,20793821,984,compact_numpy_v1,ee6a78f884798442b70624bf215292b2aadfdf8d,/scratch/skremer/TE_World2-pilot/TE-Interaction-Experiments/LHLHHLH-LL/provenance-001-001.json,2026-08-30T13:32:50.872352+00:00
LHLHHLH-LL,2,18087098631617192579,host_extinction,8,0,state-002-001-0000000.gz,20793821,985,compact_numpy_v1,ee6a78f884798442b70624bf215292b2aadfdf8d,/scratch/skremer/TE_World2-pilot/TE-Interaction-Experiments/LHLHHLH-LL/provenance-002-001.json,2026-08-30T13:32:50.875544+00:00
LHLHHLH-LL,3,13071691381468108105,host_extinction,11,0,state-003-001-0000000.gz,20793821,986,compact_numpy_v1,ee6a78f884798442b70624bf215292b2aadfdf8d,/scratch/skremer/TE_World2-pilot/TE-Interaction-Experiments/LHLHHLH-LL/provenance-003-001.json,2026-08-30T13:32:50.879327+00:00
LHLHHLL-HH,1,12974742296510952350,host_extinction,9,0,state-001-001-0000000.gz,20812142,1005,compact_numpy_v1,ee6a78f884798442b70624bf215292b2aadfdf8d,/scratch/skremer/TE_World2-pilot/TE-Interaction-Experiments/LHLHHLL-HH/provenance-001-001.json,2026-08-30T13:32:50.963935+00:00
LHLHHLL-HH,2,12303048292818634351,host_extinction,10,0,state-002-001-0000000.gz,20812142,1006,compact_numpy_v1,ee6a78f884798442b70624bf215292b2aadfdf8d,/scratch/skremer/TE_World2-pilot/TE-Interaction-Experiments/LHLHHLL-HH/provenance-002-001.json,2026-08-30T13:32:50.966543+00:00
LHLHHLL-HH,3,6040615167450727716,host_extinction,12,0,state-003-001-0000000.gz,20812142,1007,compact_numpy_v1,ee6a78f884798442b70624bf215292b2aadfdf8d,/scratch/skremer/TE_World2-pilot/TE-Interaction-Experiments/LHLHHLL-HH/provenance-003-001.json,2026-08-30T13:32:50.969063+00:00
LHLHHLL-HL,1,8115369904141869799,host_extinction,7,0,state-001-001-0000000.gz,20812142,1002,compact_numpy_v1,ee6a78f884798442b70624bf215292b2aadfdf8d,/scratch/skremer/TE_World2-pilot/TE-Interaction-Experiments/LHLHHLL-HL/provenance-001-001.json,2026-08-30T13:32:50.954624+00:00
LHLHHLL-HL,2,6886670466676282616,host_extinction,7,0,state-002-001-0000000.gz,20812142,1003,compact_numpy_v1,ee6a78f884798442b70624bf215292b2aadfdf8d,/scratch/skremer/TE_World2-pilot/TE-Interaction-Experiments/LHLHHLL-HL/provenance-002-001.json,2026-08-30T13:32:50.957494+00:00
LHLHHLL-HL,3,4343745560530963084,host_extinction,8,0,state-003-001-0000000.gz,20812142,1004,compact_numpy_v1,ee6a78f884798442b70624bf215292b2aadfdf8d,/scratch/skremer/TE_World2-pilot/TE-Interaction-Experiments/LHLHHLL-HL/provenance-003-001.json,2026-08-30T13:32:50.960588+00:00
LHLHHLL-LH,1,10449160540400017491,host_extinction,7,0,state-001-001-0000000.gz,20812142,999,compact_numpy_v1,ee6a78f884798442b70624bf215292b2aadfdf8d,/scratch/skremer/TE_World2-pilot/TE-Interaction-Experiments/LHLHHLL-LH/provenance-001-001.json,2026-08-30T13:32:50.944637+00:00
LHLHHLL-LH,2,17051218720937846395,host_extinction,7,0,state-002-001-0000000.gz,20812142,1000,compact_numpy_v1,ee6a78f884798442b70624bf215292b2aadfdf8d,/scratch/skremer/TE_World2-pilot/TE-Interaction-Experiments/LHLHHLL-LH/provenance-002-001.json,2026-08-30T13:32:50.947859+00:00
LHLHHLL-LH,3,3039944347266927596,host_extinction,7,0,state-003-001-0000000.gz,20812142,1001,compact_numpy_v1,ee6a78f884798442b70624bf215292b2aadfdf8d,/scratch/skremer/TE_World2-pilot/TE-Interaction-Experiments/LHLHHLL-LH/provenance-003-001.json,2026-08-30T13:32:50.951022+00:00
LHLHHLL-LL,1,14799116397845078553,host_extinction,9,0,state-001-001-0000000.gz,20812142,996,compact_numpy_v1,ee6a78f884798442b70624bf215292b2aadfdf8d,/scratch/skremer/TE_World2-pilot/TE-Interaction-Experiments/LHLHHLL-LL/provenance-001-001.json,2026-08-30T13:32:50.932769+00:00
LHLHHLL-LL,2,11807840985211781797,host_extinction,7,0,state-002-001-0000000.gz,20812142,997,compact_numpy_v1,ee6a78f884798442b70624bf215292b2aadfdf8d,/scratch/skremer/TE_World2-pilot/TE-Interaction-Experiments/LHLHHLL-LL/provenance-002-001.json,2026-08-30T13:32:50.936954+00:00
LHLHHLL-LL,3,4953329591201992280,host_extinction,9,0,state-003-001-0000000.gz,20812142,998,compact_numpy_v1,ee6a78f884798442b70624bf215292b2aadfdf8d,/scratch/skremer/TE_World2-pilot/TE-Interaction-Experiments/LHLHHLL-LL/provenance-003-001.json,2026-08-30T13:32:50.940415+00:00
LHLHLHH-HH,1,13261163285785572322,host_extinction,11,0,state-001-001-0000000.gz,20812142,1017,compact_numpy_v1,ee6a78f884798442b70624bf215292b2aadfdf8d,/scratch/skremer/TE_World2-pilot/TE-Interaction-Experiments/LHLHLHH-HH/provenance-001-001.json,2026-08-30T13:32:51.040937+00:00
LHLHLHH-HH,2,6414432245870875554,maximum_generations,1500,303,state-002-001-0001500.gz,20812142,1018,compact_numpy_v1,ee6a78f884798442b70624bf215292b2aadfdf8d,/scratch/skremer/TE_World2-pilot/TE-Interaction-Experiments/LHLHLHH-HH/provenance-002-001.json,2026-08-30T13:32:51.043889+00:00
LHLHLHH-HH,3,4717680016119561542,host_extinction,9,0,state-003-001-0000000.gz,20812142,1019,compact_numpy_v1,ee6a78f884798442b70624bf215292b2aadfdf8d,/scratch/skremer/TE_World2-pilot/TE-Interaction-Experiments/LHLHLHH-HH/provenance-003-001.json,2026-08-30T13:32:51.058847+00:00
LHLHLHH-HL,1,15409220044478712441,host_extinction,9,0,state-001-001-0000000.gz,20812142,1014,compact_numpy_v1,ee6a78f884798442b70624bf215292b2aadfdf8d,/scratch/skremer/TE_World2-pilot/TE-Interaction-Experiments/LHLHLHH-HL/provenance-001-001.json,2026-08-30T13:32:51.017219+00:00
LHLHLHH-HL,2,4270350640435420402,host_extinction,9,0,state-002-001-0000000.gz,20812142,1015,compact_numpy_v1,ee6a78f884798442b70624bf215292b2aadfdf8d,/scratch/skremer/TE_World2-pilot/TE-Interaction-Experiments/LHLHLHH-HL/provenance-002-001.json,2026-08-30T13:32:51.019860+00:00
LHLHLHH-HL,3,13403308603493049944,maximum_generations,1500,299,state-003-001-0001500.gz,20812142,1016,compact_numpy_v1,ee6a78f884798442b70624bf215292b2aadfdf8d,/scratch/skremer/TE_World2-pilot/TE-Interaction-Experiments/LHLHLHH-HL/provenance-003-001.json,2026-08-30T13:32:51.023440+00:00
LHLHLHH-LH,1,17270312875003265829,host_extinction,8,0,state-001-001-0000000.gz,20812142,1011,compact_numpy_v1,ee6a78f884798442b70624bf215292b2aadfdf8d,/scratch/skremer/TE_World2-pilot/TE-Interaction-Experiments/LHLHLHH-LH/provenance-001-001.json,2026-08-30T13:32:51.005534+00:00
LHLHLHH-LH,2,1727092315108005034,host_extinction,7,0,state-002-001-0000000.gz,20812142,1012,compact_numpy_v1,ee6a78f884798442b70624bf215292b2aadfdf8d,/scratch/skremer/TE_World2-pilot/TE-Interaction-Experiments/LHLHLHH-LH/provenance-002-001.json,2026-08-30T13:32:51.008961+00:00
LHLHLHH-LH,3,5081630415616160964,host_extinction,9,0,state-003-001-0000000.gz,20812142,1013,compact_numpy_v1,ee6a78f884798442b70624bf215292b2aadfdf8d,/scratch/skremer/TE_World2-pilot/TE-Interaction-Experiments/LHLHLHH-LH/provenance-003-001.json,2026-08-30T13:32:51.013719+00:00
LHLHLHH-LL,1,5920590678446893249,te_extinction,550,284,state-001-001-0000500.gz,20812142,1008,compact_numpy_v1,ee6a78f884798442b70624bf215292b2aadfdf8d,/scratch/skremer/TE_World2-pilot/TE-Interaction-Experiments/LHLHLHH-LL/provenance-001-001.json,2026-08-30T13:32:50.972175+00:00
LHLHLHH-LL,2,3279668010959002037,te_extinction,625,299,state-002-001-0000600.gz,20812142,1009,compact_numpy_v1,ee6a78f884798442b70624bf215292b2aadfdf8d,/scratch/skremer/TE_World2-pilot/TE-Interaction-Experiments/LHLHLHH-LL/provenance-002-001.json,2026-08-30T13:32:50.980168+00:00
LHLHLHH-LL,3,7122485101118462726,maximum_generations,1500,317,state-003-001-0001500.gz,20812142,1010,compact_numpy_v1,ee6a78f884798442b70624bf215292b2aadfdf8d,/scratch/skremer/TE_World2-pilot/TE-Interaction-Experiments/LHLHLHH-LL/provenance-003-001.json,2026-08-30T13:32:50.987782+00:00
LHLHLHL-HH,1,9700707534803889323,host_extinction,8,0,state-001-001-0000000.gz,20812142,1029,compact_numpy_v1,ee6a78f884798442b70624bf215292b2aadfdf8d,/scratch/skremer/TE_World2-pilot/TE-Interaction-Experiments/LHLHLHL-HH/provenance-001-001.json,2026-08-30T13:32:51.102184+00:00
LHLHLHL-HH,2,5548804541683217747,host_extinction,8,0,state-002-001-0000000.gz,20812142,1030,compact_numpy_v1,ee6a78f884798442b70624bf215292b2aadfdf8d,/scratch/skremer/TE_World2-pilot/TE-Interaction-Experiments/LHLHLHL-HH/provenance-002-001.json,2026-08-30T13:32:51.107207+00:00
LHLHLHL-HH,3,8495360695825570014,host_extinction,7,0,state-003-001-0000000.gz,20812142,1031,compact_numpy_v1,ee6a78f884798442b70624bf215292b2aadfdf8d,/scratch/skremer/TE_World2-pilot/TE-Interaction-Experiments/LHLHLHL-HH/provenance-003-001.json,2026-08-30T13:32:51.110195+00:00
LHLHLHL-HL,1,917628143584792082,host_extinction,6,0,state-001-001-0000000.gz,20812142,1026,compact_numpy_v1,ee6a78f884798442b70624bf215292b2aadfdf8d,/scratch/skremer/TE_World2-pilot/TE-Interaction-Experiments/LHLHLHL-HL/provenance-001-001.json,2026-08-30T13:32:51.090166+00:00
LHLHLHL-HL,2,2355875367238338957,host_extinction,8,0,state-002-001-0000000.gz,20812142,1027,compact_numpy_v1,ee6a78f884798442b70624bf215292b2aadfdf8d,/scratch/skremer/TE_World2-pilot/TE-Interaction-Experiments/LHLHLHL-HL/provenance-002-001.json,2026-08-30T13:32:51.092836+00:00
LHLHLHL-HL,3,10624387559159617779,host_extinction,6,0,state-003-001-0000000.gz,20812142,1028,compact_numpy_v1,ee6a78f884798442b70624bf215292b2aadfdf8d,/scratch/skremer/TE_World2-pilot/TE-Interaction-Experiments/LHLHLHL-HL/provenance-003-001.json,2026-08-30T13:32:51.095874+00:00
LHLHLHL-LH,1,4346478493290230439,host_extinction,7,0,state-001-001-0000000.gz,20812142,1023,compact_numpy_v1,ee6a78f884798442b70624bf215292b2aadfdf8d,/scratch/skremer/TE_World2-pilot/TE-Interaction-Experiments/LHLHLHL-LH/provenance-001-001.json,2026-08-30T13:32:51.077369+00:00
LHLHLHL-LH,2,15777484618269778396,host_extinction,7,0,state-002-001-0000000.gz,20812142,1024,compact_numpy_v1,ee6a78f884798442b70624bf215292b2aadfdf8d,/scratch/skremer/TE_World2-pilot/TE-Interaction-Experiments/LHLHLHL-LH/provenance-002-001.json,2026-08-30T13:32:51.081593+00:00
LHLHLHL-LH,3,5109914574819304465,host_extinction,7,0,state-003-001-0000000.gz,20812142,1025,compact_numpy_v1,ee6a78f884798442b70624bf215292b2aadfdf8d,/scratch/skremer/TE_World2-pilot/TE-Interaction-Experiments/LHLHLHL-LH/provenance-003-001.json,2026-08-30T13:32:51.085073+00:00
LHLHLHL-LL,1,5812394632235047898,host_extinction,6,0,state-001-001-0000000.gz,20812142,1020,compact_numpy_v1,ee6a78f884798442b70624bf215292b2aadfdf8d,/scratch/skremer/TE_World2-pilot/TE-Interaction-Experiments/LHLHLHL-LL/provenance-001-001.json,2026-08-30T13:32:51.062588+00:00
LHLHLHL-LL,2,2668886477033408813,host_extinction,6,0,state-002-001-0000000.gz,20812142,1021,compact_numpy_v1,ee6a78f884798442b70624bf215292b2aadfdf8d,/scratch/skremer/TE_World2-pilot/TE-Interaction-Experiments/LHLHLHL-LL/provenance-002-001.json,2026-08-30T13:32:51.065520+00:00
LHLHLHL-LL,3,16936421183841491145,te_extinction,777,25,state-003-001-0000750.gz,20812142,1022,compact_numpy_v1,ee6a78f884798442b70624bf215292b2aadfdf8d,/scratch/skremer/TE_World2-pilot/TE-Interaction-Experiments/LHLHLHL-LL/provenance-003-001.json,2026-08-30T13:32:51.067745+00:00
LHLHLLH-HH,1,8537751047011660951,host_extinction,16,0,state-001-001-0000000.gz,20812142,1041,compact_numpy_v1,ee6a78f884798442b70624bf215292b2aadfdf8d,/scratch/skremer/TE_World2-pilot/TE-Interaction-Experiments/LHLHLLH-HH/provenance-001-001.json,2026-08-30T13:32:51.178600+00:00
LHLHLLH-HH,2,4047379268025876146,maximum_generations,1500,299,state-002-001-0001500.gz,20812142,1042,compact_numpy_v1,ee6a78f884798442b70624bf215292b2aadfdf8d,/scratch/skremer/TE_World2-pilot/TE-Interaction-Experiments/LHLHLLH-HH/provenance-002-001.json,2026-08-30T13:32:51.181187+00:00
LHLHLLH-HH,3,6989053217303299746,host_extinction,11,0,state-003-001-0000000.gz,20812142,1043,compact_numpy_v1,ee6a78f884798442b70624bf215292b2aadfdf8d,/scratch/skremer/TE_World2-pilot/TE-Interaction-Experiments/LHLHLLH-HH/provenance-003-001.json,2026-08-30T13:32:51.196320+00:00
LHLHLLH-HL,1,13564807929912970548,maximum_generations,1500,310,state-001-001-0001500.gz,20812142,1038,compact_numpy_v1,ee6a78f884798442b70624bf215292b2aadfdf8d,/scratch/skremer/TE_World2-pilot/TE-Interaction-Experiments/LHLHLLH-HL/provenance-001-001.json,2026-08-30T13:32:51.149554+00:00
LHLHLLH-HL,2,17344750957698252023,te_extinction,601,292,state-002-001-0000600.gz,20812142,1039,compact_numpy_v1,ee6a78f884798442b70624bf215292b2aadfdf8d,/scratch/skremer/TE_World2-pilot/TE-Interaction-Experiments/LHLHLLH-HL/provenance-002-001.json,2026-08-30T13:32:51.167217+00:00
LHLHLLH-HL,3,10625715382101776175,host_extinction,11,0,state-003-001-0000000.gz,20812142,1040,compact_numpy_v1,ee6a78f884798442b70624bf215292b2aadfdf8d,/scratch/skremer/TE_World2-pilot/TE-Interaction-Experiments/LHLHLLH-HL/provenance-003-001.json,2026-08-30T13:32:51.174639+00:00
LHLHLLH-LH,1,13633553406862438590,host_extinction,8,0,state-001-001-0000000.gz,20812142,1035,compact_numpy_v1,ee6a78f884798442b70624bf215292b2aadfdf8d,/scratch/skremer/TE_World2-pilot/TE-Interaction-Experiments/LHLHLLH-LH/provenance-001-001.json,2026-08-30T13:32:51.125112+00:00
LHLHLLH-LH,2,1780562553165303876,host_extinction,9,0,state-002-001-0000000.gz,20812142,1036,compact_numpy_v1,ee6a78f884798442b70624bf215292b2aadfdf8d,/scratch/skremer/TE_World2-pilot/TE-Interaction-Experiments/LHLHLLH-LH/provenance-002-001.json,2026-08-30T13:32:51.128036+00:00
LHLHLLH-LH,3,15992850469622637721,maximum_generations,1500,305,state-003-001-0001500.gz,20812142,1037,compact_numpy_v1,ee6a78f884798442b70624bf215292b2aadfdf8d,/scratch/skremer/TE_World2-pilot/TE-Interaction-Experiments/LHLHLLH-LH/provenance-003-001.json,2026-08-30T13:32:51.130436+00:00
LHLHLLH-LL,1,16969596106654680978,host_extinction,9,0,state-001-001-0000000.gz,20812142,1032,compact_numpy_v1,ee6a78f884798442b70624bf215292b2aadfdf8d,/scratch/skremer/TE_World2-pilot/TE-Interaction-Experiments/LHLHLLH-LL/provenance-001-001.json,2026-08-30T13:32:51.114772+00:00
LHLHLLH-LL,2,13628482555293590711,host_extinction,8,0,state-002-001-0000000.gz,20812142,1033,compact_numpy_v1,ee6a78f884798442b70624bf215292b2aadfdf8d,/scratch/skremer/TE_World2-pilot/TE-Interaction-Experiments/LHLHLLH-LL/provenance-002-001.json,2026-08-30T13:32:51.118257+00:00
LHLHLLH-LL,3,4312507600081102032,host_extinction,7,0,state-003-001-0000000.gz,20812142,1034,compact_numpy_v1,ee6a78f884798442b70624bf215292b2aadfdf8d,/scratch/skremer/TE_World2-pilot/TE-Interaction-Experiments/LHLHLLH-LL/provenance-003-001.json,2026-08-30T13:32:51.121325+00:00
LHLHLLL-HH,1,12232628782921101230,host_extinction,9,0,state-001-001-0000000.gz,20812142,1053,compact_numpy_v1,ee6a78f884798442b70624bf215292b2aadfdf8d,/scratch/skremer/TE_World2-pilot/TE-Interaction-Experiments/LHLHLLL-HH/provenance-001-001.json,2026-08-30T13:32:51.228970+00:00
LHLHLLL-HH,2,10509278355595138085,host_extinction,7,0,state-002-001-0000000.gz,20812142,1054,compact_numpy_v1,ee6a78f884798442b70624bf215292b2aadfdf8d,/scratch/skremer/TE_World2-pilot/TE-Interaction-Experiments/LHLHLLL-HH/provenance-002-001.json,2026-08-30T13:32:51.231689+00:00
LHLHLLL-HH,3,4102130166357935341,host_extinction,6,0,state-003-001-0000000.gz,20812142,1055,compact_numpy_v1,ee6a78f884798442b70624bf215292b2aadfdf8d,/scratch/skremer/TE_World2-pilot/TE-Interaction-Experiments/LHLHLLL-HH/provenance-003-001.json,2026-08-30T13:32:51.234744+00:00
LHLHLLL-HL,1,15307772019461950079,host_extinction,7,0,state-001-001-0000000.gz,20812142,1050,compact_numpy_v1,ee6a78f884798442b70624bf215292b2aadfdf8d,/scratch/skremer/TE_World2-pilot/TE-Interaction-Experiments/LHLHLLL-HL/provenance-001-001.json,2026-08-30T13:32:51.220203+00:00
LHLHLLL-HL,2,2452035602548575911,host_extinction,8,0,state-002-001-0000000.gz,20812142,1051,compact_numpy_v1,ee6a78f884798442b70624bf215292b2aadfdf8d,/scratch/skremer/TE_World2-pilot/TE-Interaction-Experiments/LHLHLLL-HL/provenance-002-001.json,2026-08-30T13:32:51.222902+00:00
LHLHLLL-HL,3,12247212264939348805,host_extinction,6,0,state-003-001-0000000.gz,20812142,1052,compact_numpy_v1,ee6a78f884798442b70624bf215292b2aadfdf8d,/scratch/skremer/TE_World2-pilot/TE-Interaction-Experiments/LHLHLLL-HL/provenance-003-001.json,2026-08-30T13:32:51.225655+00:00
LHLHLLL-LH,1,15539328902428912053,host_extinction,7,0,state-001-001-0000000.gz,20812142,1047,compact_numpy_v1,ee6a78f884798442b70624bf215292b2aadfdf8d,/scratch/skremer/TE_World2-pilot/TE-Interaction-Experiments/LHLHLLL-LH/provenance-001-001.json,2026-08-30T13:32:51.211203+00:00
LHLHLLL-LH,2,10276146607271276917,host_extinction,7,0,state-002-001-0000000.gz,20812142,1048,compact_numpy_v1,ee6a78f884798442b70624bf215292b2aadfdf8d,/scratch/skremer/TE_World2-pilot/TE-Interaction-Experiments/LHLHLLL-LH/provenance-002-001.json,2026-08-30T13:32:51.213752+00:00
LHLHLLL-LH,3,12176460123561929214,host_extinction,5,0,state-003-001-0000000.gz,20812142,1049,compact_numpy_v1,ee6a78f884798442b70624bf215292b2aadfdf8d,/scratch/skremer/TE_World2-pilot/TE-Interaction-Experiments/LHLHLLL-LH/provenance-003-001.json,2026-08-30T13:32:51.216250+00:00
LHLHLLL-LL,1,5082192743547413790,host_extinction,9,0,state-001-001-0000000.gz,20812142,1044,compact_numpy_v1,ee6a78f884798442b70624bf215292b2aadfdf8d,/scratch/skremer/TE_World2-pilot/TE-Interaction-Experiments/LHLHLLL-LL/provenance-001-001.json,2026-08-30T13:32:51.200094+00:00
LHLHLLL-LL,2,701282966688257837,host_extinction,7,0,state-002-001-0000000.gz,20812142,1045,compact_numpy_v1,ee6a78f884798442b70624bf215292b2aadfdf8d,/scratch/skremer/TE_World2-pilot/TE-Interaction-Experiments/LHLHLLL-LL/provenance-002-001.json,2026-08-30T13:32:51.203989+00:00
LHLHLLL-LL,3,12997057320502238872,host_extinction,6,0,state-003-001-0000000.gz,20812142,1046,compact_numpy_v1,ee6a78f884798442b70624bf215292b2aadfdf8d,/scratch/skremer/TE_World2-pilot/TE-Interaction-Experiments/LHLHLLL-LL/provenance-003-001.json,2026-08-30T13:32:51.207561+00:00
LHLLHHH-HH,1,11995661327659828361,checkpointed,274,305,state-001-001-0000274.gz,20812142,1065,compact_numpy_v1,ee6a78f884798442b70624bf215292b2aadfdf8d,/scratch/skremer/TE_World2-pilot/TE-Interaction-Experiments/LHLLHHH-HH/provenance-001-001.json,2026-08-30T13:32:51.297897+00:00
LHLLHHH-HH,2,4021492569040454655,checkpointed,248,280,state-002-001-0000248.gz,20812142,1066,compact_numpy_v1,ee6a78f884798442b70624bf215292b2aadfdf8d,/scratch/skremer/TE_World2-pilot/TE-Interaction-Experiments/LHLLHHH-HH/provenance-002-001.json,2026-08-30T13:32:51.307287+00:00
LHLLHHH-HH,3,9846369975049213938,checkpointed,244,292,state-003-001-0000244.gz,20812142,1067,compact_numpy_v1,ee6a78f884798442b70624bf215292b2aadfdf8d,/scratch/skremer/TE_World2-pilot/TE-Interaction-Experiments/LHLLHHH-HH/provenance-003-001.json,2026-08-30T13:32:51.315842+00:00
LHLLHHH-HL,1,18325401019532349870,checkpointed,251,308,state-001-001-0000251.gz,20812142,1062,compact_numpy_v1,ee6a78f884798442b70624bf215292b2aadfdf8d,/scratch/skremer/TE_World2-pilot/TE-Interaction-Experiments/LHLLHHH-HL/provenance-001-001.json,2026-08-30T13:32:51.264970+00:00
LHLLHHH-HL,2,6018931626273870640,maximum_generations,1500,286,state-002-001-0001500.gz,20812142,1063,compact_numpy_v1,ee6a78f884798442b70624bf215292b2aadfdf8d,/scratch/skremer/TE_World2-pilot/TE-Interaction-Experiments/LHLLHHH-HL/provenance-002-001.json,2026-08-30T13:32:51.272957+00:00
LHLLHHH-HL,3,1673683660679024047,checkpointed,236,301,state-003-001-0000236.gz,20812142,1064,compact_numpy_v1,ee6a78f884798442b70624bf215292b2aadfdf8d,/scratch/skremer/TE_World2-pilot/TE-Interaction-Experiments/LHLLHHH-HL/provenance-003-001.json,2026-08-30T13:32:51.292248+00:00
LHLLHHH-LH,1,14627817048478246406,host_extinction,14,0,state-001-001-0000000.gz,20812142,1059,compact_numpy_v1,ee6a78f884798442b70624bf215292b2aadfdf8d,/scratch/skremer/TE_World2-pilot/TE-Interaction-Experiments/LHLLHHH-LH/provenance-001-001.json,2026-08-30T13:32:51.255376+00:00
LHLLHHH-LH,2,828048182333786748,host_extinction,15,0,state-002-001-0000000.gz,20812142,1060,compact_numpy_v1,ee6a78f884798442b70624bf215292b2aadfdf8d,/scratch/skremer/TE_World2-pilot/TE-Interaction-Experiments/LHLLHHH-LH/provenance-002-001.json,2026-08-30T13:32:51.258577+00:00
LHLLHHH-LH,3,3049412227027115442,host_extinction,14,0,state-003-001-0000000.gz,20812142,1061,compact_numpy_v1,ee6a78f884798442b70624bf215292b2aadfdf8d,/scratch/skremer/TE_World2-pilot/TE-Interaction-Experiments/LHLLHHH-LH/provenance-003-001.json,2026-08-30T13:32:51.262144+00:00
LHLLHHH-LL,1,3969589500117445240,host_extinction,14,0,state-001-001-0000000.gz,20812142,1056,compact_numpy_v1,ee6a78f884798442b70624bf215292b2aadfdf8d,/scratch/skremer/TE_World2-pilot/TE-Interaction-Experiments/LHLLHHH-LL/provenance-001-001.json,2026-08-30T13:32:51.237949+00:00
LHLLHHH-LL,2,16647621599578998428,te_extinction,784,306,state-002-001-0000750.gz,20812142,1057,compact_numpy_v1,ee6a78f884798442b70624bf215292b2aadfdf8d,/scratch/skremer/TE_World2-pilot/TE-Interaction-Experiments/LHLLHHH-LL/provenance-002-001.json,2026-08-30T13:32:51.241049+00:00
LHLLHHH-LL,3,13055226412061569901,host_extinction,14,0,state-003-001-0000000.gz,20812142,1058,compact_numpy_v1,ee6a78f884798442b70624bf215292b2aadfdf8d,/scratch/skremer/TE_World2-pilot/TE-Interaction-Experiments/LHLLHHH-LL/provenance-003-001.json,2026-08-30T13:32:51.251540+00:00
LHLLHHL-HH,1,4827529840055715942,checkpointed,1340,31,state-001-001-0001340.gz,20812142,1077,compact_numpy_v1,ee6a78f884798442b70624bf215292b2aadfdf8d,/scratch/skremer/TE_World2-pilot/TE-Interaction-Experiments/LHLLHHL-HH/provenance-001-001.json,2026-08-30T13:32:51.395757+00:00
LHLLHHL-HH,2,18067568476561410841,checkpointed,1294,30,state-002-001-0001294.gz,20812142,1078,compact_numpy_v1,ee6a78f884798442b70624bf215292b2aadfdf8d,/scratch/skremer/TE_World2-pilot/TE-Interaction-Experiments/LHLLHHL-HH/provenance-002-001.json,2026-08-30T13:32:51.410518+00:00
LHLLHHL-HH,3,15117316517722456790,checkpointed,1441,27,state-003-001-0001441.gz,20812142,1079,compact_numpy_v1,ee6a78f884798442b70624bf215292b2aadfdf8d,/scratch/skremer/TE_World2-pilot/TE-Interaction-Experiments/LHLLHHL-HH/provenance-003-001.json,2026-08-30T13:32:51.425306+00:00
LHLLHHL-HL,1,14800943154550788640,checkpointed,1443,33,state-001-001-0001443.gz,20812142,1074,compact_numpy_v1,ee6a78f884798442b70624bf215292b2aadfdf8d,/scratch/skremer/TE_World2-pilot/TE-Interaction-Experiments/LHLLHHL-HL/provenance-001-001.json,2026-08-30T13:32:51.343468+00:00
LHLLHHL-HL,2,13692469540994052756,checkpointed,1435,24,state-002-001-0001435.gz,20812142,1075,compact_numpy_v1,ee6a78f884798442b70624bf215292b2aadfdf8d,/scratch/skremer/TE_World2-pilot/TE-Interaction-Experiments/LHLLHHL-HL/provenance-002-001.json,2026-08-30T13:32:51.362522+00:00
LHLLHHL-HL,3,16112957525904704454,maximum_generations,1500,33,state-003-001-0001500.gz,20812142,1076,compact_numpy_v1,ee6a78f884798442b70624bf215292b2aadfdf8d,/scratch/skremer/TE_World2-pilot/TE-Interaction-Experiments/LHLLHHL-HL/provenance-003-001.json,2026-08-30T13:32:51.379728+00:00
LHLLHHL-LH,1,4366740201483626350,host_extinction,15,0,state-001-001-0000000.gz,20812142,1071,compact_numpy_v1,ee6a78f884798442b70624bf215292b2aadfdf8d,/scratch/skremer/TE_World2-pilot/TE-Interaction-Experiments/LHLLHHL-LH/provenance-001-001.json,2026-08-30T13:32:51.334200+00:00
LHLLHHL-LH,2,12572335990060109427,host_extinction,12,0,state-002-001-0000000.gz,20812142,1072,compact_numpy_v1,ee6a78f884798442b70624bf215292b2aadfdf8d,/scratch/skremer/TE_World2-pilot/TE-Interaction-Experiments/LHLLHHL-LH/provenance-002-001.json,2026-08-30T13:32:51.337230+00:00
LHLLHHL-LH,3,1312374101518940556,host_extinction,12,0,state-003-001-0000000.gz,20812142,1073,compact_numpy_v1,ee6a78f884798442b70624bf215292b2aadfdf8d,/scratch/skremer/TE_World2-pilot/TE-Interaction-Experiments/LHLLHHL-LH/provenance-003-001.json,2026-08-30T13:32:51.340177+00:00
LHLLHHL-LL,1,13478389438644153252,host_extinction,10,0,state-001-001-0000000.gz,20812142,1068,compact_numpy_v1,ee6a78f884798442b70624bf215292b2aadfdf8d,/scratch/skremer/TE_World2-pilot/TE-Interaction-Experiments/LHLLHHL-LL/provenance-001-001.json,2026-08-30T13:32:51.322479+00:00
LHLLHHL-LL,2,2615043375938987301,host_extinction,12,0,state-002-001-0000000.gz,20812142,1069,compact_numpy_v1,ee6a78f884798442b70624bf215292b2aadfdf8d,/scratch/skremer/TE_World2-pilot/TE-Interaction-Experiments/LHLLHHL-LL/provenance-002-001.json,2026-08-30T13:32:51.326949+00:00
LHLLHHL-LL,3,17858741642162453743,host_extinction,12,0,state-003-001-0000000.gz,20812142,1070,compact_numpy_v1,ee6a78f884798442b70624bf215292b2aadfdf8d,/scratch/skremer/TE_World2-pilot/TE-Interaction-Experiments/LHLLHHL-LL/provenance-003-001.json,2026-08-30T13:32:51.330692+00:00
LHLLHLH-HH,1,8008278165612030029,checkpointed,321,296,state-001-001-0000321.gz,20812142,1089,compact_numpy_v1,ee6a78f884798442b70624bf215292b2aadfdf8d,/scratch/skremer/TE_World2-pilot/TE-Interaction-Experiments/LHLLHLH-HH/provenance-001-001.json,2026-08-30T13:32:51.482133+00:00
LHLLHLH-HH,2,14026964242278335725,checkpointed,320,291,state-002-001-0000320.gz,20812142,1090,compact_numpy_v1,ee6a78f884798442b70624bf215292b2aadfdf8d,/scratch/skremer/TE_World2-pilot/TE-Interaction-Experiments/LHLLHLH-HH/provenance-002-001.json,2026-08-30T13:32:51.489783+00:00
LHLLHLH-HH,3,1305409906714210045,checkpointed,296,301,state-003-001-0000296.gz,20812142,1091,compact_numpy_v1,ee6a78f884798442b70624bf215292b2aadfdf8d,/scratch/skremer/TE_World2-pilot/TE-Interaction-Experiments/LHLLHLH-HH/provenance-003-001.json,2026-08-30T13:32:51.497262+00:00
LHLLHLH-HL,1,9628703431650186377,checkpointed,269,290,state-001-001-0000269.gz,20812142,1086,compact_numpy_v1,ee6a78f884798442b70624bf215292b2aadfdf8d,/scratch/skremer/TE_World2-pilot/TE-Interaction-Experiments/LHLLHLH-HL/provenance-001-001.json,2026-08-30T13:32:51.459483+00:00
LHLLHLH-HL,2,5171768084434136808,checkpointed,297,289,state-002-001-0000297.gz,20812142,1087,compact_numpy_v1,ee6a78f884798442b70624bf215292b2aadfdf8d,/scratch/skremer/TE_World2-pilot/TE-Interaction-Experiments/LHLLHLH-HL/provenance-002-001.json,2026-08-30T13:32:51.465373+00:00
LHLLHLH-HL,3,1181365990299584687,checkpointed,291,292,state-003-001-0000291.gz,20812142,1088,compact_numpy_v1,ee6a78f884798442b70624bf215292b2aadfdf8d,/scratch/skremer/TE_World2-pilot/TE-Interaction-Experiments/LHLLHLH-HL/provenance-003-001.json,2026-08-30T13:32:51.473577+00:00
LHLLHLH-LH,1,5931552632321624626,host_extinction,14,0,state-001-001-0000000.gz,20812142,1083,compact_numpy_v1,ee6a78f884798442b70624bf215292b2aadfdf8d,/scratch/skremer/TE_World2-pilot/TE-Interaction-Experiments/LHLLHLH-LH/provenance-001-001.json,2026-08-30T13:32:51.450512+00:00
LHLLHLH-LH,2,13733876462196872038,host_extinction,17,0,state-002-001-0000000.gz,20812142,1084,compact_numpy_v1,ee6a78f884798442b70624bf215292b2aadfdf8d,/scratch/skremer/TE_World2-pilot/TE-Interaction-Experiments/LHLLHLH-LH/provenance-002-001.json,2026-08-30T13:32:51.452707+00:00
LHLLHLH-LH,3,5711088676685119594,host_extinction,15,0,state-003-001-0000000.gz,20812142,1085,compact_numpy_v1,ee6a78f884798442b70624bf215292b2aadfdf8d,/scratch/skremer/TE_World2-pilot/TE-Interaction-Experiments/LHLLHLH-LH/provenance-003-001.json,2026-08-30T13:32:51.455219+00:00
LHLLHLH-LL,1,14048894804225060199,host_extinction,12,0,state-001-001-0000000.gz,20812142,1080,compact_numpy_v1,ee6a78f884798442b70624bf215292b2aadfdf8d,/scratch/skremer/TE_World2-pilot/TE-Interaction-Experiments/LHLLHLH-LL/provenance-001-001.json,2026-08-30T13:32:51.441254+00:00
LHLLHLH-LL,2,9085174782886461191,host_extinction,16,0,state-002-001-0000000.gz,20812142,1081,compact_numpy_v1,ee6a78f884798442b70624bf215292b2aadfdf8d,/scratch/skremer/TE_World2-pilot/TE-Interaction-Experiments/LHLLHLH-LL/provenance-002-001.json,2026-08-30T13:32:51.444265+00:00
LHLLHLH-LL,3,1051616099857817528,host_extinction,13,0,state-003-001-0000000.gz,20812142,1082,compact_numpy_v1,ee6a78f884798442b70624bf215292b2aadfdf8d,/scratch/skremer/TE_World2-pilot/TE-Interaction-Experiments/LHLLHLH-LL/provenance-003-001.json,2026-08-30T13:32:51.447205+00:00
LHLLHLL-HH,1,7830393783371657271,maximum_generations,1500,28,state-001-001-0001500.gz,20812142,1101,compact_numpy_v1,ee6a78f884798442b70624bf215292b2aadfdf8d,/scratch/skremer/TE_World2-pilot/TE-Interaction-Experiments/LHLLHLL-HH/provenance-001-001.json,2026-08-30T13:32:51.563998+00:00
LHLLHLL-HH,2,12030113992391450526,checkpointed,1251,29,state-002-001-0001251.gz,20812142,1102,compact_numpy_v1,ee6a78f884798442b70624bf215292b2aadfdf8d,/scratch/skremer/TE_World2-pilot/TE-Interaction-Experiments/LHLLHLL-HH/provenance-002-001.json,2026-08-30T13:32:51.580842+00:00
LHLLHLL-HH,3,1828716818579682901,checkpointed,1321,32,state-003-001-0001321.gz,20812142,1103,compact_numpy_v1,ee6a78f884798442b70624bf215292b2aadfdf8d,/scratch/skremer/TE_World2-pilot/TE-Interaction-Experiments/LHLLHLL-HH/provenance-003-001.json,2026-08-30T13:32:51.594466+00:00
LHLLHLL-HL,1,4911371048050681198,maximum_generations,1500,32,state-001-001-0001500.gz,20812142,1098,compact_numpy_v1,ee6a78f884798442b70624bf215292b2aadfdf8d,/scratch/skremer/TE_World2-pilot/TE-Interaction-Experiments/LHLLHLL-HL/provenance-001-001.json,2026-08-30T13:32:51.524649+00:00
LHLLHLL-HL,2,5898727695289328270,maximum_generations,1500,31,state-002-001-0001500.gz,20812142,1099,compact_numpy_v1,ee6a78f884798442b70624bf215292b2aadfdf8d,/scratch/skremer/TE_World2-pilot/TE-Interaction-Experiments/LHLLHLL-HL/provenance-002-001.json,2026-08-30T13:32:51.544012+00:00
LHLLHLL-HL,3,586911482669947462,host_extinction,25,0,state-003-001-0000000.gz,20812142,1100,compact_numpy_v1,ee6a78f884798442b70624bf215292b2aadfdf8d,/scratch/skremer/TE_World2-pilot/TE-Interaction-Experiments/LHLLHLL-HL/provenance-003-001.json,2026-08-30T13:32:51.560386+00:00
LHLLHLL-LH,1,13594822246629208836,host_extinction,16,0,state-001-001-0000000.gz,20812142,1095,compact_numpy_v1,ee6a78f884798442b70624bf215292b2aadfdf8d,/scratch/skremer/TE_World2-pilot/TE-Interaction-Experiments/LHLLHLL-LH/provenance-001-001.json,2026-08-30T13:32:51.513026+00:00
LHLLHLL-LH,2,9459306275443034436,host_extinction,12,0,state-002-001-0000000.gz,20812142,1096,compact_numpy_v1,ee6a78f884798442b70624bf215292b2aadfdf8d,/scratch/skremer/TE_World2-pilot/TE-Interaction-Experiments/LHLLHLL-LH/provenance-002-001.json,2026-08-30T13:32:51.516575+00:00
LHLLHLL-LH,3,9443714301607838258,host_extinction,12,0,state-003-001-0000000.gz,20812142,1097,compact_numpy_v1,ee6a78f884798442b70624bf215292b2aadfdf8d,/scratch/skremer/TE_World2-pilot/TE-Interaction-Experiments/LHLLHLL-LH/provenance-003-001.json,2026-08-30T13:32:51.519900+00:00
LHLLHLL-LL,1,10262674519197105041,host_extinction,11,0,state-001-001-0000000.gz,20812142,1092,compact_numpy_v1,ee6a78f884798442b70624bf215292b2aadfdf8d,/scratch/skremer/TE_World2-pilot/TE-Interaction-Experiments/LHLLHLL-LL/provenance-001-001.json,2026-08-30T13:32:51.504447+00:00
LHLLHLL-LL,2,10382640233456025020,host_extinction,12,0,state-002-001-0000000.gz,20812142,1093,compact_numpy_v1,ee6a78f884798442b70624bf215292b2aadfdf8d,/scratch/skremer/TE_World2-pilot/TE-Interaction-Experiments/LHLLHLL-LL/provenance-002-001.json,2026-08-30T13:32:51.507471+00:00
LHLLHLL-LL,3,10715754419959181550,host_extinction,9,0,state-003-001-0000000.gz,20812142,1094,compact_numpy_v1,ee6a78f884798442b70624bf215292b2aadfdf8d,/scratch/skremer/TE_World2-pilot/TE-Interaction-Experiments/LHLLHLL-LL/provenance-003-001.json,2026-08-30T13:32:51.510226+00:00
LHLLLHH-HH,1,298530957829677615,maximum_generations,1500,287,state-001-001-0001500.gz,20812142,1113,compact_numpy_v1,ee6a78f884798442b70624bf215292b2aadfdf8d,/scratch/skremer/TE_World2-pilot/TE-Interaction-Experiments/LHLLLHH-HH/provenance-001-001.json,2026-08-30T13:32:51.650336+00:00
LHLLLHH-HH,2,9448325346315435185,host_extinction,14,0,state-002-001-0000000.gz,20812142,1114,compact_numpy_v1,ee6a78f884798442b70624bf215292b2aadfdf8d,/scratch/skremer/TE_World2-pilot/TE-Interaction-Experiments/LHLLLHH-HH/provenance-002-001.json,2026-08-30T13:32:51.672899+00:00
LHLLLHH-HH,3,9833266403805907935,host_extinction,17,0,state-003-001-0000000.gz,20812142,1115,compact_numpy_v1,ee6a78f884798442b70624bf215292b2aadfdf8d,/scratch/skremer/TE_World2-pilot/TE-Interaction-Experiments/LHLLLHH-HH/provenance-003-001.json,2026-08-30T13:32:51.675305+00:00
LHLLLHH-HL,1,15714904032266068286,host_extinction,15,0,state-001-001-0000000.gz,20812142,1110,compact_numpy_v1,ee6a78f884798442b70624bf215292b2aadfdf8d,/scratch/skremer/TE_World2-pilot/TE-Interaction-Experiments/LHLLLHH-HL/provenance-001-001.json,2026-08-30T13:32:51.640122+00:00
LHLLLHH-HL,2,1330751209278599764,host_extinction,13,0,state-002-001-0000000.gz,20812142,1111,compact_numpy_v1,ee6a78f884798442b70624bf215292b2aadfdf8d,/scratch/skremer/TE_World2-pilot/TE-Interaction-Experiments/LHLLLHH-HL/provenance-002-001.json,2026-08-30T13:32:51.643963+00:00
LHLLLHH-HL,3,16840873447459224383,host_extinction,14,0,state-003-001-0000000.gz,20812142,1112,compact_numpy_v1,ee6a78f884798442b70624bf215292b2aadfdf8d,/scratch/skremer/TE_World2-pilot/TE-Interaction-Experiments/LHLLLHH-HL/provenance-003-001.json,2026-08-30T13:32:51.647043+00:00
LHLLLHH-LH,1,3326812434573804235,host_extinction,9,0,state-001-001-0000000.gz,20812142,1107,compact_numpy_v1,ee6a78f884798442b70624bf215292b2aadfdf8d,/scratch/skremer/TE_World2-pilot/TE-Interaction-Experiments/LHLLLHH-LH/provenance-001-001.json,2026-08-30T13:32:51.631491+00:00
LHLLLHH-LH,2,18023673719592911655,host_extinction,10,0,state-002-001-0000000.gz,20812142,1108,compact_numpy_v1,ee6a78f884798442b70624bf215292b2aadfdf8d,/scratch/skremer/TE_World2-pilot/TE-Interaction-Experiments/LHLLLHH-LH/provenance-002-001.json,2026-08-30T13:32:51.633584+00:00
LHLLLHH-LH,3,6521945520389444350,host_extinction,11,0,state-003-001-0000000.gz,20812142,1109,compact_numpy_v1,ee6a78f884798442b70624bf215292b2aadfdf8d,/scratch/skremer/TE_World2-pilot/TE-Interaction-Experiments/LHLLLHH-LH/provenance-003-001.json,2026-08-30T13:32:51.636848+00:00
LHLLLHH-LL,1,105296214163361720,maximum_generations,1500,291,state-001-001-0001500.gz,20812142,1104,compact_numpy_v1,ee6a78f884798442b70624bf215292b2aadfdf8d,/scratch/skremer/TE_World2-pilot/TE-Interaction-Experiments/LHLLLHH-LL/provenance-001-001.json,2026-08-30T13:32:51.610224+00:00
LHLLLHH-LL,2,13833428262108535479,host_extinction,10,0,state-002-001-0000000.gz,20812142,1105,compact_numpy_v1,ee6a78f884798442b70624bf215292b2aadfdf8d,/scratch/skremer/TE_World2-pilot/TE-Interaction-Experiments/LHLLLHH-LL/provenance-002-001.json,2026-08-30T13:32:51.625504+00:00
LHLLLHH-LL,3,15530684768491979720,host_extinction,10,0,state-003-001-0000000.gz,20812142,1106,compact_numpy_v1,ee6a78f884798442b70624bf215292b2aadfdf8d,/scratch/skremer/TE_World2-pilot/TE-Interaction-Experiments/LHLLLHH-LL/provenance-003-001.json,2026-08-30T13:32:51.628441+00:00
LHLLLHL-HH,1,4488062936101729187,host_extinction,11,0,state-001-001-0000000.gz,20812142,1125,compact_numpy_v1,ee6a78f884798442b70624bf215292b2aadfdf8d,/scratch/skremer/TE_World2-pilot/TE-Interaction-Experiments/LHLLLHL-HH/provenance-001-001.json,2026-08-30T13:32:51.727327+00:00
LHLLLHL-HH,2,12370523364924067167,host_extinction,11,0,state-002-001-0000000.gz,20812142,1126,compact_numpy_v1,ee6a78f884798442b70624bf215292b2aadfdf8d,/scratch/skremer/TE_World2-pilot/TE-Interaction-Experiments/LHLLLHL-HH/provenance-002-001.json,2026-08-30T13:32:51.731937+00:00
LHLLLHL-HH,3,10662177488442755010,host_extinction,9,0,state-003-001-0000000.gz,20812142,1127,compact_numpy_v1,ee6a78f884798442b70624bf215292b2aadfdf8d,/scratch/skremer/TE_World2-pilot/TE-Interaction-Experiments/LHLLLHL-HH/provenance-003-001.json,2026-08-30T13:32:51.734778+00:00
LHLLLHL-HL,1,9636828572754212398,host_extinction,15,0,state-001-001-0000000.gz,20812142,1122,compact_numpy_v1,ee6a78f884798442b70624bf215292b2aadfdf8d,/scratch/skremer/TE_World2-pilot/TE-Interaction-Experiments/LHLLLHL-HL/provenance-001-001.json,2026-08-30T13:32:51.718000+00:00
LHLLLHL-HL,2,14389403734716350170,host_extinction,8,0,state-002-001-0000000.gz,20812142,1123,compact_numpy_v1,ee6a78f884798442b70624bf215292b2aadfdf8d,/scratch/skremer/TE_World2-pilot/TE-Interaction-Experiments/LHLLLHL-HL/provenance-002-001.json,2026-08-30T13:32:51.721474+00:00
LHLLLHL-HL,3,11027015036814465217,host_extinction,10,0,state-003-001-0000000.gz,20812142,1124,compact_numpy_v1,ee6a78f884798442b70624bf215292b2aadfdf8d,/scratch/skremer/TE_World2-pilot/TE-Interaction-Experiments/LHLLLHL-HL/provenance-003-001.json,2026-08-30T13:32:51.724197+00:00
LHLLLHL-LH,1,6338747904050614228,host_extinction,8,0,state-001-001-0000000.gz,20812142,1119,compact_numpy_v1,ee6a78f884798442b70624bf215292b2aadfdf8d,/scratch/skremer/TE_World2-pilot/TE-Interaction-Experiments/LHLLLHL-LH/provenance-001-001.json,2026-08-30T13:32:51.690652+00:00
LHLLLHL-LH,2,4527678801665059516,maximum_generations,1500,32,state-002-001-0001500.gz,20812142,1120,compact_numpy_v1,ee6a78f884798442b70624bf215292b2aadfdf8d,/scratch/skremer/TE_World2-pilot/TE-Interaction-Experiments/LHLLLHL-LH/provenance-002-001.json,2026-08-30T13:32:51.694473+00:00
LHLLLHL-LH,3,5438983198099815841,host_extinction,7,0,state-003-001-0000000.gz,20812142,1121,compact_numpy_v1,ee6a78f884798442b70624bf215292b2aadfdf8d,/scratch/skremer/TE_World2-pilot/TE-Interaction-Experiments/LHLLLHL-LH/provenance-003-001.json,2026-08-30T13:32:51.715320+00:00
LHLLLHL-LL,1,1080585819188291406,host_extinction,8,0,state-001-001-0000000.gz,20812142,1116,compact_numpy_v1,ee6a78f884798442b70624bf215292b2aadfdf8d,/scratch/skremer/TE_World2-pilot/TE-Interaction-Experiments/LHLLLHL-LL/provenance-001-001.json,2026-08-30T13:32:51.679296+00:00
LHLLLHL-LL,2,18067073358304309534,host_extinction,8,0,state-002-001-0000000.gz,20812142,1117,compact_numpy_v1,ee6a78f884798442b70624bf215292b2aadfdf8d,/scratch/skremer/TE_World2-pilot/TE-Interaction-Experiments/LHLLLHL-LL/provenance-002-001.json,2026-08-30T13:32:51.683175+00:00
LHLLLHL-LL,3,18042673946150966545,host_extinction,8,0,state-003-001-0000000.gz,20812142,1118,compact_numpy_v1,ee6a78f884798442b70624bf215292b2aadfdf8d,/scratch/skremer/TE_World2-pilot/TE-Interaction-Experiments/LHLLLHL-LL/provenance-003-001.json,2026-08-30T13:32:51.686501+00:00
LHLLLLH-HH,1,1729504022257145311,host_extinction,23,0,state-001-001-0000000.gz,20812142,1137,compact_numpy_v1,ee6a78f884798442b70624bf215292b2aadfdf8d,/scratch/skremer/TE_World2-pilot/TE-Interaction-Experiments/LHLLLLH-HH/provenance-001-001.json,2026-08-30T13:32:51.797567+00:00
LHLLLLH-HH,2,9731483351794637912,host_extinction,12,0,state-002-001-0000000.gz,20812142,1138,compact_numpy_v1,ee6a78f884798442b70624bf215292b2aadfdf8d,/scratch/skremer/TE_World2-pilot/TE-Interaction-Experiments/LHLLLLH-HH/provenance-002-001.json,2026-08-30T13:32:51.804341+00:00
LHLLLLH-HH,3,3804211605483024677,host_extinction,13,0,state-003-001-0000000.gz,20812142,1139,compact_numpy_v1,ee6a78f884798442b70624bf215292b2aadfdf8d,/scratch/skremer/TE_World2-pilot/TE-Interaction-Experiments/LHLLLLH-HH/provenance-003-001.json,2026-08-30T13:32:51.806839+00:00
LHLLLLH-HL,1,5409510955238851808,host_extinction,15,0,state-001-001-0000000.gz,20812142,1134,compact_numpy_v1,ee6a78f884798442b70624bf215292b2aadfdf8d,/scratch/skremer/TE_World2-pilot/TE-Interaction-Experiments/LHLLLLH-HL/provenance-001-001.json,2026-08-30T13:32:51.783032+00:00
LHLLLLH-HL,2,11818030882048362021,host_extinction,11,0,state-002-001-0000000.gz,20812142,1135,compact_numpy_v1,ee6a78f884798442b70624bf215292b2aadfdf8d,/scratch/skremer/TE_World2-pilot/TE-Interaction-Experiments/LHLLLLH-HL/provenance-002-001.json,2026-08-30T13:32:51.786062+00:00
LHLLLLH-HL,3,14480818420218620247,host_extinction,12,0,state-003-001-0000000.gz,20812142,1136,compact_numpy_v1,ee6a78f884798442b70624bf215292b2aadfdf8d,/scratch/skremer/TE_World2-pilot/TE-Interaction-Experiments/LHLLLLH-HL/provenance-003-001.json,2026-08-30T13:32:51.788987+00:00
LHLLLLH-LH,1,3479468556418486533,host_extinction,11,0,state-001-001-0000000.gz,20812142,1131,compact_numpy_v1,ee6a78f884798442b70624bf215292b2aadfdf8d,/scratch/skremer/TE_World2-pilot/TE-Interaction-Experiments/LHLLLLH-LH/provenance-001-001.json,2026-08-30T13:32:51.771452+00:00
LHLLLLH-LH,2,7806130412570853405,host_extinction,10,0,state-002-001-0000000.gz,20812142,1132,compact_numpy_v1,ee6a78f884798442b70624bf215292b2aadfdf8d,/scratch/skremer/TE_World2-pilot/TE-Interaction-Experiments/LHLLLLH-LH/provenance-002-001.json,2026-08-30T13:32:51.774763+00:00
LHLLLLH-LH,3,4066389521980734835,host_extinction,10,0,state-003-001-0000000.gz,20812142,1133,compact_numpy_v1,ee6a78f884798442b70624bf215292b2aadfdf8d,/scratch/skremer/TE_World2-pilot/TE-Interaction-Experiments/LHLLLLH-LH/provenance-003-001.json,2026-08-30T13:32:51.778743+00:00
LHLLLLH-LL,1,4425118881111568160,host_extinction,9,0,state-001-001-0000000.gz,20812142,1128,compact_numpy_v1,ee6a78f884798442b70624bf215292b2aadfdf8d,/scratch/skremer/TE_World2-pilot/TE-Interaction-Experiments/LHLLLLH-LL/provenance-001-001.json,2026-08-30T13:32:51.740510+00:00
LHLLLLH-LL,2,18875042405501422,te_extinction,807,291,state-002-001-0000800.gz,20812142,1129,compact_numpy_v1,ee6a78f884798442b70624bf215292b2aadfdf8d,/scratch/skremer/TE_World2-pilot/TE-Interaction-Experiments/LHLLLLH-LL/provenance-002-001.json,2026-08-30T13:32:51.744234+00:00
LHLLLLH-LL,3,7894240075233908315,maximum_generations,1500,292,state-003-001-0001500.gz,20812142,1130,compact_numpy_v1,ee6a78f884798442b70624bf215292b2aadfdf8d,/scratch/skremer/TE_World2-pilot/TE-Interaction-Experiments/LHLLLLH-LL/provenance-003-001.json,2026-08-30T13:32:51.753867+00:00
LHLLLLL-HH,1,9044820003490683319,maximum_generations,1500,26,state-001-001-0001500.gz,20812142,1149,compact_numpy_v1,ee6a78f884798442b70624bf215292b2aadfdf8d,/scratch/skremer/TE_World2-pilot/TE-Interaction-Experiments/LHLLLLL-HH/provenance-001-001.json,2026-08-30T13:32:51.858922+00:00
LHLLLLL-HH,2,2667842879969842511,host_extinction,10,0,state-002-001-0000000.gz,20812142,1150,compact_numpy_v1,ee6a78f884798442b70624bf215292b2aadfdf8d,/scratch/skremer/TE_World2-pilot/TE-Interaction-Experiments/LHLLLLL-HH/provenance-002-001.json,2026-08-30T13:32:51.878255+00:00
LHLLLLL-HH,3,17682774311555364167,host_extinction,14,0,state-003-001-0000000.gz,20812142,1151,compact_numpy_v1,ee6a78f884798442b70624bf215292b2aadfdf8d,/scratch/skremer/TE_World2-pilot/TE-Interaction-Experiments/LHLLLLL-HH/provenance-003-001.json,2026-08-30T13:32:51.882878+00:00
LHLLLLL-HL,1,5266609471491305662,host_extinction,8,0,state-001-001-0000000.gz,20812142,1146,compact_numpy_v1,ee6a78f884798442b70624bf215292b2aadfdf8d,/scratch/skremer/TE_World2-pilot/TE-Interaction-Experiments/LHLLLLL-HL/provenance-001-001.json,2026-08-30T13:32:51.849178+00:00
LHLLLLL-HL,2,10589292015306006369,host_extinction,16,0,state-002-001-0000000.gz,20812142,1147,compact_numpy_v1,ee6a78f884798442b70624bf215292b2aadfdf8d,/scratch/skremer/TE_World2-pilot/TE-Interaction-Experiments/LHLLLLL-HL/provenance-002-001.json,2026-08-30T13:32:51.851895+00:00
LHLLLLL-HL,3,5914500988230072750,host_extinction,8,0,state-003-001-0000000.gz,20812142,1148,compact_numpy_v1,ee6a78f884798442b70624bf215292b2aadfdf8d,/scratch/skremer/TE_World2-pilot/TE-Interaction-Experiments/LHLLLLL-HL/provenance-003-001.json,2026-08-30T13:32:51.854742+00:00
LHLLLLL-LH,1,12976971408049553954,host_extinction,11,0,state-001-001-0000000.gz,20812142,1143,compact_numpy_v1,ee6a78f884798442b70624bf215292b2aadfdf8d,/scratch/skremer/TE_World2-pilot/TE-Interaction-Experiments/LHLLLLL-LH/provenance-001-001.json,2026-08-30T13:32:51.834296+00:00
LHLLLLL-LH,2,12098405063553941161,host_extinction,7,0,state-002-001-0000000.gz,20812142,1144,compact_numpy_v1,ee6a78f884798442b70624bf215292b2aadfdf8d,/scratch/skremer/TE_World2-pilot/TE-Interaction-Experiments/LHLLLLL-LH/provenance-002-001.json,2026-08-30T13:32:51.838932+00:00
LHLLLLL-LH,3,1684473839195975407,host_extinction,9,0,state-003-001-0000000.gz,20812142,1145,compact_numpy_v1,ee6a78f884798442b70624bf215292b2aadfdf8d,/scratch/skremer/TE_World2-pilot/TE-Interaction-Experiments/LHLLLLL-LH/provenance-003-001.json,2026-08-30T13:32:51.844797+00:00
LHLLLLL-LL,1,4623579868125022576,host_extinction,7,0,state-001-001-0000000.gz,20812142,1140,compact_numpy_v1,ee6a78f884798442b70624bf215292b2aadfdf8d,/scratch/skremer/TE_World2-pilot/TE-Interaction-Experiments/LHLLLLL-LL/provenance-001-001.json,2026-08-30T13:32:51.812930+00:00
LHLLLLL-LL,2,8200199084144781215,host_extinction,9,0,state-002-001-0000000.gz,20812142,1141,compact_numpy_v1,ee6a78f884798442b70624bf215292b2aadfdf8d,/scratch/skremer/TE_World2-pilot/TE-Interaction-Experiments/LHLLLLL-LL/provenance-002-001.json,2026-08-30T13:32:51.820086+00:00
LHLLLLL-LL,3,9258328179833337672,host_extinction,7,0,state-003-001-0000000.gz,20812142,1142,compact_numpy_v1,ee6a78f884798442b70624bf215292b2aadfdf8d,/scratch/skremer/TE_World2-pilot/TE-Interaction-Experiments/LHLLLLL-LL/provenance-003-001.json,2026-08-30T13:32:51.825273+00:00
LLHHHHH-HH,1,15535402296957809583,host_extinction,24,0,state-001-001-0000000.gz,20812142,1161,compact_numpy_v1,ee6a78f884798442b70624bf215292b2aadfdf8d,/scratch/skremer/TE_World2-pilot/TE-Interaction-Experiments/LLHHHHH-HH/provenance-001-001.json,2026-08-30T13:32:51.954484+00:00
LLHHHHH-HH,2,17980094383899410625,te_extinction,790,284,state-002-001-0000750.gz,20812142,1162,compact_numpy_v1,ee6a78f884798442b70624bf215292b2aadfdf8d,/scratch/skremer/TE_World2-pilot/TE-Interaction-Experiments/LLHHHHH-HH/provenance-002-001.json,2026-08-30T13:32:51.959455+00:00
LLHHHHH-HH,3,15386103645163950727,host_extinction,15,0,state-003-001-0000000.gz,20812142,1163,compact_numpy_v1,ee6a78f884798442b70624bf215292b2aadfdf8d,/scratch/skremer/TE_World2-pilot/TE-Interaction-Experiments/LLHHHHH-HH/provenance-003-001.json,2026-08-30T13:32:51.969993+00:00
LLHHHHH-HL,1,17250608120344710905,te_extinction,311,297,state-001-001-0000300.gz,20812142,1158,compact_numpy_v1,ee6a78f884798442b70624bf215292b2aadfdf8d,/scratch/skremer/TE_World2-pilot/TE-Interaction-Experiments/LLHHHHH-HL/provenance-001-001.json,2026-08-30T13:32:51.936440+00:00
LLHHHHH-HL,2,15813802725562315860,te_extinction,170,299,state-002-001-0000150.gz,20812142,1159,compact_numpy_v1,ee6a78f884798442b70624bf215292b2aadfdf8d,/scratch/skremer/TE_World2-pilot/TE-Interaction-Experiments/LLHHHHH-HL/provenance-002-001.json,2026-08-30T13:32:51.943808+00:00
LLHHHHH-HL,3,7379781455846091052,te_extinction,284,309,state-003-001-0000250.gz,20812142,1160,compact_numpy_v1,ee6a78f884798442b70624bf215292b2aadfdf8d,/scratch/skremer/TE_World2-pilot/TE-Interaction-Experiments/LLHHHHH-HL/provenance-003-001.json,2026-08-30T13:32:51.948878+00:00
LLHHHHH-LH,1,1850095315256516618,host_extinction,9,0,state-001-001-0000000.gz,20812142,1155,compact_numpy_v1,ee6a78f884798442b70624bf215292b2aadfdf8d,/scratch/skremer/TE_World2-pilot/TE-Interaction-Experiments/LLHHHHH-LH/provenance-001-001.json,2026-08-30T13:32:51.909899+00:00
LLHHHHH-LH,2,14746495969067998445,te_extinction,862,295,state-002-001-0000850.gz,20812142,1156,compact_numpy_v1,ee6a78f884798442b70624bf215292b2aadfdf8d,/scratch/skremer/TE_World2-pilot/TE-Interaction-Experiments/LLHHHHH-LH/provenance-002-001.json,2026-08-30T13:32:51.915289+00:00
LLHHHHH-LH,3,6012829707981659338,te_extinction,317,294,state-003-001-0000300.gz,20812142,1157,compact_numpy_v1,ee6a78f884798442b70624bf215292b2aadfdf8d,/scratch/skremer/TE_World2-pilot/TE-Interaction-Experiments/LLHHHHH-LH/provenance-003-001.json,2026-08-30T13:32:51.926802+00:00
LLHHHHH-LL,1,5593786160880541563,te_extinction,354,298,state-001-001-0000350.gz,20812142,1152,compact_numpy_v1,ee6a78f884798442b70624bf215292b2aadfdf8d,/scratch/skremer/TE_World2-pilot/TE-Interaction-Experiments/LLHHHHH-LL/provenance-001-001.json,2026-08-30T13:32:51.887783+00:00
LLHHHHH-LL,2,9357090742213985796,te_extinction,378,309,state-002-001-0000350.gz,20812142,1153,compact_numpy_v1,ee6a78f884798442b70624bf215292b2aadfdf8d,/scratch/skremer/TE_World2-pilot/TE-Interaction-Experiments/LLHHHHH-LL/provenance-002-001.json,2026-08-30T13:32:51.895200+00:00
LLHHHHH-LL,3,6194345241790431511,te_extinction,239,291,state-003-001-0000200.gz,20812142,1154,compact_numpy_v1,ee6a78f884798442b70624bf215292b2aadfdf8d,/scratch/skremer/TE_World2-pilot/TE-Interaction-Experiments/LLHHHHH-LL/provenance-003-001.json,2026-08-30T13:32:51.901465+00:00
LLHHHHL-HH,1,9793706769388729704,host_extinction,12,0,state-001-001-0000000.gz,20812142,1173,compact_numpy_v1,ee6a78f884798442b70624bf215292b2aadfdf8d,/scratch/skremer/TE_World2-pilot/TE-Interaction-Experiments/LLHHHHL-HH/provenance-001-001.json,2026-08-30T13:32:52.011520+00:00
LLHHHHL-HH,2,14137360827200349174,host_extinction,18,0,state-002-001-0000000.gz,20812142,1174,compact_numpy_v1,ee6a78f884798442b70624bf215292b2aadfdf8d,/scratch/skremer/TE_World2-pilot/TE-Interaction-Experiments/LLHHHHL-HH/provenance-002-001.json,2026-08-30T13:32:52.014062+00:00
LLHHHHL-HH,3,16682558475225267461,host_extinction,16,0,state-003-001-0000000.gz,20812142,1175,compact_numpy_v1,ee6a78f884798442b70624bf215292b2aadfdf8d,/scratch/skremer/TE_World2-pilot/TE-Interaction-Experiments/LLHHHHL-HH/provenance-003-001.json,2026-08-30T13:32:52.016942+00:00
LLHHHHL-HL,1,15498889628735349836,host_extinction,12,0,state-001-001-0000000.gz,20812142,1170,compact_numpy_v1,ee6a78f884798442b70624bf215292b2aadfdf8d,/scratch/skremer/TE_World2-pilot/TE-Interaction-Experiments/LLHHHHL-HL/provenance-001-001.json,2026-08-30T13:32:52.002279+00:00
LLHHHHL-HL,2,14264985293451612114,host_extinction,9,0,state-002-001-0000000.gz,20812142,1171,compact_numpy_v1,ee6a78f884798442b70624bf215292b2aadfdf8d,/scratch/skremer/TE_World2-pilot/TE-Interaction-Experiments/LLHHHHL-HL/provenance-002-001.json,2026-08-30T13:32:52.005226+00:00
LLHHHHL-HL,3,7186199923156681110,host_extinction,9,0,state-003-001-0000000.gz,20812142,1172,compact_numpy_v1,ee6a78f884798442b70624bf215292b2aadfdf8d,/scratch/skremer/TE_World2-pilot/TE-Interaction-Experiments/LLHHHHL-HL/provenance-003-001.json,2026-08-30T13:32:52.007392+00:00
LLHHHHL-LH,1,5284947623408969038,te_extinction,647,27,state-001-001-0000600.gz,20812142,1167,compact_numpy_v1,ee6a78f884798442b70624bf215292b2aadfdf8d,/scratch/skremer/TE_World2-pilot/TE-Interaction-Experiments/LLHHHHL-LH/provenance-001-001.json,2026-08-30T13:32:51.986562+00:00
LLHHHHL-LH,2,11515518861367798831,host_extinction,13,0,state-002-001-0000000.gz,20812142,1168,compact_numpy_v1,ee6a78f884798442b70624bf215292b2aadfdf8d,/scratch/skremer/TE_World2-pilot/TE-Interaction-Experiments/LLHHHHL-LH/provenance-002-001.json,2026-08-30T13:32:51.996057+00:00
LLHHHHL-LH,3,5382427187625584816,host_extinction,8,0,state-003-001-0000000.gz,20812142,1169,compact_numpy_v1,ee6a78f884798442b70624bf215292b2aadfdf8d,/scratch/skremer/TE_World2-pilot/TE-Interaction-Experiments/LLHHHHL-LH/provenance-003-001.json,2026-08-30T13:32:51.998904+00:00
LLHHHHL-LL,1,6502855274642845384,host_extinction,7,0,state-001-001-0000000.gz,20812142,1164,compact_numpy_v1,ee6a78f884798442b70624bf215292b2aadfdf8d,/scratch/skremer/TE_World2-pilot/TE-Interaction-Experiments/LLHHHHL-LL/provenance-001-001.json,2026-08-30T13:32:51.975059+00:00
LLHHHHL-LL,2,18307910657524813111,host_extinction,9,0,state-002-001-0000000.gz,20812142,1165,compact_numpy_v1,ee6a78f884798442b70624bf215292b2aadfdf8d,/scratch/skremer/TE_World2-pilot/TE-Interaction-Experiments/LLHHHHL-LL/provenance-002-001.json,2026-08-30T13:32:51.979597+00:00
LLHHHHL-LL,3,17022637212815776553,host_extinction,7,0,state-003-001-0000000.gz,20812142,1166,compact_numpy_v1,ee6a78f884798442b70624bf215292b2aadfdf8d,/scratch/skremer/TE_World2-pilot/TE-Interaction-Experiments/LLHHHHL-LL/provenance-003-001.json,2026-08-30T13:32:51.982907+00:00
LLHHHLH-HH,1,2367703389712638026,te_extinction,295,311,state-001-001-0000250.gz,20812142,1185,compact_numpy_v1,ee6a78f884798442b70624bf215292b2aadfdf8d,/scratch/skremer/TE_World2-pilot/TE-Interaction-Experiments/LLHHHLH-HH/provenance-001-001.json,2026-08-30T13:32:52.079920+00:00
LLHHHLH-HH,2,16185751247379845024,te_extinction,425,297,state-002-001-0000400.gz,20812142,1186,compact_numpy_v1,ee6a78f884798442b70624bf215292b2aadfdf8d,/scratch/skremer/TE_World2-pilot/TE-Interaction-Experiments/LLHHHLH-HH/provenance-002-001.json,2026-08-30T13:32:52.085284+00:00
LLHHHLH-HH,3,7985772866970211552,te_extinction,736,302,state-003-001-0000700.gz,20812142,1187,compact_numpy_v1,ee6a78f884798442b70624bf215292b2aadfdf8d,/scratch/skremer/TE_World2-pilot/TE-Interaction-Experiments/LLHHHLH-HH/provenance-003-001.json,2026-08-30T13:32:52.092331+00:00
LLHHHLH-HL,1,14238674137988324611,te_extinction,552,298,state-001-001-0000550.gz,20812142,1182,compact_numpy_v1,ee6a78f884798442b70624bf215292b2aadfdf8d,/scratch/skremer/TE_World2-pilot/TE-Interaction-Experiments/LLHHHLH-HL/provenance-001-001.json,2026-08-30T13:32:52.062524+00:00
LLHHHLH-HL,2,13849912604315429753,host_extinction,12,0,state-002-001-0000000.gz,20812142,1183,compact_numpy_v1,ee6a78f884798442b70624bf215292b2aadfdf8d,/scratch/skremer/TE_World2-pilot/TE-Interaction-Experiments/LLHHHLH-HL/provenance-002-001.json,2026-08-30T13:32:52.070157+00:00
LLHHHLH-HL,3,18102789134512568427,te_extinction,551,306,state-003-001-0000550.gz,20812142,1184,compact_numpy_v1,ee6a78f884798442b70624bf215292b2aadfdf8d,/scratch/skremer/TE_World2-pilot/TE-Interaction-Experiments/LLHHHLH-HL/provenance-003-001.json,2026-08-30T13:32:52.072376+00:00
LLHHHLH-LH,1,9100082836632366676,te_extinction,289,305,state-001-001-0000250.gz,20812142,1179,compact_numpy_v1,ee6a78f884798442b70624bf215292b2aadfdf8d,/scratch/skremer/TE_World2-pilot/TE-Interaction-Experiments/LLHHHLH-LH/provenance-001-001.json,2026-08-30T13:32:52.040878+00:00
LLHHHLH-LH,2,6267236797211943796,te_extinction,658,297,state-002-001-0000650.gz,20812142,1180,compact_numpy_v1,ee6a78f884798442b70624bf215292b2aadfdf8d,/scratch/skremer/TE_World2-pilot/TE-Interaction-Experiments/LLHHHLH-LH/provenance-002-001.json,2026-08-30T13:32:52.046762+00:00
LLHHHLH-LH,3,2949616425237375666,te_extinction,485,279,state-003-001-0000450.gz,20812142,1181,compact_numpy_v1,ee6a78f884798442b70624bf215292b2aadfdf8d,/scratch/skremer/TE_World2-pilot/TE-Interaction-Experiments/LLHHHLH-LH/provenance-003-001.json,2026-08-30T13:32:52.055091+00:00
LLHHHLH-LL,1,2491616563788996477,te_extinction,293,277,state-001-001-0000250.gz,20812142,1176,compact_numpy_v1,ee6a78f884798442b70624bf215292b2aadfdf8d,/scratch/skremer/TE_World2-pilot/TE-Interaction-Experiments/LLHHHLH-LL/provenance-001-001.json,2026-08-30T13:32:52.020734+00:00
LLHHHLH-LL,2,1120482512066810576,te_extinction,375,300,state-002-001-0000350.gz,20812142,1177,compact_numpy_v1,ee6a78f884798442b70624bf215292b2aadfdf8d,/scratch/skremer/TE_World2-pilot/TE-Interaction-Experiments/LLHHHLH-LL/provenance-002-001.json,2026-08-30T13:32:52.026606+00:00
LLHHHLH-LL,3,8322451547217814479,te_extinction,564,304,state-003-001-0000550.gz,20812142,1178,compact_numpy_v1,ee6a78f884798442b70624bf215292b2aadfdf8d,/scratch/skremer/TE_World2-pilot/TE-Interaction-Experiments/LLHHHLH-LL/provenance-003-001.json,2026-08-30T13:32:52.033025+00:00
LLHHHLL-HH,1,7719610294310647063,host_extinction,14,0,state-001-001-0000000.gz,20812142,1197,compact_numpy_v1,ee6a78f884798442b70624bf215292b2aadfdf8d,/scratch/skremer/TE_World2-pilot/TE-Interaction-Experiments/LLHHHLL-HH/provenance-001-001.json,2026-08-30T13:32:52.134240+00:00
LLHHHLL-HH,2,4878402972531088403,host_extinction,16,0,state-002-001-0000000.gz,20812142,1198,compact_numpy_v1,ee6a78f884798442b70624bf215292b2aadfdf8d,/scratch/skremer/TE_World2-pilot/TE-Interaction-Experiments/LLHHHLL-HH/provenance-002-001.json,2026-08-30T13:32:52.138758+00:00
LLHHHLL-HH,3,1570835301794773858,host_extinction,11,0,state-003-001-0000000.gz,20812142,1199,compact_numpy_v1,ee6a78f884798442b70624bf215292b2aadfdf8d,/scratch/skremer/TE_World2-pilot/TE-Interaction-Experiments/LLHHHLL-HH/provenance-003-001.json,2026-08-30T13:32:52.143193+00:00
LLHHHLL-HL,1,11038950077908980012,host_extinction,9,0,state-001-001-0000000.gz,20812142,1194,compact_numpy_v1,ee6a78f884798442b70624bf215292b2aadfdf8d,/scratch/skremer/TE_World2-pilot/TE-Interaction-Experiments/LLHHHLL-HL/provenance-001-001.json,2026-08-30T13:32:52.125047+00:00
LLHHHLL-HL,2,5373682137358884746,host_extinction,9,0,state-002-001-0000000.gz,20812142,1195,compact_numpy_v1,ee6a78f884798442b70624bf215292b2aadfdf8d,/scratch/skremer/TE_World2-pilot/TE-Interaction-Experiments/LLHHHLL-HL/provenance-002-001.json,2026-08-30T13:32:52.127574+00:00
LLHHHLL-HL,3,7551863572395678750,host_extinction,10,0,state-003-001-0000000.gz,20812142,1196,compact_numpy_v1,ee6a78f884798442b70624bf215292b2aadfdf8d,/scratch/skremer/TE_World2-pilot/TE-Interaction-Experiments/LLHHHLL-HL/provenance-003-001.json,2026-08-30T13:32:52.129978+00:00
LLHHHLL-LH,1,8553771434254683830,host_extinction,8,0,state-001-001-0000000.gz,20812142,1191,compact_numpy_v1,ee6a78f884798442b70624bf215292b2aadfdf8d,/scratch/skremer/TE_World2-pilot/TE-Interaction-Experiments/LLHHHLL-LH/provenance-001-001.json,2026-08-30T13:32:52.114931+00:00
LLHHHLL-LH,2,5853867887573989503,host_extinction,8,0,state-002-001-0000000.gz,20812142,1192,compact_numpy_v1,ee6a78f884798442b70624bf215292b2aadfdf8d,/scratch/skremer/TE_World2-pilot/TE-Interaction-Experiments/LLHHHLL-LH/provenance-002-001.json,2026-08-30T13:32:52.117788+00:00
LLHHHLL-LH,3,4618315910232910563,host_extinction,12,0,state-003-001-0000000.gz,20812142,1193,compact_numpy_v1,ee6a78f884798442b70624bf215292b2aadfdf8d,/scratch/skremer/TE_World2-pilot/TE-Interaction-Experiments/LLHHHLL-LH/provenance-003-001.json,2026-08-30T13:32:52.121347+00:00
LLHHHLL-LL,1,8395010209958745990,host_extinction,8,0,state-001-001-0000000.gz,20812142,1188,compact_numpy_v1,ee6a78f884798442b70624bf215292b2aadfdf8d,/scratch/skremer/TE_World2-pilot/TE-Interaction-Experiments/LLHHHLL-LL/provenance-001-001.json,2026-08-30T13:32:52.102519+00:00
LLHHHLL-LL,2,14342000780098057419,te_extinction,476,31,state-002-001-0000450.gz,20812142,1189,compact_numpy_v1,ee6a78f884798442b70624bf215292b2aadfdf8d,/scratch/skremer/TE_World2-pilot/TE-Interaction-Experiments/LLHHHLL-LL/provenance-002-001.json,2026-08-30T13:32:52.105397+00:00
LLHHHLL-LL,3,186687779286263165,host_extinction,8,0,state-003-001-0000000.gz,20812142,1190,compact_numpy_v1,ee6a78f884798442b70624bf215292b2aadfdf8d,/scratch/skremer/TE_World2-pilot/TE-Interaction-Experiments/LLHHHLL-LL/provenance-003-001.json,2026-08-30T13:32:52.111507+00:00
LLHHLHH-HH,1,8327766643564294810,te_extinction,450,285,state-001-001-0000400.gz,20812142,1209,compact_numpy_v1,ee6a78f884798442b70624bf215292b2aadfdf8d,/scratch/skremer/TE_World2-pilot/TE-Interaction-Experiments/LLHHLHH-HH/provenance-001-001.json,2026-08-30T13:32:52.228354+00:00
LLHHLHH-HH,2,15956305082075836085,te_extinction,571,306,state-002-001-0000550.gz,20812142,1210,compact_numpy_v1,ee6a78f884798442b70624bf215292b2aadfdf8d,/scratch/skremer/TE_World2-pilot/TE-Interaction-Experiments/LLHHLHH-HH/provenance-002-001.json,2026-08-30T13:32:52.235565+00:00
LLHHLHH-HH,3,1447374103844332897,te_extinction,193,312,state-003-001-0000150.gz,20812142,1211,compact_numpy_v1,ee6a78f884798442b70624bf215292b2aadfdf8d,/scratch/skremer/TE_World2-pilot/TE-Interaction-Experiments/LLHHLHH-HH/provenance-003-001.json,2026-08-30T13:32:52.245209+00:00
LLHHLHH-HL,1,1078628104916499550,te_extinction,238,294,state-001-001-0000200.gz,20812142,1206,compact_numpy_v1,ee6a78f884798442b70624bf215292b2aadfdf8d,/scratch/skremer/TE_World2-pilot/TE-Interaction-Experiments/LLHHLHH-HL/provenance-001-001.json,2026-08-30T13:32:52.202185+00:00
LLHHLHH-HL,2,2034302492794064813,te_extinction,1004,301,state-002-001-0001000.gz,20812142,1207,compact_numpy_v1,ee6a78f884798442b70624bf215292b2aadfdf8d,/scratch/skremer/TE_World2-pilot/TE-Interaction-Experiments/LLHHLHH-HL/provenance-002-001.json,2026-08-30T13:32:52.209049+00:00
LLHHLHH-HL,3,1407815333968482522,te_extinction,554,299,state-003-001-0000550.gz,20812142,1208,compact_numpy_v1,ee6a78f884798442b70624bf215292b2aadfdf8d,/scratch/skremer/TE_World2-pilot/TE-Interaction-Experiments/LLHHLHH-HL/provenance-003-001.json,2026-08-30T13:32:52.220387+00:00
LLHHLHH-LH,1,14644136834955028272,te_extinction,709,311,state-001-001-0000700.gz,20812142,1203,compact_numpy_v1,ee6a78f884798442b70624bf215292b2aadfdf8d,/scratch/skremer/TE_World2-pilot/TE-Interaction-Experiments/LLHHLHH-LH/provenance-001-001.json,2026-08-30T13:32:52.164720+00:00
LLHHLHH-LH,2,6739770029392030680,te_extinction,938,311,state-002-001-0000900.gz,20812142,1204,compact_numpy_v1,ee6a78f884798442b70624bf215292b2aadfdf8d,/scratch/skremer/TE_World2-pilot/TE-Interaction-Experiments/LLHHLHH-LH/provenance-002-001.json,2026-08-30T13:32:52.173881+00:00
LLHHLHH-LH,3,8160760341630235842,te_extinction,1317,295,state-003-001-0001300.gz,20812142,1205,compact_numpy_v1,ee6a78f884798442b70624bf215292b2aadfdf8d,/scratch/skremer/TE_World2-pilot/TE-Interaction-Experiments/LLHHLHH-LH/provenance-003-001.json,2026-08-30T13:32:52.186280+00:00
LLHHLHH-LL,1,7459056114657110959,te_extinction,166,304,state-001-001-0000150.gz,20812142,1200,compact_numpy_v1,ee6a78f884798442b70624bf215292b2aadfdf8d,/scratch/skremer/TE_World2-pilot/TE-Interaction-Experiments/LLHHLHH-LL/provenance-001-001.json,2026-08-30T13:32:52.147660+00:00
LLHHLHH-LL,2,13808504188149919003,te_extinction,555,270,state-002-001-0000550.gz,20812142,1201,compact_numpy_v1,ee6a78f884798442b70624bf215292b2aadfdf8d,/scratch/skremer/TE_World2-pilot/TE-Interaction-Experiments/LLHHLHH-LL/provenance-002-001.json,2026-08-30T13:32:52.151980+00:00
LLHHLHH-LL,3,14096823755367082815,host_extinction,8,0,state-003-001-0000000.gz,20812142,1202,compact_numpy_v1,ee6a78f884798442b70624bf215292b2aadfdf8d,/scratch/skremer/TE_World2-pilot/TE-Interaction-Experiments/LLHHLHH-LL/provenance-003-001.json,2026-08-30T13:32:52.160579+00:00
LLHHLHL-HH,1,6419525344816539254,host_extinction,7,0,state-001-001-0000000.gz,20812142,1221,compact_numpy_v1,ee6a78f884798442b70624bf215292b2aadfdf8d,/scratch/skremer/TE_World2-pilot/TE-Interaction-Experiments/LLHHLHL-HH/provenance-001-001.json,2026-08-30T13:32:52.283211+00:00
LLHHLHL-HH,2,889367872272127930,host_extinction,9,0,state-002-001-0000000.gz,20812142,1222,compact_numpy_v1,ee6a78f884798442b70624bf215292b2aadfdf8d,/scratch/skremer/TE_World2-pilot/TE-Interaction-Experiments/LLHHLHL-HH/provenance-002-001.json,2026-08-30T13:32:52.287049+00:00
LLHHLHL-HH,3,11696389513074228590,host_extinction,7,0,state-003-001-0000000.gz,20812142,1223,compact_numpy_v1,ee6a78f884798442b70624bf215292b2aadfdf8d,/scratch/skremer/TE_World2-pilot/TE-Interaction-Experiments/LLHHLHL-HH/provenance-003-001.json,2026-08-30T13:32:52.290582+00:00
LLHHLHL-HL,1,18408126066692676627,host_extinction,7,0,state-001-001-0000000.gz,20812142,1218,compact_numpy_v1,ee6a78f884798442b70624bf215292b2aadfdf8d,/scratch/skremer/TE_World2-pilot/TE-Interaction-Experiments/LLHHLHL-HL/provenance-001-001.json,2026-08-30T13:32:52.272479+00:00
LLHHLHL-HL,2,9537902858952059965,host_extinction,6,0,state-002-001-0000000.gz,20812142,1219,compact_numpy_v1,ee6a78f884798442b70624bf215292b2aadfdf8d,/scratch/skremer/TE_World2-pilot/TE-Interaction-Experiments/LLHHLHL-HL/provenance-002-001.json,2026-08-30T13:32:52.275505+00:00
LLHHLHL-HL,3,6766044813560461594,host_extinction,6,0,state-003-001-0000000.gz,20812142,1220,compact_numpy_v1,ee6a78f884798442b70624bf215292b2aadfdf8d,/scratch/skremer/TE_World2-pilot/TE-Interaction-Experiments/LLHHLHL-HL/provenance-003-001.json,2026-08-30T13:32:52.278291+00:00
LLHHLHL-LH,1,2533773647073982703,host_extinction,6,0,state-001-001-0000000.gz,20812142,1215,compact_numpy_v1,ee6a78f884798442b70624bf215292b2aadfdf8d,/scratch/skremer/TE_World2-pilot/TE-Interaction-Experiments/LLHHLHL-LH/provenance-001-001.json,2026-08-30T13:32:52.260801+00:00
LLHHLHL-LH,2,8857712199174242998,host_extinction,7,0,state-002-001-0000000.gz,20812142,1216,compact_numpy_v1,ee6a78f884798442b70624bf215292b2aadfdf8d,/scratch/skremer/TE_World2-pilot/TE-Interaction-Experiments/LLHHLHL-LH/provenance-002-001.json,2026-08-30T13:32:52.264461+00:00
LLHHLHL-LH,3,11233541007108004593,host_extinction,6,0,state-003-001-0000000.gz,20812142,1217,compact_numpy_v1,ee6a78f884798442b70624bf215292b2aadfdf8d,/scratch/skremer/TE_World2-pilot/TE-Interaction-Experiments/LLHHLHL-LH/provenance-003-001.json,2026-08-30T13:32:52.267260+00:00
LLHHLHL-LL,1,13142647888615731707,host_extinction,6,0,state-001-001-0000000.gz,20812142,1212,compact_numpy_v1,ee6a78f884798442b70624bf215292b2aadfdf8d,/scratch/skremer/TE_World2-pilot/TE-Interaction-Experiments/LLHHLHL-LL/provenance-001-001.json,2026-08-30T13:32:52.250896+00:00
LLHHLHL-LL,2,16454848765366137695,te_extinction,68,26,state-002-001-0000050.gz,20812142,1213,compact_numpy_v1,ee6a78f884798442b70624bf215292b2aadfdf8d,/scratch/skremer/TE_World2-pilot/TE-Interaction-Experiments/LLHHLHL-LL/provenance-002-001.json,2026-08-30T13:32:52.254090+00:00
LLHHLHL-LL,3,8857258652999314913,host_extinction,6,0,state-003-001-0000000.gz,20812142,1214,compact_numpy_v1,ee6a78f884798442b70624bf215292b2aadfdf8d,/scratch/skremer/TE_World2-pilot/TE-Interaction-Experiments/LLHHLHL-LL/provenance-003-001.json,2026-08-30T13:32:52.257693+00:00
LLHHLLH-HH,1,5811956275079823701,te_extinction,357,305,state-001-001-0000350.gz,20812142,1233,compact_numpy_v1,ee6a78f884798442b70624bf215292b2aadfdf8d,/scratch/skremer/TE_World2-pilot/TE-Interaction-Experiments/LLHHLLH-HH/provenance-001-001.json,2026-08-30T13:32:52.376633+00:00
LLHHLLH-HH,2,9604642802603319887,te_extinction,707,314,state-002-001-0000700.gz,20812142,1234,compact_numpy_v1,ee6a78f884798442b70624bf215292b2aadfdf8d,/scratch/skremer/TE_World2-pilot/TE-Interaction-Experiments/LLHHLLH-HH/provenance-002-001.json,2026-08-30T13:32:52.381927+00:00
LLHHLLH-HH,3,717836257336477719,te_extinction,633,266,state-003-001-0000600.gz,20812142,1235,compact_numpy_v1,ee6a78f884798442b70624bf215292b2aadfdf8d,/scratch/skremer/TE_World2-pilot/TE-Interaction-Experiments/LLHHLLH-HH/provenance-003-001.json,2026-08-30T13:32:52.391570+00:00
LLHHLLH-HL,1,10923046575135240507,te_extinction,466,306,state-001-001-0000450.gz,20812142,1230,compact_numpy_v1,ee6a78f884798442b70624bf215292b2aadfdf8d,/scratch/skremer/TE_World2-pilot/TE-Interaction-Experiments/LLHHLLH-HL/provenance-001-001.json,2026-08-30T13:32:52.353657+00:00
LLHHLLH-HL,2,11102648155477474679,te_extinction,263,286,state-002-001-0000250.gz,20812142,1231,compact_numpy_v1,ee6a78f884798442b70624bf215292b2aadfdf8d,/scratch/skremer/TE_World2-pilot/TE-Interaction-Experiments/LLHHLLH-HL/provenance-002-001.json,2026-08-30T13:32:52.361247+00:00
LLHHLLH-HL,3,6573591781243502910,te_extinction,455,283,state-003-001-0000450.gz,20812142,1232,compact_numpy_v1,ee6a78f884798442b70624bf215292b2aadfdf8d,/scratch/skremer/TE_World2-pilot/TE-Interaction-Experiments/LLHHLLH-HL/provenance-003-001.json,2026-08-30T13:32:52.367284+00:00
LLHHLLH-LH,1,15321994444381214847,te_extinction,795,299,state-001-001-0000750.gz,20812142,1227,compact_numpy_v1,ee6a78f884798442b70624bf215292b2aadfdf8d,/scratch/skremer/TE_World2-pilot/TE-Interaction-Experiments/LLHHLLH-LH/provenance-001-001.json,2026-08-30T13:32:52.320441+00:00
LLHHLLH-LH,2,18359921280787911042,te_extinction,1304,272,state-002-001-0001300.gz,20812142,1228,compact_numpy_v1,ee6a78f884798442b70624bf215292b2aadfdf8d,/scratch/skremer/TE_World2-pilot/TE-Interaction-Experiments/LLHHLLH-LH/provenance-002-001.json,2026-08-30T13:32:52.329712+00:00
LLHHLLH-LH,3,17613561555826897945,te_extinction,592,302,state-003-001-0000550.gz,20812142,1229,compact_numpy_v1,ee6a78f884798442b70624bf215292b2aadfdf8d,/scratch/skremer/TE_World2-pilot/TE-Interaction-Experiments/LLHHLLH-LH/provenance-003-001.json,2026-08-30T13:32:52.344168+00:00
LLHHLLH-LL,1,10038955817898629596,te_extinction,736,301,state-001-001-0000700.gz,20812142,1224,compact_numpy_v1,ee6a78f884798442b70624bf215292b2aadfdf8d,/scratch/skremer/TE_World2-pilot/TE-Interaction-Experiments/LLHHLLH-LL/provenance-001-001.json,2026-08-30T13:32:52.296011+00:00
LLHHLLH-LL,2,13130043016012538444,te_extinction,529,285,state-002-001-0000500.gz,20812142,1225,compact_numpy_v1,ee6a78f884798442b70624bf215292b2aadfdf8d,/scratch/skremer/TE_World2-pilot/TE-Interaction-Experiments/LLHHLLH-LL/provenance-002-001.json,2026-08-30T13:32:52.308119+00:00
LLHHLLH-LL,3,4491748733506713268,host_extinction,8,0,state-003-001-0000000.gz,20812142,1226,compact_numpy_v1,ee6a78f884798442b70624bf215292b2aadfdf8d,/scratch/skremer/TE_World2-pilot/TE-Interaction-Experiments/LLHHLLH-LL/provenance-003-001.json,2026-08-30T13:32:52.315078+00:00
LLHHLLL-HH,1,16756969040685096797,host_extinction,12,0,state-001-001-0000000.gz,20812142,1245,compact_numpy_v1,ee6a78f884798442b70624bf215292b2aadfdf8d,/scratch/skremer/TE_World2-pilot/TE-Interaction-Experiments/LLHHLLL-HH/provenance-001-001.json,2026-08-30T13:32:52.450211+00:00
LLHHLLL-HH,2,17321952069926319876,host_extinction,9,0,state-002-001-0000000.gz,20812142,1246,compact_numpy_v1,ee6a78f884798442b70624bf215292b2aadfdf8d,/scratch/skremer/TE_World2-pilot/TE-Interaction-Experiments/LLHHLLL-HH/provenance-002-001.json,2026-08-30T13:32:52.455407+00:00
LLHHLLL-HH,3,422029959897133033,te_extinction,352,22,state-003-001-0000350.gz,20812142,1247,compact_numpy_v1,ee6a78f884798442b70624bf215292b2aadfdf8d,/scratch/skremer/TE_World2-pilot/TE-Interaction-Experiments/LLHHLLL-HH/provenance-003-001.json,2026-08-30T13:32:52.459718+00:00
LLHHLLL-HL,1,3988542994305334175,host_extinction,6,0,state-001-001-0000000.gz,20812142,1242,compact_numpy_v1,ee6a78f884798442b70624bf215292b2aadfdf8d,/scratch/skremer/TE_World2-pilot/TE-Interaction-Experiments/LLHHLLL-HL/provenance-001-001.json,2026-08-30T13:32:52.432562+00:00
LLHHLLL-HL,2,14378562013484728462,te_extinction,155,29,state-002-001-0000150.gz,20812142,1243,compact_numpy_v1,ee6a78f884798442b70624bf215292b2aadfdf8d,/scratch/skremer/TE_World2-pilot/TE-Interaction-Experiments/LLHHLLL-HL/provenance-002-001.json,2026-08-30T13:32:52.437505+00:00
LLHHLLL-HL,3,7976373081850552662,host_extinction,5,0,state-003-001-0000000.gz,20812142,1244,compact_numpy_v1,ee6a78f884798442b70624bf215292b2aadfdf8d,/scratch/skremer/TE_World2-pilot/TE-Interaction-Experiments/LLHHLLL-HL/provenance-003-001.json,2026-08-30T13:32:52.446450+00:00
LLHHLLL-LH,1,14193738002459334527,host_extinction,8,0,state-001-001-0000000.gz,20812142,1239,compact_numpy_v1,ee6a78f884798442b70624bf215292b2aadfdf8d,/scratch/skremer/TE_World2-pilot/TE-Interaction-Experiments/LLHHLLL-LH/provenance-001-001.json,2026-08-30T13:32:52.418180+00:00
LLHHLLL-LH,2,16873460249597576633,te_extinction,381,28,state-002-001-0000350.gz,20812142,1240,compact_numpy_v1,ee6a78f884798442b70624bf215292b2aadfdf8d,/scratch/skremer/TE_World2-pilot/TE-Interaction-Experiments/LLHHLLL-LH/provenance-002-001.json,2026-08-30T13:32:52.421646+00:00
LLHHLLL-LH,3,1013308072699479191,host_extinction,10,0,state-003-001-0000000.gz,20812142,1241,compact_numpy_v1,ee6a78f884798442b70624bf215292b2aadfdf8d,/scratch/skremer/TE_World2-pilot/TE-Interaction-Experiments/LLHHLLL-LH/provenance-003-001.json,2026-08-30T13:32:52.427541+00:00
LLHHLLL-LL,1,4263675257217724239,te_extinction,845,27,state-001-001-0000800.gz,20812142,1236,compact_numpy_v1,ee6a78f884798442b70624bf215292b2aadfdf8d,/scratch/skremer/TE_World2-pilot/TE-Interaction-Experiments/LLHHLLL-LL/provenance-001-001.json,2026-08-30T13:32:52.401572+00:00
LLHHLLL-LL,2,7947765918439369602,host_extinction,7,0,state-002-001-0000000.gz,20812142,1237,compact_numpy_v1,ee6a78f884798442b70624bf215292b2aadfdf8d,/scratch/skremer/TE_World2-pilot/TE-Interaction-Experiments/LLHHLLL-LL/provenance-002-001.json,2026-08-30T13:32:52.411558+00:00
LLHHLLL-LL,3,18032237207790155537,host_extinction,5,0,state-003-001-0000000.gz,20812142,1238,compact_numpy_v1,ee6a78f884798442b70624bf215292b2aadfdf8d,/scratch/skremer/TE_World2-pilot/TE-Interaction-Experiments/LLHHLLL-LL/provenance-003-001.json,2026-08-30T13:32:52.414883+00:00
LLHLHHH-HH,1,646949114402340018,checkpointed,294,314,state-001-001-0000294.gz,20812142,1257,compact_numpy_v1,ee6a78f884798442b70624bf215292b2aadfdf8d,/scratch/skremer/TE_World2-pilot/TE-Interaction-Experiments/LLHLHHH-HH/provenance-001-001.json,2026-08-30T13:32:52.524472+00:00
LLHLHHH-HH,2,16125838316082640504,checkpointed,304,307,state-002-001-0000304.gz,20812142,1258,compact_numpy_v1,ee6a78f884798442b70624bf215292b2aadfdf8d,/scratch/skremer/TE_World2-pilot/TE-Interaction-Experiments/LLHLHHH-HH/provenance-002-001.json,2026-08-30T13:32:52.531812+00:00
LLHLHHH-HH,3,13041562103071196829,checkpointed,305,299,state-003-001-0000305.gz,20812142,1259,compact_numpy_v1,ee6a78f884798442b70624bf215292b2aadfdf8d,/scratch/skremer/TE_World2-pilot/TE-Interaction-Experiments/LLHLHHH-HH/provenance-003-001.json,2026-08-30T13:32:52.536958+00:00
LLHLHHH-HL,1,38014901505469019,checkpointed,282,314,state-001-001-0000282.gz,20812142,1254,compact_numpy_v1,ee6a78f884798442b70624bf215292b2aadfdf8d,/scratch/skremer/TE_World2-pilot/TE-Interaction-Experiments/LLHLHHH-HL/provenance-001-001.json,2026-08-30T13:32:52.502631+00:00
LLHLHHH-HL,2,644575781059171193,checkpointed,296,311,state-002-001-0000296.gz,20812142,1255,compact_numpy_v1,ee6a78f884798442b70624bf215292b2aadfdf8d,/scratch/skremer/TE_World2-pilot/TE-Interaction-Experiments/LLHLHHH-HL/provenance-002-001.json,2026-08-30T13:32:52.511522+00:00
LLHLHHH-HL,3,4419924066419169275,checkpointed,265,284,state-003-001-0000265.gz,20812142,1256,compact_numpy_v1,ee6a78f884798442b70624bf215292b2aadfdf8d,/scratch/skremer/TE_World2-pilot/TE-Interaction-Experiments/LLHLHHH-HL/provenance-003-001.json,2026-08-30T13:32:52.518454+00:00
LLHLHHH-LH,1,3558601286344962081,checkpointed,182,297,state-001-001-0000182.gz,20812142,1251,compact_numpy_v1,ee6a78f884798442b70624bf215292b2aadfdf8d,/scratch/skremer/TE_World2-pilot/TE-Interaction-Experiments/LLHLHHH-LH/provenance-001-001.json,2026-08-30T13:32:52.483398+00:00
LLHLHHH-LH,2,9725054499199836269,checkpointed,176,288,state-002-001-0000176.gz,20812142,1252,compact_numpy_v1,ee6a78f884798442b70624bf215292b2aadfdf8d,/scratch/skremer/TE_World2-pilot/TE-Interaction-Experiments/LLHLHHH-LH/provenance-002-001.json,2026-08-30T13:32:52.488878+00:00
LLHLHHH-LH,3,16202230178800986698,checkpointed,172,308,state-003-001-0000172.gz,20812142,1253,compact_numpy_v1,ee6a78f884798442b70624bf215292b2aadfdf8d,/scratch/skremer/TE_World2-pilot/TE-Interaction-Experiments/LLHLHHH-LH/provenance-003-001.json,2026-08-30T13:32:52.493877+00:00
LLHLHHH-LL,1,5682015371311325889,te_extinction,172,293,state-001-001-0000150.gz,20812142,1248,compact_numpy_v1,ee6a78f884798442b70624bf215292b2aadfdf8d,/scratch/skremer/TE_World2-pilot/TE-Interaction-Experiments/LLHLHHH-LL/provenance-001-001.json,2026-08-30T13:32:52.468283+00:00
LLHLHHH-LL,2,10387745347127464246,checkpointed,168,320,state-002-001-0000168.gz,20812142,1249,compact_numpy_v1,ee6a78f884798442b70624bf215292b2aadfdf8d,/scratch/skremer/TE_World2-pilot/TE-Interaction-Experiments/LLHLHHH-LL/provenance-002-001.json,2026-08-30T13:32:52.472530+00:00
LLHLHHH-LL,3,16061034534812209997,checkpointed,190,298,state-003-001-0000190.gz,20812142,1250,compact_numpy_v1,ee6a78f884798442b70624bf215292b2aadfdf8d,/scratch/skremer/TE_World2-pilot/TE-Interaction-Experiments/LLHLHHH-LL/provenance-003-001.json,2026-08-30T13:32:52.477361+00:00
LLHLHHL-HH,1,15858019597010699125,maximum_generations,1500,29,state-001-001-0001500.gz,20812142,1269,compact_numpy_v1,ee6a78f884798442b70624bf215292b2aadfdf8d,/scratch/skremer/TE_World2-pilot/TE-Interaction-Experiments/LLHLHHL-HH/provenance-001-001.json,2026-08-30T13:32:52.666125+00:00
LLHLHHL-HH,2,17112165985254437480,maximum_generations,1500,28,state-002-001-0001500.gz,20812142,1270,compact_numpy_v1,ee6a78f884798442b70624bf215292b2aadfdf8d,/scratch/skremer/TE_World2-pilot/TE-Interaction-Experiments/LLHLHHL-HH/provenance-002-001.json,2026-08-30T13:32:52.683305+00:00
LLHLHHL-HH,3,11466362276425570581,maximum_generations,1500,31,state-003-001-0001500.gz,20812142,1271,compact_numpy_v1,ee6a78f884798442b70624bf215292b2aadfdf8d,/scratch/skremer/TE_World2-pilot/TE-Interaction-Experiments/LLHLHHL-HH/provenance-003-001.json,2026-08-30T13:32:52.702331+00:00
LLHLHHL-HL,1,6779687979696116285,maximum_generations,1500,25,state-001-001-0001500.gz,20812142,1266,compact_numpy_v1,ee6a78f884798442b70624bf215292b2aadfdf8d,/scratch/skremer/TE_World2-pilot/TE-Interaction-Experiments/LLHLHHL-HL/provenance-001-001.json,2026-08-30T13:32:52.611822+00:00
LLHLHHL-HL,2,2296986937951735451,maximum_generations,1500,34,state-002-001-0001500.gz,20812142,1267,compact_numpy_v1,ee6a78f884798442b70624bf215292b2aadfdf8d,/scratch/skremer/TE_World2-pilot/TE-Interaction-Experiments/LLHLHHL-HL/provenance-002-001.json,2026-08-30T13:32:52.630062+00:00
LLHLHHL-HL,3,8376721115741022876,maximum_generations,1500,23,state-003-001-0001500.gz,20812142,1268,compact_numpy_v1,ee6a78f884798442b70624bf215292b2aadfdf8d,/scratch/skremer/TE_World2-pilot/TE-Interaction-Experiments/LLHLHHL-HL/provenance-003-001.json,2026-08-30T13:32:52.648672+00:00
LLHLHHL-LH,1,5095707784875300725,checkpointed,1005,33,state-001-001-0001005.gz,20812142,1263,compact_numpy_v1,ee6a78f884798442b70624bf215292b2aadfdf8d,/scratch/skremer/TE_World2-pilot/TE-Interaction-Experiments/LLHLHHL-LH/provenance-001-001.json,2026-08-30T13:32:52.568876+00:00
LLHLHHL-LH,2,13932264968330201094,checkpointed,962,33,state-002-001-0000962.gz,20812142,1264,compact_numpy_v1,ee6a78f884798442b70624bf215292b2aadfdf8d,/scratch/skremer/TE_World2-pilot/TE-Interaction-Experiments/LLHLHHL-LH/provenance-002-001.json,2026-08-30T13:32:52.584931+00:00
LLHLHHL-LH,3,4751518326162552256,checkpointed,919,26,state-003-001-0000919.gz,20812142,1265,compact_numpy_v1,ee6a78f884798442b70624bf215292b2aadfdf8d,/scratch/skremer/TE_World2-pilot/TE-Interaction-Experiments/LLHLHHL-LH/provenance-003-001.json,2026-08-30T13:32:52.599003+00:00
LLHLHHL-LL,1,5058151079104851618,te_extinction,297,32,state-001-001-0000250.gz,20812142,1260,compact_numpy_v1,ee6a78f884798442b70624bf215292b2aadfdf8d,/scratch/skremer/TE_World2-pilot/TE-Interaction-Experiments/LLHLHHL-LL/provenance-001-001.json,2026-08-30T13:32:52.545554+00:00
LLHLHHL-LL,2,8368502535921655652,te_extinction,779,30,state-002-001-0000750.gz,20812142,1261,compact_numpy_v1,ee6a78f884798442b70624bf215292b2aadfdf8d,/scratch/skremer/TE_World2-pilot/TE-Interaction-Experiments/LLHLHHL-LL/provenance-002-001.json,2026-08-30T13:32:52.552197+00:00
LLHLHHL-LL,3,18134978959332374644,host_extinction,16,0,state-003-001-0000000.gz,20812142,1262,compact_numpy_v1,ee6a78f884798442b70624bf215292b2aadfdf8d,/scratch/skremer/TE_World2-pilot/TE-Interaction-Experiments/LLHLHHL-LL/provenance-003-001.json,2026-08-30T13:32:52.562716+00:00
LLHLHLH-HH,1,6446122531586894981,checkpointed,313,287,state-001-001-0000313.gz,20812142,1281,compact_numpy_v1,ee6a78f884798442b70624bf215292b2aadfdf8d,/scratch/skremer/TE_World2-pilot/TE-Interaction-Experiments/LLHLHLH-HH/provenance-001-001.json,2026-08-30T13:32:52.780807+00:00
LLHLHLH-HH,2,14063681899084053316,te_extinction,439,300,state-002-001-0000400.gz,20812142,1282,compact_numpy_v1,ee6a78f884798442b70624bf215292b2aadfdf8d,/scratch/skremer/TE_World2-pilot/TE-Interaction-Experiments/LLHLHLH-HH/provenance-002-001.json,2026-08-30T13:32:52.788284+00:00
LLHLHLH-HH,3,2453107437363516801,te_extinction,1012,283,state-003-001-0001000.gz,20812142,1283,compact_numpy_v1,ee6a78f884798442b70624bf215292b2aadfdf8d,/scratch/skremer/TE_World2-pilot/TE-Interaction-Experiments/LLHLHLH-HH/provenance-003-001.json,2026-08-30T13:32:52.794487+00:00
LLHLHLH-HL,1,4015647960317596961,checkpointed,307,311,state-001-001-0000307.gz,20812142,1278,compact_numpy_v1,ee6a78f884798442b70624bf215292b2aadfdf8d,/scratch/skremer/TE_World2-pilot/TE-Interaction-Experiments/LLHLHLH-HL/provenance-001-001.json,2026-08-30T13:32:52.757207+00:00
LLHLHLH-HL,2,16024328277952462297,te_extinction,348,302,state-002-001-0000300.gz,20812142,1279,compact_numpy_v1,ee6a78f884798442b70624bf215292b2aadfdf8d,/scratch/skremer/TE_World2-pilot/TE-Interaction-Experiments/LLHLHLH-HL/provenance-002-001.json,2026-08-30T13:32:52.765923+00:00
LLHLHLH-HL,3,12863608471468139357,checkpointed,307,290,state-003-001-0000307.gz,20812142,1280,compact_numpy_v1,ee6a78f884798442b70624bf215292b2aadfdf8d,/scratch/skremer/TE_World2-pilot/TE-Interaction-Experiments/LLHLHLH-HL/provenance-003-001.json,2026-08-30T13:32:52.773468+00:00
LLHLHLH-LH,1,1520474245110663676,checkpointed,174,285,state-001-001-0000174.gz,20812142,1275,compact_numpy_v1,ee6a78f884798442b70624bf215292b2aadfdf8d,/scratch/skremer/TE_World2-pilot/TE-Interaction-Experiments/LLHLHLH-LH/provenance-001-001.json,2026-08-30T13:32:52.739199+00:00
LLHLHLH-LH,2,15105500726445784216,te_extinction,416,325,state-002-001-0000400.gz,20812142,1276,compact_numpy_v1,ee6a78f884798442b70624bf215292b2aadfdf8d,/scratch/skremer/TE_World2-pilot/TE-Interaction-Experiments/LLHLHLH-LH/provenance-002-001.json,2026-08-30T13:32:52.743443+00:00
LLHLHLH-LH,3,6528520244128794327,checkpointed,166,317,state-003-001-0000166.gz,20812142,1277,compact_numpy_v1,ee6a78f884798442b70624bf215292b2aadfdf8d,/scratch/skremer/TE_World2-pilot/TE-Interaction-Experiments/LLHLHLH-LH/provenance-003-001.json,2026-08-30T13:32:52.751956+00:00
LLHLHLH-LL,1,12093170714330081960,checkpointed,164,313,state-001-001-0000164.gz,20812142,1272,compact_numpy_v1,ee6a78f884798442b70624bf215292b2aadfdf8d,/scratch/skremer/TE_World2-pilot/TE-Interaction-Experiments/LLHLHLH-LL/provenance-001-001.json,2026-08-30T13:32:52.720193+00:00
LLHLHLH-LL,2,9977350960919497379,te_extinction,312,308,state-002-001-0000300.gz,20812142,1273,compact_numpy_v1,ee6a78f884798442b70624bf215292b2aadfdf8d,/scratch/skremer/TE_World2-pilot/TE-Interaction-Experiments/LLHLHLH-LL/provenance-002-001.json,2026-08-30T13:32:52.728269+00:00
LLHLHLH-LL,3,4169541234956581767,checkpointed,168,292,state-003-001-0000168.gz,20812142,1274,compact_numpy_v1,ee6a78f884798442b70624bf215292b2aadfdf8d,/scratch/skremer/TE_World2-pilot/TE-Interaction-Experiments/LLHLHLH-LL/provenance-003-001.json,2026-08-30T13:32:52.733674+00:00
LLHLHLL-HH,1,2720830076257021962,maximum_generations,1500,25,state-001-001-0001500.gz,20812142,1293,compact_numpy_v1,ee6a78f884798442b70624bf215292b2aadfdf8d,/scratch/skremer/TE_World2-pilot/TE-Interaction-Experiments/LLHLHLL-HH/provenance-001-001.json,2026-08-30T13:32:52.932168+00:00
LLHLHLL-HH,2,13644868356398816517,maximum_generations,1500,23,state-002-001-0001500.gz,20812142,1294,compact_numpy_v1,ee6a78f884798442b70624bf215292b2aadfdf8d,/scratch/skremer/TE_World2-pilot/TE-Interaction-Experiments/LLHLHLL-HH/provenance-002-001.json,2026-08-30T13:32:52.948910+00:00
LLHLHLL-HH,3,11512110484798963213,maximum_generations,1500,26,state-003-001-0001500.gz,20812142,1295,compact_numpy_v1,ee6a78f884798442b70624bf215292b2aadfdf8d,/scratch/skremer/TE_World2-pilot/TE-Interaction-Experiments/LLHLHLL-HH/provenance-003-001.json,2026-08-30T13:32:52.966005+00:00
LLHLHLL-HL,1,12014195420040079244,maximum_generations,1500,27,state-001-001-0001500.gz,20812142,1290,compact_numpy_v1,ee6a78f884798442b70624bf215292b2aadfdf8d,/scratch/skremer/TE_World2-pilot/TE-Interaction-Experiments/LLHLHLL-HL/provenance-001-001.json,2026-08-30T13:32:52.877947+00:00
LLHLHLL-HL,2,16061746584759937086,maximum_generations,1500,28,state-002-001-0001500.gz,20812142,1291,compact_numpy_v1,ee6a78f884798442b70624bf215292b2aadfdf8d,/scratch/skremer/TE_World2-pilot/TE-Interaction-Experiments/LLHLHLL-HL/provenance-002-001.json,2026-08-30T13:32:52.897040+00:00
LLHLHLL-HL,3,10272239809775953956,maximum_generations,1500,36,state-003-001-0001500.gz,20812142,1292,compact_numpy_v1,ee6a78f884798442b70624bf215292b2aadfdf8d,/scratch/skremer/TE_World2-pilot/TE-Interaction-Experiments/LLHLHLL-HL/provenance-003-001.json,2026-08-30T13:32:52.914621+00:00
LLHLHLL-LH,1,7648329293900316670,checkpointed,987,28,state-001-001-0000987.gz,20812142,1287,compact_numpy_v1,ee6a78f884798442b70624bf215292b2aadfdf8d,/scratch/skremer/TE_World2-pilot/TE-Interaction-Experiments/LLHLHLL-LH/provenance-001-001.json,2026-08-30T13:32:52.838126+00:00
LLHLHLL-LH,2,8077210737802779392,checkpointed,904,32,state-002-001-0000904.gz,20812142,1288,compact_numpy_v1,ee6a78f884798442b70624bf215292b2aadfdf8d,/scratch/skremer/TE_World2-pilot/TE-Interaction-Experiments/LLHLHLL-LH/provenance-002-001.json,2026-08-30T13:32:52.849947+00:00
LLHLHLL-LH,3,13205681711364083572,checkpointed,1058,26,state-003-001-0001058.gz,20812142,1289,compact_numpy_v1,ee6a78f884798442b70624bf215292b2aadfdf8d,/scratch/skremer/TE_World2-pilot/TE-Interaction-Experiments/LLHLHLL-LH/provenance-003-001.json,2026-08-30T13:32:52.862511+00:00
LLHLHLL-LL,1,12437570353644603873,checkpointed,944,30,state-001-001-0000944.gz,20812142,1284,compact_numpy_v1,ee6a78f884798442b70624bf215292b2aadfdf8d,/scratch/skremer/TE_World2-pilot/TE-Interaction-Experiments/LLHLHLL-LL/provenance-001-001.json,2026-08-30T13:32:52.806257+00:00
LLHLHLL-LL,2,3207690829484362872,host_extinction,14,0,state-002-001-0000000.gz,20812142,1285,compact_numpy_v1,ee6a78f884798442b70624bf215292b2aadfdf8d,/scratch/skremer/TE_World2-pilot/TE-Interaction-Experiments/LLHLHLL-LL/provenance-002-001.json,2026-08-30T13:32:52.822689+00:00
LLHLHLL-LL,3,14769758534279581027,host_extinction,20,0,state-003-001-0000000.gz,20812142,1286,compact_numpy_v1,ee6a78f884798442b70624bf215292b2aadfdf8d,/scratch/skremer/TE_World2-pilot/TE-Interaction-Experiments/LLHLHLL-LL/provenance-003-001.json,2026-08-30T13:32:52.829235+00:00
LLHLLHH-HH,1,3415475399489191307,te_extinction,297,309,state-001-001-0000250.gz,20812142,1305,compact_numpy_v1,ee6a78f884798442b70624bf215292b2aadfdf8d,/scratch/skremer/TE_World2-pilot/TE-Interaction-Experiments/LLHLLHH-HH/provenance-001-001.json,2026-08-30T13:32:53.049111+00:00
LLHLLHH-HH,2,2522504671963554036,checkpointed,1230,303,state-002-001-0001230.gz,20812142,1306,compact_numpy_v1,ee6a78f884798442b70624bf215292b2aadfdf8d,/scratch/skremer/TE_World2-pilot/TE-Interaction-Experiments/LLHLLHH-HH/provenance-002-001.json,2026-08-30T13:32:53.056935+00:00
LLHLLHH-HH,3,5015231326610250617,te_extinction,258,287,state-003-001-0000250.gz,20812142,1307,compact_numpy_v1,ee6a78f884798442b70624bf215292b2aadfdf8d,/scratch/skremer/TE_World2-pilot/TE-Interaction-Experiments/LLHLLHH-HH/provenance-003-001.json,2026-08-30T13:32:53.072546+00:00
LLHLLHH-HL,1,5379488559826349746,te_extinction,446,319,state-001-001-0000400.gz,20812142,1302,compact_numpy_v1,ee6a78f884798442b70624bf215292b2aadfdf8d,/scratch/skremer/TE_World2-pilot/TE-Interaction-Experiments/LLHLLHH-HL/provenance-001-001.json,2026-08-30T13:32:53.021039+00:00
LLHLLHH-HL,2,4072057615440724581,checkpointed,954,304,state-002-001-0000954.gz,20812142,1303,compact_numpy_v1,ee6a78f884798442b70624bf215292b2aadfdf8d,/scratch/skremer/TE_World2-pilot/TE-Interaction-Experiments/LLHLLHH-HL/provenance-002-001.json,2026-08-30T13:32:53.028248+00:00
LLHLLHH-HL,3,3364471869938089178,te_extinction,159,306,state-003-001-0000150.gz,20812142,1304,compact_numpy_v1,ee6a78f884798442b70624bf215292b2aadfdf8d,/scratch/skremer/TE_World2-pilot/TE-Interaction-Experiments/LLHLLHH-HL/provenance-003-001.json,2026-08-30T13:32:53.041319+00:00
LLHLLHH-LH,1,10922438807962442714,host_extinction,13,0,state-001-001-0000000.gz,20812142,1299,compact_numpy_v1,ee6a78f884798442b70624bf215292b2aadfdf8d,/scratch/skremer/TE_World2-pilot/TE-Interaction-Experiments/LLHLLHH-LH/provenance-001-001.json,2026-08-30T13:32:53.000196+00:00
LLHLLHH-LH,2,8074706014804731835,te_extinction,579,286,state-002-001-0000550.gz,20812142,1300,compact_numpy_v1,ee6a78f884798442b70624bf215292b2aadfdf8d,/scratch/skremer/TE_World2-pilot/TE-Interaction-Experiments/LLHLLHH-LH/provenance-002-001.json,2026-08-30T13:32:53.006941+00:00
LLHLLHH-LH,3,1039382405162752582,te_extinction,252,285,state-003-001-0000250.gz,20812142,1301,compact_numpy_v1,ee6a78f884798442b70624bf215292b2aadfdf8d,/scratch/skremer/TE_World2-pilot/TE-Interaction-Experiments/LLHLLHH-LH/provenance-003-001.json,2026-08-30T13:32:53.015007+00:00
LLHLLHH-LL,1,14944320590258445721,host_extinction,10,0,state-001-001-0000000.gz,20812142,1296,compact_numpy_v1,ee6a78f884798442b70624bf215292b2aadfdf8d,/scratch/skremer/TE_World2-pilot/TE-Interaction-Experiments/LLHLLHH-LL/provenance-001-001.json,2026-08-30T13:32:52.982534+00:00
LLHLLHH-LL,2,15675964362299778658,te_extinction,448,322,state-002-001-0000400.gz,20812142,1297,compact_numpy_v1,ee6a78f884798442b70624bf215292b2aadfdf8d,/scratch/skremer/TE_World2-pilot/TE-Interaction-Experiments/LLHLLHH-LL/provenance-002-001.json,2026-08-30T13:32:52.985728+00:00
LLHLLHH-LL,3,875493140352158119,te_extinction,264,298,state-003-001-0000250.gz,20812142,1298,compact_numpy_v1,ee6a78f884798442b70624bf215292b2aadfdf8d,/scratch/skremer/TE_World2-pilot/TE-Interaction-Experiments/LLHLLHH-LL/provenance-003-001.json,2026-08-30T13:32:52.992547+00:00
LLHLLHL-HH,1,8822515347546716357,host_extinction,21,0,state-001-001-0000000.gz,20812142,1317,compact_numpy_v1,ee6a78f884798442b70624bf215292b2aadfdf8d,/scratch/skremer/TE_World2-pilot/TE-Interaction-Experiments/LLHLLHL-HH/provenance-001-001.json,2026-08-30T13:32:53.114652+00:00
LLHLLHL-HH,2,8612005409719525450,host_extinction,25,0,state-002-001-0000000.gz,20812142,1318,compact_numpy_v1,ee6a78f884798442b70624bf215292b2aadfdf8d,/scratch/skremer/TE_World2-pilot/TE-Interaction-Experiments/LLHLLHL-HH/provenance-002-001.json,2026-08-30T13:32:53.118615+00:00
LLHLLHL-HH,3,3490564778441194377,te_extinction,1451,26,state-003-001-0001450.gz,20812142,1319,compact_numpy_v1,ee6a78f884798442b70624bf215292b2aadfdf8d,/scratch/skremer/TE_World2-pilot/TE-Interaction-Experiments/LLHLLHL-HH/provenance-003-001.json,2026-08-30T13:32:53.122492+00:00
LLHLLHL-HL,1,5661193794104079900,host_extinction,18,0,state-001-001-0000000.gz,20812142,1314,compact_numpy_v1,ee6a78f884798442b70624bf215292b2aadfdf8d,/scratch/skremer/TE_World2-pilot/TE-Interaction-Experiments/LLHLLHL-HL/provenance-001-001.json,2026-08-30T13:32:53.102210+00:00
LLHLLHL-HL,2,14209416048226614984,host_extinction,12,0,state-002-001-0000000.gz,20812142,1315,compact_numpy_v1,ee6a78f884798442b70624bf215292b2aadfdf8d,/scratch/skremer/TE_World2-pilot/TE-Interaction-Experiments/LLHLLHL-HL/provenance-002-001.json,2026-08-30T13:32:53.105493+00:00
LLHLLHL-HL,3,4899610841925570032,te_extinction,97,27,state-003-001-0000050.gz,20812142,1316,compact_numpy_v1,ee6a78f884798442b70624bf215292b2aadfdf8d,/scratch/skremer/TE_World2-pilot/TE-Interaction-Experiments/LLHLLHL-HL/provenance-003-001.json,2026-08-30T13:32:53.108853+00:00
LLHLLHL-LH,1,7792219881089144318,host_extinction,9,0,state-001-001-0000000.gz,20812142,1311,compact_numpy_v1,ee6a78f884798442b70624bf215292b2aadfdf8d,/scratch/skremer/TE_World2-pilot/TE-Interaction-Experiments/LLHLLHL-LH/provenance-001-001.json,2026-08-30T13:32:53.092663+00:00
LLHLLHL-LH,2,12299283837576644438,host_extinction,10,0,state-002-001-0000000.gz,20812142,1312,compact_numpy_v1,ee6a78f884798442b70624bf215292b2aadfdf8d,/scratch/skremer/TE_World2-pilot/TE-Interaction-Experiments/LLHLLHL-LH/provenance-002-001.json,2026-08-30T13:32:53.095757+00:00
LLHLLHL-LH,3,16984411929738975908,host_extinction,9,0,state-003-001-0000000.gz,20812142,1313,compact_numpy_v1,ee6a78f884798442b70624bf215292b2aadfdf8d,/scratch/skremer/TE_World2-pilot/TE-Interaction-Experiments/LLHLLHL-LH/provenance-003-001.json,2026-08-30T13:32:53.098733+00:00
LLHLLHL-LL,1,2446284346513401238,te_extinction,200,25,state-001-001-0000150.gz,20812142,1308,compact_numpy_v1,ee6a78f884798442b70624bf215292b2aadfdf8d,/scratch/skremer/TE_World2-pilot/TE-Interaction-Experiments/LLHLLHL-LL/provenance-001-001.json,2026-08-30T13:32:53.078480+00:00
LLHLLHL-LL,2,9019770682932857293,te_extinction,397,27,state-002-001-0000350.gz,20812142,1309,compact_numpy_v1,ee6a78f884798442b70624bf215292b2aadfdf8d,/scratch/skremer/TE_World2-pilot/TE-Interaction-Experiments/LLHLLHL-LL/provenance-002-001.json,2026-08-30T13:32:53.082753+00:00
LLHLLHL-LL,3,1114927418469683219,host_extinction,10,0,state-003-001-0000000.gz,20812142,1310,compact_numpy_v1,ee6a78f884798442b70624bf215292b2aadfdf8d,/scratch/skremer/TE_World2-pilot/TE-Interaction-Experiments/LLHLLHL-LL/provenance-003-001.json,2026-08-30T13:32:53.089088+00:00
LLHLLLH-HH,1,13070569962120075635,te_extinction,571,293,state-001-001-0000550.gz,20812142,1329,compact_numpy_v1,ee6a78f884798442b70624bf215292b2aadfdf8d,/scratch/skremer/TE_World2-pilot/TE-Interaction-Experiments/LLHLLLH-HH/provenance-001-001.json,2026-08-30T13:32:53.221433+00:00
LLHLLLH-HH,2,303531878383372858,maximum_generations,1500,298,state-002-001-0001500.gz,20812142,1330,compact_numpy_v1,ee6a78f884798442b70624bf215292b2aadfdf8d,/scratch/skremer/TE_World2-pilot/TE-Interaction-Experiments/LLHLLLH-HH/provenance-002-001.json,2026-08-30T13:32:53.228656+00:00
LLHLLLH-HH,3,8622100236887983883,te_extinction,1236,303,state-003-001-0001200.gz,20812142,1331,compact_numpy_v1,ee6a78f884798442b70624bf215292b2aadfdf8d,/scratch/skremer/TE_World2-pilot/TE-Interaction-Experiments/LLHLLLH-HH/provenance-003-001.json,2026-08-30T13:32:53.246654+00:00
LLHLLLH-HL,1,1158585786587625841,maximum_generations,1500,333,state-001-001-0001500.gz,20812142,1326,compact_numpy_v1,ee6a78f884798442b70624bf215292b2aadfdf8d,/scratch/skremer/TE_World2-pilot/TE-Interaction-Experiments/LLHLLLH-HL/provenance-001-001.json,2026-08-30T13:32:53.190488+00:00
LLHLLLH-HL,2,13447941038403572073,te_extinction,758,296,state-002-001-0000750.gz,20812142,1327,compact_numpy_v1,ee6a78f884798442b70624bf215292b2aadfdf8d,/scratch/skremer/TE_World2-pilot/TE-Interaction-Experiments/LLHLLLH-HL/provenance-002-001.json,2026-08-30T13:32:53.208949+00:00
LLHLLLH-HL,3,3701323874461705555,host_extinction,16,0,state-003-001-0000000.gz,20812142,1328,compact_numpy_v1,ee6a78f884798442b70624bf215292b2aadfdf8d,/scratch/skremer/TE_World2-pilot/TE-Interaction-Experiments/LLHLLLH-HL/provenance-003-001.json,2026-08-30T13:32:53.218095+00:00
LLHLLLH-LH,1,7448750991048109316,host_extinction,11,0,state-001-001-0000000.gz,20812142,1323,compact_numpy_v1,ee6a78f884798442b70624bf215292b2aadfdf8d,/scratch/skremer/TE_World2-pilot/TE-Interaction-Experiments/LLHLLLH-LH/provenance-001-001.json,2026-08-30T13:32:53.166646+00:00
LLHLLLH-LH,2,11978859866497243900,te_extinction,971,278,state-002-001-0000950.gz,20812142,1324,compact_numpy_v1,ee6a78f884798442b70624bf215292b2aadfdf8d,/scratch/skremer/TE_World2-pilot/TE-Interaction-Experiments/LLHLLLH-LH/provenance-002-001.json,2026-08-30T13:32:53.170104+00:00
LLHLLLH-LH,3,17694276039595657,te_extinction,693,291,state-003-001-0000650.gz,20812142,1325,compact_numpy_v1,ee6a78f884798442b70624bf215292b2aadfdf8d,/scratch/skremer/TE_World2-pilot/TE-Interaction-Experiments/LLHLLLH-LH/provenance-003-001.json,2026-08-30T13:32:53.180552+00:00
LLHLLLH-LL,1,12337277035210528006,te_extinction,754,314,state-001-001-0000750.gz,20812142,1320,compact_numpy_v1,ee6a78f884798442b70624bf215292b2aadfdf8d,/scratch/skremer/TE_World2-pilot/TE-Interaction-Experiments/LLHLLLH-LL/provenance-001-001.json,2026-08-30T13:32:53.141290+00:00
LLHLLLH-LL,2,7582343601611392066,te_extinction,379,293,state-002-001-0000350.gz,20812142,1321,compact_numpy_v1,ee6a78f884798442b70624bf215292b2aadfdf8d,/scratch/skremer/TE_World2-pilot/TE-Interaction-Experiments/LLHLLLH-LL/provenance-002-001.json,2026-08-30T13:32:53.150519+00:00
LLHLLLH-LL,3,16149100590424053310,te_extinction,638,275,state-003-001-0000600.gz,20812142,1322,compact_numpy_v1,ee6a78f884798442b70624bf215292b2aadfdf8d,/scratch/skremer/TE_World2-pilot/TE-Interaction-Experiments/LLHLLLH-LL/provenance-003-001.json,2026-08-30T13:32:53.157008+00:00
LLHLLLL-HH,1,4995888896417912074,host_extinction,14,0,state-001-001-0000000.gz,20812142,1341,compact_numpy_v1,ee6a78f884798442b70624bf215292b2aadfdf8d,/scratch/skremer/TE_World2-pilot/TE-Interaction-Experiments/LLHLLLL-HH/provenance-001-001.json,2026-08-30T13:32:53.300589+00:00
LLHLLLL-HH,2,5354192404745329886,host_extinction,24,0,state-002-001-0000000.gz,20812142,1342,compact_numpy_v1,ee6a78f884798442b70624bf215292b2aadfdf8d,/scratch/skremer/TE_World2-pilot/TE-Interaction-Experiments/LLHLLLL-HH/provenance-002-001.json,2026-08-30T13:32:53.304843+00:00
LLHLLLL-HH,3,17758592206734324740,host_extinction,15,0,state-003-001-0000000.gz,20812142,1343,compact_numpy_v1,ee6a78f884798442b70624bf215292b2aadfdf8d,/scratch/skremer/TE_World2-pilot/TE-Interaction-Experiments/LLHLLLL-HH/provenance-003-001.json,2026-08-30T13:32:53.308539+00:00
LLHLLLL-HL,1,17764593079442051292,host_extinction,17,0,state-001-001-0000000.gz,20812142,1338,compact_numpy_v1,ee6a78f884798442b70624bf215292b2aadfdf8d,/scratch/skremer/TE_World2-pilot/TE-Interaction-Experiments/LLHLLLL-HL/provenance-001-001.json,2026-08-30T13:32:53.282675+00:00
LLHLLLL-HL,2,3677142109898602103,te_extinction,217,27,state-002-001-0000200.gz,20812142,1339,compact_numpy_v1,ee6a78f884798442b70624bf215292b2aadfdf8d,/scratch/skremer/TE_World2-pilot/TE-Interaction-Experiments/LLHLLLL-HL/provenance-002-001.json,2026-08-30T13:32:53.287228+00:00
LLHLLLL-HL,3,4537584898940128059,te_extinction,583,29,state-003-001-0000550.gz,20812142,1340,compact_numpy_v1,ee6a78f884798442b70624bf215292b2aadfdf8d,/scratch/skremer/TE_World2-pilot/TE-Interaction-Experiments/LLHLLLL-HL/provenance-003-001.json,2026-08-30T13:32:53.292800+00:00
LLHLLLL-LH,1,10533629663704420991,host_extinction,12,0,state-001-001-0000000.gz,20812142,1335,compact_numpy_v1,ee6a78f884798442b70624bf215292b2aadfdf8d,/scratch/skremer/TE_World2-pilot/TE-Interaction-Experiments/LLHLLLL-LH/provenance-001-001.json,2026-08-30T13:32:53.271203+00:00
LLHLLLL-LH,2,11076576756753920387,host_extinction,12,0,state-002-001-0000000.gz,20812142,1336,compact_numpy_v1,ee6a78f884798442b70624bf215292b2aadfdf8d,/scratch/skremer/TE_World2-pilot/TE-Interaction-Experiments/LLHLLLL-LH/provenance-002-001.json,2026-08-30T13:32:53.273669+00:00
LLHLLLL-LH,3,15007818645169046602,host_extinction,10,0,state-003-001-0000000.gz,20812142,1337,compact_numpy_v1,ee6a78f884798442b70624bf215292b2aadfdf8d,/scratch/skremer/TE_World2-pilot/TE-Interaction-Experiments/LLHLLLL-LH/provenance-003-001.json,2026-08-30T13:32:53.279057+00:00
LLHLLLL-LL,1,15828488229978961795,host_extinction,9,0,state-001-001-0000000.gz,20812142,1332,compact_numpy_v1,ee6a78f884798442b70624bf215292b2aadfdf8d,/scratch/skremer/TE_World2-pilot/TE-Interaction-Experiments/LLHLLLL-LL/provenance-001-001.json,2026-08-30T13:32:53.259994+00:00
LLHLLLL-LL,2,6715794415851144862,host_extinction,11,0,state-002-001-0000000.gz,20812142,1333,compact_numpy_v1,ee6a78f884798442b70624bf215292b2aadfdf8d,/scratch/skremer/TE_World2-pilot/TE-Interaction-Experiments/LLHLLLL-LL/provenance-002-001.json,2026-08-30T13:32:53.264698+00:00
LLHLLLL-LL,3,15558684592517982818,host_extinction,9,0,state-003-001-0000000.gz,20812142,1334,compact_numpy_v1,ee6a78f884798442b70624bf215292b2aadfdf8d,/scratch/skremer/TE_World2-pilot/TE-Interaction-Experiments/LLHLLLL-LL/provenance-003-001.json,2026-08-30T13:32:53.268141+00:00
LLLHHHH-HH,1,7329071422544517189,te_extinction,440,296,state-001-001-0000400.gz,20812142,1353,compact_numpy_v1,ee6a78f884798442b70624bf215292b2aadfdf8d,/scratch/skremer/TE_World2-pilot/TE-Interaction-Experiments/LLLHHHH-HH/provenance-001-001.json,2026-08-30T13:32:53.380850+00:00
LLLHHHH-HH,2,201909588381591101,te_extinction,500,300,state-002-001-0000450.gz,20812142,1354,compact_numpy_v1,ee6a78f884798442b70624bf215292b2aadfdf8d,/scratch/skremer/TE_World2-pilot/TE-Interaction-Experiments/LLLHHHH-HH/provenance-002-001.json,2026-08-30T13:32:53.387989+00:00
LLLHHHH-HH,3,10239558431699169492,host_extinction,12,0,state-003-001-0000000.gz,20812142,1355,compact_numpy_v1,ee6a78f884798442b70624bf215292b2aadfdf8d,/scratch/skremer/TE_World2-pilot/TE-Interaction-Experiments/LLLHHHH-HH/provenance-003-001.json,2026-08-30T13:32:53.395550+00:00
LLLHHHH-HL,1,10882166462198550475,te_extinction,161,308,state-001-001-0000150.gz,20812142,1350,compact_numpy_v1,ee6a78f884798442b70624bf215292b2aadfdf8d,/scratch/skremer/TE_World2-pilot/TE-Interaction-Experiments/LLLHHHH-HL/provenance-001-001.json,2026-08-30T13:32:53.361666+00:00
LLLHHHH-HL,2,1105298673625460331,te_extinction,192,304,state-002-001-0000150.gz,20812142,1351,compact_numpy_v1,ee6a78f884798442b70624bf215292b2aadfdf8d,/scratch/skremer/TE_World2-pilot/TE-Interaction-Experiments/LLLHHHH-HL/provenance-002-001.json,2026-08-30T13:32:53.369199+00:00
LLLHHHH-HL,3,2001393623955176936,host_extinction,10,0,state-003-001-0000000.gz,20812142,1352,compact_numpy_v1,ee6a78f884798442b70624bf215292b2aadfdf8d,/scratch/skremer/TE_World2-pilot/TE-Interaction-Experiments/LLLHHHH-HL/provenance-003-001.json,2026-08-30T13:32:53.377509+00:00
LLLHHHH-LH,1,665928129270366949,te_extinction,853,314,state-001-001-0000850.gz,20812142,1347,compact_numpy_v1,ee6a78f884798442b70624bf215292b2aadfdf8d,/scratch/skremer/TE_World2-pilot/TE-Interaction-Experiments/LLLHHHH-LH/provenance-001-001.json,2026-08-30T13:32:53.334310+00:00
LLLHHHH-LH,2,5091318076054068718,te_extinction,268,289,state-002-001-0000250.gz,20812142,1348,compact_numpy_v1,ee6a78f884798442b70624bf215292b2aadfdf8d,/scratch/skremer/TE_World2-pilot/TE-Interaction-Experiments/LLLHHHH-LH/provenance-002-001.json,2026-08-30T13:32:53.345296+00:00
LLLHHHH-LH,3,10819213423247657123,te_extinction,399,290,state-003-001-0000350.gz,20812142,1349,compact_numpy_v1,ee6a78f884798442b70624bf215292b2aadfdf8d,/scratch/skremer/TE_World2-pilot/TE-Interaction-Experiments/LLLHHHH-LH/provenance-003-001.json,2026-08-30T13:32:53.352620+00:00
LLLHHHH-LL,1,4125193232423674317,te_extinction,131,296,state-001-001-0000100.gz,20812142,1344,compact_numpy_v1,ee6a78f884798442b70624bf215292b2aadfdf8d,/scratch/skremer/TE_World2-pilot/TE-Interaction-Experiments/LLLHHHH-LL/provenance-001-001.json,2026-08-30T13:32:53.312876+00:00
LLLHHHH-LL,2,16087750016792730026,host_extinction,9,0,state-002-001-0000000.gz,20812142,1345,compact_numpy_v1,ee6a78f884798442b70624bf215292b2aadfdf8d,/scratch/skremer/TE_World2-pilot/TE-Interaction-Experiments/LLLHHHH-LL/provenance-002-001.json,2026-08-30T13:32:53.320095+00:00
LLLHHHH-LL,3,1031865599819105483,host_extinction,8,0,state-003-001-0000000.gz,20812142,1346,compact_numpy_v1,ee6a78f884798442b70624bf215292b2aadfdf8d,/scratch/skremer/TE_World2-pilot/TE-Interaction-Experiments/LLLHHHH-LL/provenance-003-001.json,2026-08-30T13:32:53.327258+00:00
LLLHHHL-HH,1,5134004462303146674,host_extinction,9,0,state-001-001-0000000.gz,20812142,1365,compact_numpy_v1,ee6a78f884798442b70624bf215292b2aadfdf8d,/scratch/skremer/TE_World2-pilot/TE-Interaction-Experiments/LLLHHHL-HH/provenance-001-001.json,2026-08-30T13:32:53.442479+00:00
LLLHHHL-HH,2,9238231670134611907,host_extinction,10,0,state-002-001-0000000.gz,20812142,1366,compact_numpy_v1,ee6a78f884798442b70624bf215292b2aadfdf8d,/scratch/skremer/TE_World2-pilot/TE-Interaction-Experiments/LLLHHHL-HH/provenance-002-001.json,2026-08-30T13:32:53.444796+00:00
LLLHHHL-HH,3,3322414276514277975,host_extinction,17,0,state-003-001-0000000.gz,20812142,1367,compact_numpy_v1,ee6a78f884798442b70624bf215292b2aadfdf8d,/scratch/skremer/TE_World2-pilot/TE-Interaction-Experiments/LLLHHHL-HH/provenance-003-001.json,2026-08-30T13:32:53.449077+00:00
LLLHHHL-HL,1,4682678259688059648,host_extinction,8,0,state-001-001-0000000.gz,20812142,1362,compact_numpy_v1,ee6a78f884798442b70624bf215292b2aadfdf8d,/scratch/skremer/TE_World2-pilot/TE-Interaction-Experiments/LLLHHHL-HL/provenance-001-001.json,2026-08-30T13:32:53.427619+00:00
LLLHHHL-HL,2,15507061891806809907,te_extinction,767,30,state-002-001-0000750.gz,20812142,1363,compact_numpy_v1,ee6a78f884798442b70624bf215292b2aadfdf8d,/scratch/skremer/TE_World2-pilot/TE-Interaction-Experiments/LLLHHHL-HL/provenance-002-001.json,2026-08-30T13:32:53.430195+00:00
LLLHHHL-HL,3,2862749937363584614,host_extinction,9,0,state-003-001-0000000.gz,20812142,1364,compact_numpy_v1,ee6a78f884798442b70624bf215292b2aadfdf8d,/scratch/skremer/TE_World2-pilot/TE-Interaction-Experiments/LLLHHHL-HL/provenance-003-001.json,2026-08-30T13:32:53.439125+00:00
LLLHHHL-LH,1,11512857294864831092,host_extinction,10,0,state-001-001-0000000.gz,20812142,1359,compact_numpy_v1,ee6a78f884798442b70624bf215292b2aadfdf8d,/scratch/skremer/TE_World2-pilot/TE-Interaction-Experiments/LLLHHHL-LH/provenance-001-001.json,2026-08-30T13:32:53.414625+00:00
LLLHHHL-LH,2,3269652338836995165,host_extinction,8,0,state-002-001-0000000.gz,20812142,1360,compact_numpy_v1,ee6a78f884798442b70624bf215292b2aadfdf8d,/scratch/skremer/TE_World2-pilot/TE-Interaction-Experiments/LLLHHHL-LH/provenance-002-001.json,2026-08-30T13:32:53.420120+00:00
LLLHHHL-LH,3,17587385468138476407,host_extinction,11,0,state-003-001-0000000.gz,20812142,1361,compact_numpy_v1,ee6a78f884798442b70624bf215292b2aadfdf8d,/scratch/skremer/TE_World2-pilot/TE-Interaction-Experiments/LLLHHHL-LH/provenance-003-001.json,2026-08-30T13:32:53.424468+00:00
LLLHHHL-LL,1,5489633195730584965,host_extinction,7,0,state-001-001-0000000.gz,20812142,1356,compact_numpy_v1,ee6a78f884798442b70624bf215292b2aadfdf8d,/scratch/skremer/TE_World2-pilot/TE-Interaction-Experiments/LLLHHHL-LL/provenance-001-001.json,2026-08-30T13:32:53.400086+00:00
LLLHHHL-LL,2,1046748216622977371,host_extinction,7,0,state-002-001-0000000.gz,20812142,1357,compact_numpy_v1,ee6a78f884798442b70624bf215292b2aadfdf8d,/scratch/skremer/TE_World2-pilot/TE-Interaction-Experiments/LLLHHHL-LL/provenance-002-001.json,2026-08-30T13:32:53.404319+00:00
LLLHHHL-LL,3,1389800619625647487,host_extinction,7,0,state-003-001-0000000.gz,20812142,1358,compact_numpy_v1,ee6a78f884798442b70624bf215292b2aadfdf8d,/scratch/skremer/TE_World2-pilot/TE-Interaction-Experiments/LLLHHHL-LL/provenance-003-001.json,2026-08-30T13:32:53.406909+00:00
LLLHHLH-HH,1,16520892735507162958,te_extinction,395,293,state-001-001-0000350.gz,20812142,1377,compact_numpy_v1,ee6a78f884798442b70624bf215292b2aadfdf8d,/scratch/skremer/TE_World2-pilot/TE-Interaction-Experiments/LLLHHLH-HH/provenance-001-001.json,2026-08-30T13:32:53.522261+00:00
LLLHHLH-HH,2,16575879966718066818,maximum_generations,1500,284,state-002-001-0001500.gz,20812142,1378,compact_numpy_v1,ee6a78f884798442b70624bf215292b2aadfdf8d,/scratch/skremer/TE_World2-pilot/TE-Interaction-Experiments/LLLHHLH-HH/provenance-002-001.json,2026-08-30T13:32:53.528160+00:00
LLLHHLH-HH,3,5471737417268274588,te_extinction,1047,282,state-003-001-0001000.gz,20812142,1379,compact_numpy_v1,ee6a78f884798442b70624bf215292b2aadfdf8d,/scratch/skremer/TE_World2-pilot/TE-Interaction-Experiments/LLLHHLH-HH/provenance-003-001.json,2026-08-30T13:32:53.542945+00:00
LLLHHLH-HL,1,12730346504505721158,te_extinction,287,289,state-001-001-0000250.gz,20812142,1374,compact_numpy_v1,ee6a78f884798442b70624bf215292b2aadfdf8d,/scratch/skremer/TE_World2-pilot/TE-Interaction-Experiments/LLLHHLH-HL/provenance-001-001.json,2026-08-30T13:32:53.501441+00:00
LLLHHLH-HL,2,3072015649548043904,te_extinction,209,303,state-002-001-0000200.gz,20812142,1375,compact_numpy_v1,ee6a78f884798442b70624bf215292b2aadfdf8d,/scratch/skremer/TE_World2-pilot/TE-Interaction-Experiments/LLLHHLH-HL/provenance-002-001.json,2026-08-30T13:32:53.507492+00:00
LLLHHLH-HL,3,7828946777991273826,te_extinction,497,302,state-003-001-0000450.gz,20812142,1376,compact_numpy_v1,ee6a78f884798442b70624bf215292b2aadfdf8d,/scratch/skremer/TE_World2-pilot/TE-Interaction-Experiments/LLLHHLH-HL/provenance-003-001.json,2026-08-30T13:32:53.512112+00:00
LLLHHLH-LH,1,981830805354604545,te_extinction,1360,280,state-001-001-0001350.gz,20812142,1371,compact_numpy_v1,ee6a78f884798442b70624bf215292b2aadfdf8d,/scratch/skremer/TE_World2-pilot/TE-Interaction-Experiments/LLLHHLH-LH/provenance-001-001.json,2026-08-30T13:32:53.470427+00:00
LLLHHLH-LH,2,9386269335962788558,host_extinction,9,0,state-002-001-0000000.gz,20812142,1372,compact_numpy_v1,ee6a78f884798442b70624bf215292b2aadfdf8d,/scratch/skremer/TE_World2-pilot/TE-Interaction-Experiments/LLLHHLH-LH/provenance-002-001.json,2026-08-30T13:32:53.488529+00:00
LLLHHLH-LH,3,674696654556733772,te_extinction,369,309,state-003-001-0000350.gz,20812142,1373,compact_numpy_v1,ee6a78f884798442b70624bf215292b2aadfdf8d,/scratch/skremer/TE_World2-pilot/TE-Interaction-Experiments/LLLHHLH-LH/provenance-003-001.json,2026-08-30T13:32:53.494540+00:00
LLLHHLH-LL,1,7175098571500493421,te_extinction,227,294,state-001-001-0000200.gz,20812142,1368,compact_numpy_v1,ee6a78f884798442b70624bf215292b2aadfdf8d,/scratch/skremer/TE_World2-pilot/TE-Interaction-Experiments/LLLHHLH-LL/provenance-001-001.json,2026-08-30T13:32:53.452008+00:00
LLLHHLH-LL,2,6007866811960341368,te_extinction,415,300,state-002-001-0000400.gz,20812142,1369,compact_numpy_v1,ee6a78f884798442b70624bf215292b2aadfdf8d,/scratch/skremer/TE_World2-pilot/TE-Interaction-Experiments/LLLHHLH-LL/provenance-002-001.json,2026-08-30T13:32:53.456142+00:00
LLLHHLH-LL,3,1803900818482147494,te_extinction,353,309,state-003-001-0000350.gz,20812142,1370,compact_numpy_v1,ee6a78f884798442b70624bf215292b2aadfdf8d,/scratch/skremer/TE_World2-pilot/TE-Interaction-Experiments/LLLHHLH-LL/provenance-003-001.json,2026-08-30T13:32:53.461830+00:00
LLLHHLL-HH,1,1090493040717624371,host_extinction,7,0,state-001-001-0000000.gz,20812142,1389,compact_numpy_v1,ee6a78f884798442b70624bf215292b2aadfdf8d,/scratch/skremer/TE_World2-pilot/TE-Interaction-Experiments/LLLHHLL-HH/provenance-001-001.json,2026-08-30T13:32:53.592081+00:00
LLLHHLL-HH,2,13308471082347113326,host_extinction,11,0,state-002-001-0000000.gz,20812142,1390,compact_numpy_v1,ee6a78f884798442b70624bf215292b2aadfdf8d,/scratch/skremer/TE_World2-pilot/TE-Interaction-Experiments/LLLHHLL-HH/provenance-002-001.json,2026-08-30T13:32:53.595271+00:00
LLLHHLL-HH,3,17657093134219741357,host_extinction,9,0,state-003-001-0000000.gz,20812142,1391,compact_numpy_v1,ee6a78f884798442b70624bf215292b2aadfdf8d,/scratch/skremer/TE_World2-pilot/TE-Interaction-Experiments/LLLHHLL-HH/provenance-003-001.json,2026-08-30T13:32:53.600176+00:00
LLLHHLL-HL,1,6061485412605217283,te_extinction,375,29,state-001-001-0000350.gz,20812142,1386,compact_numpy_v1,ee6a78f884798442b70624bf215292b2aadfdf8d,/scratch/skremer/TE_World2-pilot/TE-Interaction-Experiments/LLLHHLL-HL/provenance-001-001.json,2026-08-30T13:32:53.579701+00:00
LLLHHLL-HL,2,1424622199381435997,host_extinction,8,0,state-002-001-0000000.gz,20812142,1387,compact_numpy_v1,ee6a78f884798442b70624bf215292b2aadfdf8d,/scratch/skremer/TE_World2-pilot/TE-Interaction-Experiments/LLLHHLL-HL/provenance-002-001.json,2026-08-30T13:32:53.586751+00:00
LLLHHLL-HL,3,1501979855644305789,host_extinction,8,0,state-003-001-0000000.gz,20812142,1388,compact_numpy_v1,ee6a78f884798442b70624bf215292b2aadfdf8d,/scratch/skremer/TE_World2-pilot/TE-Interaction-Experiments/LLLHHLL-HL/provenance-003-001.json,2026-08-30T13:32:53.589096+00:00
LLLHHLL-LH,1,4125293802432148625,host_extinction,9,0,state-001-001-0000000.gz,20812142,1383,compact_numpy_v1,ee6a78f884798442b70624bf215292b2aadfdf8d,/scratch/skremer/TE_World2-pilot/TE-Interaction-Experiments/LLLHHLL-LH/provenance-001-001.json,2026-08-30T13:32:53.569359+00:00
LLLHHLL-LH,2,6412176779572800658,host_extinction,8,0,state-002-001-0000000.gz,20812142,1384,compact_numpy_v1,ee6a78f884798442b70624bf215292b2aadfdf8d,/scratch/skremer/TE_World2-pilot/TE-Interaction-Experiments/LLLHHLL-LH/provenance-002-001.json,2026-08-30T13:32:53.572944+00:00
LLLHHLL-LH,3,8318118347472021115,host_extinction,7,0,state-003-001-0000000.gz,20812142,1385,compact_numpy_v1,ee6a78f884798442b70624bf215292b2aadfdf8d,/scratch/skremer/TE_World2-pilot/TE-Interaction-Experiments/LLLHHLL-LH/provenance-003-001.json,2026-08-30T13:32:53.576574+00:00
LLLHHLL-LL,1,7149312367481669430,host_extinction,8,0,state-001-001-0000000.gz,20812142,1380,compact_numpy_v1,ee6a78f884798442b70624bf215292b2aadfdf8d,/scratch/skremer/TE_World2-pilot/TE-Interaction-Experiments/LLLHHLL-LL/provenance-001-001.json,2026-08-30T13:32:53.555500+00:00
LLLHHLL-LL,2,959847640567015618,host_extinction,8,0,state-002-001-0000000.gz,20812142,1381,compact_numpy_v1,ee6a78f884798442b70624bf215292b2aadfdf8d,/scratch/skremer/TE_World2-pilot/TE-Interaction-Experiments/LLLHHLL-LL/provenance-002-001.json,2026-08-30T13:32:53.560178+00:00
LLLHHLL-LL,3,18019880283925148973,host_extinction,6,0,state-003-001-0000000.gz,20812142,1382,compact_numpy_v1,ee6a78f884798442b70624bf215292b2aadfdf8d,/scratch/skremer/TE_World2-pilot/TE-Interaction-Experiments/LLLHHLL-LL/provenance-003-001.json,2026-08-30T13:32:53.565439+00:00
LLLHLHH-HH,1,14899599922253875117,te_extinction,1114,303,state-001-001-0001100.gz,20812142,1401,compact_numpy_v1,ee6a78f884798442b70624bf215292b2aadfdf8d,/scratch/skremer/TE_World2-pilot/TE-Interaction-Experiments/LLLHLHH-HH/provenance-001-001.json,2026-08-30T13:32:53.665193+00:00
LLLHLHH-HH,2,12787910796335429947,te_extinction,380,313,state-002-001-0000350.gz,20812142,1402,compact_numpy_v1,ee6a78f884798442b70624bf215292b2aadfdf8d,/scratch/skremer/TE_World2-pilot/TE-Interaction-Experiments/LLLHLHH-HH/provenance-002-001.json,2026-08-30T13:32:53.680411+00:00
LLLHLHH-HH,3,10528898532659937491,te_extinction,126,296,state-003-001-0000100.gz,20812142,1403,compact_numpy_v1,ee6a78f884798442b70624bf215292b2aadfdf8d,/scratch/skremer/TE_World2-pilot/TE-Interaction-Experiments/LLLHLHH-HH/provenance-003-001.json,2026-08-30T13:32:53.686468+00:00
LLLHLHH-HL,1,11326565695818010151,te_extinction,115,300,state-001-001-0000100.gz,20812142,1398,compact_numpy_v1,ee6a78f884798442b70624bf215292b2aadfdf8d,/scratch/skremer/TE_World2-pilot/TE-Interaction-Experiments/LLLHLHH-HL/provenance-001-001.json,2026-08-30T13:32:53.649088+00:00
LLLHLHH-HL,2,16827296151585575611,te_extinction,155,296,state-002-001-0000150.gz,20812142,1399,compact_numpy_v1,ee6a78f884798442b70624bf215292b2aadfdf8d,/scratch/skremer/TE_World2-pilot/TE-Interaction-Experiments/LLLHLHH-HL/provenance-002-001.json,2026-08-30T13:32:53.655313+00:00
LLLHLHH-HL,3,6895917705352138497,te_extinction,127,280,state-003-001-0000100.gz,20812142,1400,compact_numpy_v1,ee6a78f884798442b70624bf215292b2aadfdf8d,/scratch/skremer/TE_World2-pilot/TE-Interaction-Experiments/LLLHLHH-HL/provenance-003-001.json,2026-08-30T13:32:53.659920+00:00
LLLHLHH-LH,1,4260819869423437777,te_extinction,356,316,state-001-001-0000350.gz,20812142,1395,compact_numpy_v1,ee6a78f884798442b70624bf215292b2aadfdf8d,/scratch/skremer/TE_World2-pilot/TE-Interaction-Experiments/LLLHLHH-LH/provenance-001-001.json,2026-08-30T13:32:53.625059+00:00
LLLHLHH-LH,2,1290652848339509253,te_extinction,1108,309,state-002-001-0001100.gz,20812142,1396,compact_numpy_v1,ee6a78f884798442b70624bf215292b2aadfdf8d,/scratch/skremer/TE_World2-pilot/TE-Interaction-Experiments/LLLHLHH-LH/provenance-002-001.json,2026-08-30T13:32:53.631205+00:00
LLLHLHH-LH,3,5963512526405227727,te_extinction,279,303,state-003-001-0000250.gz,20812142,1397,compact_numpy_v1,ee6a78f884798442b70624bf215292b2aadfdf8d,/scratch/skremer/TE_World2-pilot/TE-Interaction-Experiments/LLLHLHH-LH/provenance-003-001.json,2026-08-30T13:32:53.642944+00:00
LLLHLHH-LL,1,7442503534554907566,te_extinction,335,296,state-001-001-0000300.gz,20812142,1392,compact_numpy_v1,ee6a78f884798442b70624bf215292b2aadfdf8d,/scratch/skremer/TE_World2-pilot/TE-Interaction-Experiments/LLLHLHH-LL/provenance-001-001.json,2026-08-30T13:32:53.603681+00:00
LLLHLHH-LL,2,17776503347069468833,te_extinction,534,313,state-002-001-0000500.gz,20812142,1393,compact_numpy_v1,ee6a78f884798442b70624bf215292b2aadfdf8d,/scratch/skremer/TE_World2-pilot/TE-Interaction-Experiments/LLLHLHH-LL/provenance-002-001.json,2026-08-30T13:32:53.611486+00:00
LLLHLHH-LL,3,6672975751571667281,te_extinction,137,297,state-003-001-0000100.gz,20812142,1394,compact_numpy_v1,ee6a78f884798442b70624bf215292b2aadfdf8d,/scratch/skremer/TE_World2-pilot/TE-Interaction-Experiments/LLLHLHH-LL/provenance-003-001.json,2026-08-30T13:32:53.620017+00:00
LLLHLHL-HH,1,8120965608038636862,host_extinction,6,0,state-001-001-0000000.gz,20812142,1413,compact_numpy_v1,ee6a78f884798442b70624bf215292b2aadfdf8d,/scratch/skremer/TE_World2-pilot/TE-Interaction-Experiments/LLLHLHL-HH/provenance-001-001.json,2026-08-30T13:32:53.739965+00:00
LLLHLHL-HH,2,14397142757399662092,host_extinction,6,0,state-002-001-0000000.gz,20812142,1414,compact_numpy_v1,ee6a78f884798442b70624bf215292b2aadfdf8d,/scratch/skremer/TE_World2-pilot/TE-Interaction-Experiments/LLLHLHL-HH/provenance-002-001.json,2026-08-30T13:32:53.743442+00:00
LLLHLHL-HH,3,14438707529675697530,host_extinction,7,0,state-003-001-0000000.gz,20812142,1415,compact_numpy_v1,ee6a78f884798442b70624bf215292b2aadfdf8d,/scratch/skremer/TE_World2-pilot/TE-Interaction-Experiments/LLLHLHL-HH/provenance-003-001.json,2026-08-30T13:32:53.751198+00:00
LLLHLHL-HL,1,6584101721907094746,host_extinction,5,0,state-001-001-0000000.gz,20812142,1410,compact_numpy_v1,ee6a78f884798442b70624bf215292b2aadfdf8d,/scratch/skremer/TE_World2-pilot/TE-Interaction-Experiments/LLLHLHL-HL/provenance-001-001.json,2026-08-30T13:32:53.724913+00:00
LLLHLHL-HL,2,13977704520280701375,te_extinction,271,25,state-002-001-0000250.gz,20812142,1411,compact_numpy_v1,ee6a78f884798442b70624bf215292b2aadfdf8d,/scratch/skremer/TE_World2-pilot/TE-Interaction-Experiments/LLLHLHL-HL/provenance-002-001.json,2026-08-30T13:32:53.727960+00:00
LLLHLHL-HL,3,3061616152596553961,te_extinction,214,26,state-003-001-0000200.gz,20812142,1412,compact_numpy_v1,ee6a78f884798442b70624bf215292b2aadfdf8d,/scratch/skremer/TE_World2-pilot/TE-Interaction-Experiments/LLLHLHL-HL/provenance-003-001.json,2026-08-30T13:32:53.734736+00:00
LLLHLHL-LH,1,17680101667092538773,host_extinction,6,0,state-001-001-0000000.gz,20812142,1407,compact_numpy_v1,ee6a78f884798442b70624bf215292b2aadfdf8d,/scratch/skremer/TE_World2-pilot/TE-Interaction-Experiments/LLLHLHL-LH/provenance-001-001.json,2026-08-30T13:32:53.710500+00:00
LLLHLHL-LH,2,7011723666716778322,te_extinction,316,21,state-002-001-0000300.gz,20812142,1408,compact_numpy_v1,ee6a78f884798442b70624bf215292b2aadfdf8d,/scratch/skremer/TE_World2-pilot/TE-Interaction-Experiments/LLLHLHL-LH/provenance-002-001.json,2026-08-30T13:32:53.715260+00:00
LLLHLHL-LH,3,12317196040017138096,host_extinction,6,0,state-003-001-0000000.gz,20812142,1409,compact_numpy_v1,ee6a78f884798442b70624bf215292b2aadfdf8d,/scratch/skremer/TE_World2-pilot/TE-Interaction-Experiments/LLLHLHL-LH/provenance-003-001.json,2026-08-30T13:32:53.721494+00:00
LLLHLHL-LL,1,12002659053558547502,te_extinction,286,27,state-001-001-0000250.gz,20812142,1404,compact_numpy_v1,ee6a78f884798442b70624bf215292b2aadfdf8d,/scratch/skremer/TE_World2-pilot/TE-Interaction-Experiments/LLLHLHL-LL/provenance-001-001.json,2026-08-30T13:32:53.695011+00:00
LLLHLHL-LL,2,6567486835932255161,te_extinction,227,30,state-002-001-0000200.gz,20812142,1405,compact_numpy_v1,ee6a78f884798442b70624bf215292b2aadfdf8d,/scratch/skremer/TE_World2-pilot/TE-Interaction-Experiments/LLLHLHL-LL/provenance-002-001.json,2026-08-30T13:32:53.701487+00:00
LLLHLHL-LL,3,8643883972735821507,host_extinction,5,0,state-003-001-0000000.gz,20812142,1406,compact_numpy_v1,ee6a78f884798442b70624bf215292b2aadfdf8d,/scratch/skremer/TE_World2-pilot/TE-Interaction-Experiments/LLLHLHL-LL/provenance-003-001.json,2026-08-30T13:32:53.706694+00:00
LLLHLLH-HH,1,9302492704797554695,te_extinction,500,308,state-001-001-0000450.gz,20812142,1425,compact_numpy_v1,ee6a78f884798442b70624bf215292b2aadfdf8d,/scratch/skremer/TE_World2-pilot/TE-Interaction-Experiments/LLLHLLH-HH/provenance-001-001.json,2026-08-30T13:32:53.823677+00:00
LLLHLLH-HH,2,11218231822076131220,host_extinction,11,0,state-002-001-0000000.gz,20812142,1426,compact_numpy_v1,ee6a78f884798442b70624bf215292b2aadfdf8d,/scratch/skremer/TE_World2-pilot/TE-Interaction-Experiments/LLLHLLH-HH/provenance-002-001.json,2026-08-30T13:32:53.832942+00:00
LLLHLLH-HH,3,16247419445454090657,te_extinction,289,303,state-003-001-0000250.gz,20812142,1427,compact_numpy_v1,ee6a78f884798442b70624bf215292b2aadfdf8d,/scratch/skremer/TE_World2-pilot/TE-Interaction-Experiments/LLLHLLH-HH/provenance-003-001.json,2026-08-30T13:32:53.838763+00:00
LLLHLLH-HL,1,12961295535755332834,te_extinction,360,294,state-001-001-0000350.gz,20812142,1422,compact_numpy_v1,ee6a78f884798442b70624bf215292b2aadfdf8d,/scratch/skremer/TE_World2-pilot/TE-Interaction-Experiments/LLLHLLH-HL/provenance-001-001.json,2026-08-30T13:32:53.807340+00:00
LLLHLLH-HL,2,4965648209444016741,te_extinction,358,304,state-002-001-0000350.gz,20812142,1423,compact_numpy_v1,ee6a78f884798442b70624bf215292b2aadfdf8d,/scratch/skremer/TE_World2-pilot/TE-Interaction-Experiments/LLLHLLH-HL/provenance-002-001.json,2026-08-30T13:32:53.813236+00:00
LLLHLLH-HL,3,15211484648412905222,host_extinction,9,0,state-003-001-0000000.gz,20812142,1424,compact_numpy_v1,ee6a78f884798442b70624bf215292b2aadfdf8d,/scratch/skremer/TE_World2-pilot/TE-Interaction-Experiments/LLLHLLH-HL/provenance-003-001.json,2026-08-30T13:32:53.819419+00:00
LLLHLLH-LH,1,9912610585220665179,host_extinction,9,0,state-001-001-0000000.gz,20812142,1419,compact_numpy_v1,ee6a78f884798442b70624bf215292b2aadfdf8d,/scratch/skremer/TE_World2-pilot/TE-Interaction-Experiments/LLLHLLH-LH/provenance-001-001.json,2026-08-30T13:32:53.779157+00:00
LLLHLLH-LH,2,9568361490548100936,te_extinction,883,311,state-002-001-0000850.gz,20812142,1420,compact_numpy_v1,ee6a78f884798442b70624bf215292b2aadfdf8d,/scratch/skremer/TE_World2-pilot/TE-Interaction-Experiments/LLLHLLH-LH/provenance-002-001.json,2026-08-30T13:32:53.783206+00:00
LLLHLLH-LH,3,6823360713854819307,te_extinction,829,303,state-003-001-0000800.gz,20812142,1421,compact_numpy_v1,ee6a78f884798442b70624bf215292b2aadfdf8d,/scratch/skremer/TE_World2-pilot/TE-Interaction-Experiments/LLLHLLH-LH/provenance-003-001.json,2026-08-30T13:32:53.795300+00:00
LLLHLLH-LL,1,4581088306307182597,te_extinction,415,294,state-001-001-0000400.gz,20812142,1416,compact_numpy_v1,ee6a78f884798442b70624bf215292b2aadfdf8d,/scratch/skremer/TE_World2-pilot/TE-Interaction-Experiments/LLLHLLH-LL/provenance-001-001.json,2026-08-30T13:32:53.755319+00:00
LLLHLLH-LL,2,16053488110952645022,te_extinction,583,290,state-002-001-0000550.gz,20812142,1417,compact_numpy_v1,ee6a78f884798442b70624bf215292b2aadfdf8d,/scratch/skremer/TE_World2-pilot/TE-Interaction-Experiments/LLLHLLH-LL/provenance-002-001.json,2026-08-30T13:32:53.762816+00:00
LLLHLLH-LL,3,18201745057806239979,te_extinction,245,321,state-003-001-0000200.gz,20812142,1418,compact_numpy_v1,ee6a78f884798442b70624bf215292b2aadfdf8d,/scratch/skremer/TE_World2-pilot/TE-Interaction-Experiments/LLLHLLH-LL/provenance-003-001.json,2026-08-30T13:32:53.772236+00:00
LLLHLLL-HH,1,12877826777952556160,host_extinction,8,0,state-001-001-0000000.gz,20812142,1437,compact_numpy_v1,ee6a78f884798442b70624bf215292b2aadfdf8d,/scratch/skremer/TE_World2-pilot/TE-Interaction-Experiments/LLLHLLL-HH/provenance-001-001.json,2026-08-30T13:32:53.900686+00:00
LLLHLLL-HH,2,5167773106291272619,host_extinction,7,0,state-002-001-0000000.gz,20812142,1438,compact_numpy_v1,ee6a78f884798442b70624bf215292b2aadfdf8d,/scratch/skremer/TE_World2-pilot/TE-Interaction-Experiments/LLLHLLL-HH/provenance-002-001.json,2026-08-30T13:32:53.905339+00:00
LLLHLLL-HH,3,398859741439066282,host_extinction,8,0,state-003-001-0000000.gz,20812142,1439,compact_numpy_v1,ee6a78f884798442b70624bf215292b2aadfdf8d,/scratch/skremer/TE_World2-pilot/TE-Interaction-Experiments/LLLHLLL-HH/provenance-003-001.json,2026-08-30T13:32:53.910077+00:00
LLLHLLL-HL,1,14947489154181657025,host_extinction,5,0,state-001-001-0000000.gz,20812142,1434,compact_numpy_v1,ee6a78f884798442b70624bf215292b2aadfdf8d,/scratch/skremer/TE_World2-pilot/TE-Interaction-Experiments/LLLHLLL-HL/provenance-001-001.json,2026-08-30T13:32:53.875643+00:00
LLLHLLL-HL,2,1676459165206292699,host_extinction,12,0,state-002-001-0000000.gz,20812142,1435,compact_numpy_v1,ee6a78f884798442b70624bf215292b2aadfdf8d,/scratch/skremer/TE_World2-pilot/TE-Interaction-Experiments/LLLHLLL-HL/provenance-002-001.json,2026-08-30T13:32:53.883918+00:00
LLLHLLL-HL,3,774533081761056893,host_extinction,6,0,state-003-001-0000000.gz,20812142,1436,compact_numpy_v1,ee6a78f884798442b70624bf215292b2aadfdf8d,/scratch/skremer/TE_World2-pilot/TE-Interaction-Experiments/LLLHLLL-HL/provenance-003-001.json,2026-08-30T13:32:53.891314+00:00
LLLHLLL-LH,1,10617341861012212819,host_extinction,7,0,state-001-001-0000000.gz,20812142,1431,compact_numpy_v1,ee6a78f884798442b70624bf215292b2aadfdf8d,/scratch/skremer/TE_World2-pilot/TE-Interaction-Experiments/LLLHLLL-LH/provenance-001-001.json,2026-08-30T13:32:53.861022+00:00
LLLHLLL-LH,2,13213757225895563892,host_extinction,6,0,state-002-001-0000000.gz,20812142,1432,compact_numpy_v1,ee6a78f884798442b70624bf215292b2aadfdf8d,/scratch/skremer/TE_World2-pilot/TE-Interaction-Experiments/LLLHLLL-LH/provenance-002-001.json,2026-08-30T13:32:53.865722+00:00
LLLHLLL-LH,3,8998947356977094173,host_extinction,5,0,state-003-001-0000000.gz,20812142,1433,compact_numpy_v1,ee6a78f884798442b70624bf215292b2aadfdf8d,/scratch/skremer/TE_World2-pilot/TE-Interaction-Experiments/LLLHLLL-LH/provenance-003-001.json,2026-08-30T13:32:53.870833+00:00
LLLHLLL-LL,1,17603839578713113611,host_extinction,7,0,state-001-001-0000000.gz,20812142,1428,compact_numpy_v1,ee6a78f884798442b70624bf215292b2aadfdf8d,/scratch/skremer/TE_World2-pilot/TE-Interaction-Experiments/LLLHLLL-LL/provenance-001-001.json,2026-08-30T13:32:53.846398+00:00
LLLHLLL-LL,2,14566712142500503510,host_extinction,6,0,state-002-001-0000000.gz,20812142,1429,compact_numpy_v1,ee6a78f884798442b70624bf215292b2aadfdf8d,/scratch/skremer/TE_World2-pilot/TE-Interaction-Experiments/LLLHLLL-LL/provenance-002-001.json,2026-08-30T13:32:53.849902+00:00
LLLHLLL-LL,3,13822574173513058119,host_extinction,6,0,state-003-001-0000000.gz,20812142,1430,compact_numpy_v1,ee6a78f884798442b70624bf215292b2aadfdf8d,/scratch/skremer/TE_World2-pilot/TE-Interaction-Experiments/LLLHLLL-LL/provenance-003-001.json,2026-08-30T13:32:53.853527+00:00
LLLLHHH-HH,1,14875172740628134755,te_extinction,814,282,state-001-001-0000800.gz,20812142,1449,compact_numpy_v1,ee6a78f884798442b70624bf215292b2aadfdf8d,/scratch/skremer/TE_World2-pilot/TE-Interaction-Experiments/LLLLHHH-HH/provenance-001-001.json,2026-08-30T13:32:53.972216+00:00
LLLLHHH-HH,2,3600022703476174791,te_extinction,443,287,state-002-001-0000400.gz,20812142,1450,compact_numpy_v1,ee6a78f884798442b70624bf215292b2aadfdf8d,/scratch/skremer/TE_World2-pilot/TE-Interaction-Experiments/LLLLHHH-HH/provenance-002-001.json,2026-08-30T13:32:53.981268+00:00
LLLLHHH-HH,3,10120787650282203578,checkpointed,355,299,state-003-001-0000355.gz,20812142,1451,compact_numpy_v1,ee6a78f884798442b70624bf215292b2aadfdf8d,/scratch/skremer/TE_World2-pilot/TE-Interaction-Experiments/LLLLHHH-HH/provenance-003-001.json,2026-08-30T13:32:53.991162+00:00
LLLLHHH-HL,1,15170912189226490178,te_extinction,455,309,state-001-001-0000450.gz,20812142,1446,compact_numpy_v1,ee6a78f884798442b70624bf215292b2aadfdf8d,/scratch/skremer/TE_World2-pilot/TE-Interaction-Experiments/LLLLHHH-HL/provenance-001-001.json,2026-08-30T13:32:53.956034+00:00
LLLLHHH-HL,2,9988369583857084665,checkpointed,334,291,state-002-001-0000334.gz,20812142,1447,compact_numpy_v1,ee6a78f884798442b70624bf215292b2aadfdf8d,/scratch/skremer/TE_World2-pilot/TE-Interaction-Experiments/LLLLHHH-HL/provenance-002-001.json,2026-08-30T13:32:53.962596+00:00
LLLLHHH-HL,3,3197831048355423218,te_extinction,147,291,state-003-001-0000100.gz,20812142,1448,compact_numpy_v1,ee6a78f884798442b70624bf215292b2aadfdf8d,/scratch/skremer/TE_World2-pilot/TE-Interaction-Experiments/LLLLHHH-HL/provenance-003-001.json,2026-08-30T13:32:53.968446+00:00
LLLLHHH-LH,1,3081658717990307039,host_extinction,18,0,state-001-001-0000000.gz,20812142,1443,compact_numpy_v1,ee6a78f884798442b70624bf215292b2aadfdf8d,/scratch/skremer/TE_World2-pilot/TE-Interaction-Experiments/LLLLHHH-LH/provenance-001-001.json,2026-08-30T13:32:53.943858+00:00
LLLLHHH-LH,2,6431087955743456907,host_extinction,15,0,state-002-001-0000000.gz,20812142,1444,compact_numpy_v1,ee6a78f884798442b70624bf215292b2aadfdf8d,/scratch/skremer/TE_World2-pilot/TE-Interaction-Experiments/LLLLHHH-LH/provenance-002-001.json,2026-08-30T13:32:53.948556+00:00
LLLLHHH-LH,3,18359551505890010252,host_extinction,15,0,state-003-001-0000000.gz,20812142,1445,compact_numpy_v1,ee6a78f884798442b70624bf215292b2aadfdf8d,/scratch/skremer/TE_World2-pilot/TE-Interaction-Experiments/LLLLHHH-LH/provenance-003-001.json,2026-08-30T13:32:53.952880+00:00
LLLLHHH-LL,1,8127598928783050483,te_extinction,552,312,state-001-001-0000550.gz,20812142,1440,compact_numpy_v1,ee6a78f884798442b70624bf215292b2aadfdf8d,/scratch/skremer/TE_World2-pilot/TE-Interaction-Experiments/LLLLHHH-LL/provenance-001-001.json,2026-08-30T13:32:53.916515+00:00
LLLLHHH-LL,2,10952578849988302965,te_extinction,268,303,state-002-001-0000250.gz,20812142,1441,compact_numpy_v1,ee6a78f884798442b70624bf215292b2aadfdf8d,/scratch/skremer/TE_World2-pilot/TE-Interaction-Experiments/LLLLHHH-LL/provenance-002-001.json,2026-08-30T13:32:53.925957+00:00
LLLLHHH-LL,3,12711336720311296933,te_extinction,452,308,state-003-001-0000450.gz,20812142,1442,compact_numpy_v1,ee6a78f884798442b70624bf215292b2aadfdf8d,/scratch/skremer/TE_World2-pilot/TE-Interaction-Experiments/LLLLHHH-LL/provenance-003-001.json,2026-08-30T13:32:53.932913+00:00
LLLLHHL-HH,1,7882289331069611934,maximum_generations,1500,29,state-001-001-0001500.gz,20812142,1461,compact_numpy_v1,ee6a78f884798442b70624bf215292b2aadfdf8d,/scratch/skremer/TE_World2-pilot/TE-Interaction-Experiments/LLLLHHL-HH/provenance-001-001.json,2026-08-30T13:32:54.045168+00:00
LLLLHHL-HH,2,16887495303607428267,maximum_generations,1500,31,state-002-001-0001500.gz,20812142,1462,compact_numpy_v1,ee6a78f884798442b70624bf215292b2aadfdf8d,/scratch/skremer/TE_World2-pilot/TE-Interaction-Experiments/LLLLHHL-HH/provenance-002-001.json,2026-08-30T13:32:54.061181+00:00
LLLLHHL-HH,3,17816333805080518303,maximum_generations,1500,30,state-003-001-0001500.gz,20812142,1463,compact_numpy_v1,ee6a78f884798442b70624bf215292b2aadfdf8d,/scratch/skremer/TE_World2-pilot/TE-Interaction-Experiments/LLLLHHL-HH/provenance-003-001.json,2026-08-30T13:32:54.079554+00:00
LLLLHHL-HL,1,11744884066212927832,host_extinction,18,0,state-001-001-0000000.gz,20812142,1458,compact_numpy_v1,ee6a78f884798442b70624bf215292b2aadfdf8d,/scratch/skremer/TE_World2-pilot/TE-Interaction-Experiments/LLLLHHL-HL/provenance-001-001.json,2026-08-30T13:32:54.019314+00:00
LLLLHHL-HL,2,744656025563195627,maximum_generations,1500,26,state-002-001-0001500.gz,20812142,1459,compact_numpy_v1,ee6a78f884798442b70624bf215292b2aadfdf8d,/scratch/skremer/TE_World2-pilot/TE-Interaction-Experiments/LLLLHHL-HL/provenance-002-001.json,2026-08-30T13:32:54.021690+00:00
LLLLHHL-HL,3,7648326330544489094,te_extinction,150,32,state-003-001-0000100.gz,20812142,1460,compact_numpy_v1,ee6a78f884798442b70624bf215292b2aadfdf8d,/scratch/skremer/TE_World2-pilot/TE-Interaction-Experiments/LLLLHHL-HL/provenance-003-001.json,2026-08-30T13:32:54.041422+00:00
LLLLHHL-LH,1,13488456662842430333,host_extinction,12,0,state-001-001-0000000.gz,20812142,1455,compact_numpy_v1,ee6a78f884798442b70624bf215292b2aadfdf8d,/scratch/skremer/TE_World2-pilot/TE-Interaction-Experiments/LLLLHHL-LH/provenance-001-001.json,2026-08-30T13:32:54.008480+00:00
LLLLHHL-LH,2,16495108271703247406,host_extinction,12,0,state-002-001-0000000.gz,20812142,1456,compact_numpy_v1,ee6a78f884798442b70624bf215292b2aadfdf8d,/scratch/skremer/TE_World2-pilot/TE-Interaction-Experiments/LLLLHHL-LH/provenance-002-001.json,2026-08-30T13:32:54.011267+00:00
LLLLHHL-LH,3,16564977472635219774,host_extinction,10,0,state-003-001-0000000.gz,20812142,1457,compact_numpy_v1,ee6a78f884798442b70624bf215292b2aadfdf8d,/scratch/skremer/TE_World2-pilot/TE-Interaction-Experiments/LLLLHHL-LH/provenance-003-001.json,2026-08-30T13:32:54.014007+00:00
LLLLHHL-LL,1,12751034615051507670,host_extinction,12,0,state-001-001-0000000.gz,20812142,1452,compact_numpy_v1,ee6a78f884798442b70624bf215292b2aadfdf8d,/scratch/skremer/TE_World2-pilot/TE-Interaction-Experiments/LLLLHHL-LL/provenance-001-001.json,2026-08-30T13:32:53.997247+00:00
LLLLHHL-LL,2,13124181850820071967,host_extinction,13,0,state-002-001-0000000.gz,20812142,1453,compact_numpy_v1,ee6a78f884798442b70624bf215292b2aadfdf8d,/scratch/skremer/TE_World2-pilot/TE-Interaction-Experiments/LLLLHHL-LL/provenance-002-001.json,2026-08-30T13:32:53.999987+00:00
LLLLHHL-LL,3,4404386850064537488,host_extinction,12,0,state-003-001-0000000.gz,20812142,1454,compact_numpy_v1,ee6a78f884798442b70624bf215292b2aadfdf8d,/scratch/skremer/TE_World2-pilot/TE-Interaction-Experiments/LLLLHHL-LL/provenance-003-001.json,2026-08-30T13:32:54.004928+00:00
LLLLHLH-HH,1,16395604720858661092,te_extinction,499,311,state-001-001-0000450.gz,20812142,1473,compact_numpy_v1,ee6a78f884798442b70624bf215292b2aadfdf8d,/scratch/skremer/TE_World2-pilot/TE-Interaction-Experiments/LLLLHLH-HH/provenance-001-001.json,2026-08-30T13:32:54.144324+00:00
LLLLHLH-HH,2,3842177234163532593,te_extinction,983,289,state-002-001-0000950.gz,20812142,1474,compact_numpy_v1,ee6a78f884798442b70624bf215292b2aadfdf8d,/scratch/skremer/TE_World2-pilot/TE-Interaction-Experiments/LLLLHLH-HH/provenance-002-001.json,2026-08-30T13:32:54.151178+00:00
LLLLHLH-HH,3,17867403853971634265,te_extinction,765,303,state-003-001-0000750.gz,20812142,1475,compact_numpy_v1,ee6a78f884798442b70624bf215292b2aadfdf8d,/scratch/skremer/TE_World2-pilot/TE-Interaction-Experiments/LLLLHLH-HH/provenance-003-001.json,2026-08-30T13:32:54.161801+00:00
LLLLHLH-HL,1,8199673096064033487,te_extinction,393,313,state-001-001-0000350.gz,20812142,1470,compact_numpy_v1,ee6a78f884798442b70624bf215292b2aadfdf8d,/scratch/skremer/TE_World2-pilot/TE-Interaction-Experiments/LLLLHLH-HL/provenance-001-001.json,2026-08-30T13:32:54.126690+00:00
LLLLHLH-HL,2,337499892512877070,te_extinction,360,307,state-002-001-0000350.gz,20812142,1471,compact_numpy_v1,ee6a78f884798442b70624bf215292b2aadfdf8d,/scratch/skremer/TE_World2-pilot/TE-Interaction-Experiments/LLLLHLH-HL/provenance-002-001.json,2026-08-30T13:32:54.133904+00:00
LLLLHLH-HL,3,12199734531290167970,te_extinction,387,311,state-003-001-0000350.gz,20812142,1472,compact_numpy_v1,ee6a78f884798442b70624bf215292b2aadfdf8d,/scratch/skremer/TE_World2-pilot/TE-Interaction-Experiments/LLLLHLH-HL/provenance-003-001.json,2026-08-30T13:32:54.138710+00:00
LLLLHLH-LH,1,6217650055919533935,host_extinction,15,0,state-001-001-0000000.gz,20812142,1467,compact_numpy_v1,ee6a78f884798442b70624bf215292b2aadfdf8d,/scratch/skremer/TE_World2-pilot/TE-Interaction-Experiments/LLLLHLH-LH/provenance-001-001.json,2026-08-30T13:32:54.110157+00:00
LLLLHLH-LH,2,17132901806786996767,host_extinction,15,0,state-002-001-0000000.gz,20812142,1468,compact_numpy_v1,ee6a78f884798442b70624bf215292b2aadfdf8d,/scratch/skremer/TE_World2-pilot/TE-Interaction-Experiments/LLLLHLH-LH/provenance-002-001.json,2026-08-30T13:32:54.113353+00:00
LLLLHLH-LH,3,17599003756501419977,te_extinction,835,299,state-003-001-0000800.gz,20812142,1469,compact_numpy_v1,ee6a78f884798442b70624bf215292b2aadfdf8d,/scratch/skremer/TE_World2-pilot/TE-Interaction-Experiments/LLLLHLH-LH/provenance-003-001.json,2026-08-30T13:32:54.116922+00:00
LLLLHLH-LL,1,2363842192956475498,te_extinction,316,284,state-001-001-0000300.gz,20812142,1464,compact_numpy_v1,ee6a78f884798442b70624bf215292b2aadfdf8d,/scratch/skremer/TE_World2-pilot/TE-Interaction-Experiments/LLLLHLH-LL/provenance-001-001.json,2026-08-30T13:32:54.096656+00:00
LLLLHLH-LL,2,8984872851104954666,host_extinction,13,0,state-002-001-0000000.gz,20812142,1465,compact_numpy_v1,ee6a78f884798442b70624bf215292b2aadfdf8d,/scratch/skremer/TE_World2-pilot/TE-Interaction-Experiments/LLLLHLH-LL/provenance-002-001.json,2026-08-30T13:32:54.103144+00:00
LLLLHLH-LL,3,8983646659308705325,host_extinction,14,0,state-003-001-0000000.gz,20812142,1466,compact_numpy_v1,ee6a78f884798442b70624bf215292b2aadfdf8d,/scratch/skremer/TE_World2-pilot/TE-Interaction-Experiments/LLLLHLH-LL/provenance-003-001.json,2026-08-30T13:32:54.107049+00:00
LLLLHLL-HH,1,142993095606390916,maximum_generations,1500,26,state-001-001-0001500.gz,20812142,1485,compact_numpy_v1,ee6a78f884798442b70624bf215292b2aadfdf8d,/scratch/skremer/TE_World2-pilot/TE-Interaction-Experiments/LLLLHLL-HH/provenance-001-001.json,2026-08-30T13:32:54.222794+00:00
LLLLHLL-HH,2,9186552579724753356,maximum_generations,1500,34,state-002-001-0001500.gz,20812142,1486,compact_numpy_v1,ee6a78f884798442b70624bf215292b2aadfdf8d,/scratch/skremer/TE_World2-pilot/TE-Interaction-Experiments/LLLLHLL-HH/provenance-002-001.json,2026-08-30T13:32:54.238424+00:00
LLLLHLL-HH,3,10671920100496781,maximum_generations,1500,27,state-003-001-0001500.gz,20812142,1487,compact_numpy_v1,ee6a78f884798442b70624bf215292b2aadfdf8d,/scratch/skremer/TE_World2-pilot/TE-Interaction-Experiments/LLLLHLL-HH/provenance-003-001.json,2026-08-30T13:32:54.254356+00:00
LLLLHLL-HL,1,9462757774613485177,maximum_generations,1500,33,state-001-001-0001500.gz,20812142,1482,compact_numpy_v1,ee6a78f884798442b70624bf215292b2aadfdf8d,/scratch/skremer/TE_World2-pilot/TE-Interaction-Experiments/LLLLHLL-HL/provenance-001-001.json,2026-08-30T13:32:54.198079+00:00
LLLLHLL-HL,2,15183184843850705811,te_extinction,245,29,state-002-001-0000200.gz,20812142,1483,compact_numpy_v1,ee6a78f884798442b70624bf215292b2aadfdf8d,/scratch/skremer/TE_World2-pilot/TE-Interaction-Experiments/LLLLHLL-HL/provenance-002-001.json,2026-08-30T13:32:54.214401+00:00
LLLLHLL-HL,3,9177278517009277136,host_extinction,22,0,state-003-001-0000000.gz,20812142,1484,compact_numpy_v1,ee6a78f884798442b70624bf215292b2aadfdf8d,/scratch/skremer/TE_World2-pilot/TE-Interaction-Experiments/LLLLHLL-HL/provenance-003-001.json,2026-08-30T13:32:54.219430+00:00
LLLLHLL-LH,1,4329655411219884926,host_extinction,13,0,state-001-001-0000000.gz,20812142,1479,compact_numpy_v1,ee6a78f884798442b70624bf215292b2aadfdf8d,/scratch/skremer/TE_World2-pilot/TE-Interaction-Experiments/LLLLHLL-LH/provenance-001-001.json,2026-08-30T13:32:54.188851+00:00
LLLLHLL-LH,2,2961115322826095034,host_extinction,13,0,state-002-001-0000000.gz,20812142,1480,compact_numpy_v1,ee6a78f884798442b70624bf215292b2aadfdf8d,/scratch/skremer/TE_World2-pilot/TE-Interaction-Experiments/LLLLHLL-LH/provenance-002-001.json,2026-08-30T13:32:54.191516+00:00
LLLLHLL-LH,3,836457531605817116,host_extinction,14,0,state-003-001-0000000.gz,20812142,1481,compact_numpy_v1,ee6a78f884798442b70624bf215292b2aadfdf8d,/scratch/skremer/TE_World2-pilot/TE-Interaction-Experiments/LLLLHLL-LH/provenance-003-001.json,2026-08-30T13:32:54.195108+00:00
LLLLHLL-LL,1,7631787408675118955,te_extinction,188,30,state-001-001-0000150.gz,20812142,1476,compact_numpy_v1,ee6a78f884798442b70624bf215292b2aadfdf8d,/scratch/skremer/TE_World2-pilot/TE-Interaction-Experiments/LLLLHLL-LL/provenance-001-001.json,2026-08-30T13:32:54.173496+00:00
LLLLHLL-LL,2,2487726489259058296,host_extinction,12,0,state-002-001-0000000.gz,20812142,1477,compact_numpy_v1,ee6a78f884798442b70624bf215292b2aadfdf8d,/scratch/skremer/TE_World2-pilot/TE-Interaction-Experiments/LLLLHLL-LL/provenance-002-001.json,2026-08-30T13:32:54.181622+00:00
LLLLHLL-LL,3,1774197384632658473,host_extinction,11,0,state-003-001-0000000.gz,20812142,1478,compact_numpy_v1,ee6a78f884798442b70624bf215292b2aadfdf8d,/scratch/skremer/TE_World2-pilot/TE-Interaction-Experiments/LLLLHLL-LL/provenance-003-001.json,2026-08-30T13:32:54.185964+00:00
LLLLLHH-HH,1,17615129768993494802,te_extinction,292,303,state-001-001-0000250.gz,20812142,1497,compact_numpy_v1,ee6a78f884798442b70624bf215292b2aadfdf8d,/scratch/skremer/TE_World2-pilot/TE-Interaction-Experiments/LLLLLHH-HH/provenance-001-001.json,2026-08-30T13:32:54.320831+00:00
LLLLLHH-HH,2,1186194361225864579,host_extinction,16,0,state-002-001-0000000.gz,20812142,1498,compact_numpy_v1,ee6a78f884798442b70624bf215292b2aadfdf8d,/scratch/skremer/TE_World2-pilot/TE-Interaction-Experiments/LLLLLHH-HH/provenance-002-001.json,2026-08-30T13:32:54.330192+00:00
LLLLLHH-HH,3,10812506382899766899,te_extinction,637,318,state-003-001-0000600.gz,20812142,1499,compact_numpy_v1,ee6a78f884798442b70624bf215292b2aadfdf8d,/scratch/skremer/TE_World2-pilot/TE-Interaction-Experiments/LLLLLHH-HH/provenance-003-001.json,2026-08-30T13:32:54.333207+00:00
LLLLLHH-HL,1,9888940825077976833,te_extinction,552,305,state-001-001-0000550.gz,20812142,1494,compact_numpy_v1,ee6a78f884798442b70624bf215292b2aadfdf8d,/scratch/skremer/TE_World2-pilot/TE-Interaction-Experiments/LLLLLHH-HL/provenance-001-001.json,2026-08-30T13:32:54.300832+00:00
LLLLLHH-HL,2,4557124204813202367,te_extinction,574,306,state-002-001-0000550.gz,20812142,1495,compact_numpy_v1,ee6a78f884798442b70624bf215292b2aadfdf8d,/scratch/skremer/TE_World2-pilot/TE-Interaction-Experiments/LLLLLHH-HL/provenance-002-001.json,2026-08-30T13:32:54.308768+00:00
LLLLLHH-HL,3,18156463783040262520,te_extinction,129,293,state-003-001-0000100.gz,20812142,1496,compact_numpy_v1,ee6a78f884798442b70624bf215292b2aadfdf8d,/scratch/skremer/TE_World2-pilot/TE-Interaction-Experiments/LLLLLHH-HL/provenance-003-001.json,2026-08-30T13:32:54.316074+00:00
LLLLLHH-LH,1,14761159560602767025,te_extinction,359,295,state-001-001-0000350.gz,20812142,1491,compact_numpy_v1,ee6a78f884798442b70624bf215292b2aadfdf8d,/scratch/skremer/TE_World2-pilot/TE-Interaction-Experiments/LLLLLHH-LH/provenance-001-001.json,2026-08-30T13:32:54.282978+00:00
LLLLLHH-LH,2,7253166585173502690,te_extinction,174,276,state-002-001-0000150.gz,20812142,1492,compact_numpy_v1,ee6a78f884798442b70624bf215292b2aadfdf8d,/scratch/skremer/TE_World2-pilot/TE-Interaction-Experiments/LLLLLHH-LH/provenance-002-001.json,2026-08-30T13:32:54.288777+00:00
LLLLLHH-LH,3,7357145003059680360,te_extinction,454,306,state-003-001-0000450.gz,20812142,1493,compact_numpy_v1,ee6a78f884798442b70624bf215292b2aadfdf8d,/scratch/skremer/TE_World2-pilot/TE-Interaction-Experiments/LLLLLHH-LH/provenance-003-001.json,2026-08-30T13:32:54.293237+00:00
LLLLLHH-LL,1,13126017300423938959,te_extinction,107,292,state-001-001-0000100.gz,20812142,1488,compact_numpy_v1,ee6a78f884798442b70624bf215292b2aadfdf8d,/scratch/skremer/TE_World2-pilot/TE-Interaction-Experiments/LLLLLHH-LL/provenance-001-001.json,2026-08-30T13:32:54.270839+00:00
LLLLLHH-LL,2,8156215879134596963,te_extinction,173,288,state-002-001-0000150.gz,20812142,1489,compact_numpy_v1,ee6a78f884798442b70624bf215292b2aadfdf8d,/scratch/skremer/TE_World2-pilot/TE-Interaction-Experiments/LLLLLHH-LL/provenance-002-001.json,2026-08-30T13:32:54.274727+00:00
LLLLLHH-LL,3,12146870552243533040,te_extinction,126,310,state-003-001-0000100.gz,20812142,1490,compact_numpy_v1,ee6a78f884798442b70624bf215292b2aadfdf8d,/scratch/skremer/TE_World2-pilot/TE-Interaction-Experiments/LLLLLHH-LL/provenance-003-001.json,2026-08-30T13:32:54.278728+00:00
LLLLLHL-HH,1,14321946532876624439,te_extinction,156,29,state-001-001-0000150.gz,20812142,1509,compact_numpy_v1,ee6a78f884798442b70624bf215292b2aadfdf8d,/scratch/skremer/TE_World2-pilot/TE-Interaction-Experiments/LLLLLHL-HH/provenance-001-001.json,2026-08-30T13:32:54.378082+00:00
LLLLLHL-HH,2,1151713241352376775,te_extinction,592,26,state-002-001-0000550.gz,20812142,1510,compact_numpy_v1,ee6a78f884798442b70624bf215292b2aadfdf8d,/scratch/skremer/TE_World2-pilot/TE-Interaction-Experiments/LLLLLHL-HH/provenance-002-001.json,2026-08-30T13:32:54.383945+00:00
LLLLLHL-HH,3,16101113511861638363,te_extinction,590,31,state-003-001-0000550.gz,20812142,1511,compact_numpy_v1,ee6a78f884798442b70624bf215292b2aadfdf8d,/scratch/skremer/TE_World2-pilot/TE-Interaction-Experiments/LLLLLHL-HH/provenance-003-001.json,2026-08-30T13:32:54.392565+00:00
LLLLLHL-HL,1,2449489886693750112,host_extinction,9,0,state-001-001-0000000.gz,20812142,1506,compact_numpy_v1,ee6a78f884798442b70624bf215292b2aadfdf8d,/scratch/skremer/TE_World2-pilot/TE-Interaction-Experiments/LLLLLHL-HL/provenance-001-001.json,2026-08-30T13:32:54.369278+00:00
LLLLLHL-HL,2,4777002294012460623,host_extinction,9,0,state-002-001-0000000.gz,20812142,1507,compact_numpy_v1,ee6a78f884798442b70624bf215292b2aadfdf8d,/scratch/skremer/TE_World2-pilot/TE-Interaction-Experiments/LLLLLHL-HL/provenance-002-001.json,2026-08-30T13:32:54.372248+00:00
LLLLLHL-HL,3,2122954020733899685,host_extinction,7,0,state-003-001-0000000.gz,20812142,1508,compact_numpy_v1,ee6a78f884798442b70624bf215292b2aadfdf8d,/scratch/skremer/TE_World2-pilot/TE-Interaction-Experiments/LLLLLHL-HL/provenance-003-001.json,2026-08-30T13:32:54.374866+00:00
LLLLLHL-LH,1,6119515877307972616,host_extinction,8,0,state-001-001-0000000.gz,20812142,1503,compact_numpy_v1,ee6a78f884798442b70624bf215292b2aadfdf8d,/scratch/skremer/TE_World2-pilot/TE-Interaction-Experiments/LLLLLHL-LH/provenance-001-001.json,2026-08-30T13:32:54.356516+00:00
LLLLLHL-LH,2,4124712291915115272,host_extinction,8,0,state-002-001-0000000.gz,20812142,1504,compact_numpy_v1,ee6a78f884798442b70624bf215292b2aadfdf8d,/scratch/skremer/TE_World2-pilot/TE-Interaction-Experiments/LLLLLHL-LH/provenance-002-001.json,2026-08-30T13:32:54.360377+00:00
LLLLLHL-LH,3,8375557914711684596,host_extinction,8,0,state-003-001-0000000.gz,20812142,1505,compact_numpy_v1,ee6a78f884798442b70624bf215292b2aadfdf8d,/scratch/skremer/TE_World2-pilot/TE-Interaction-Experiments/LLLLLHL-LH/provenance-003-001.json,2026-08-30T13:32:54.364927+00:00
LLLLLHL-LL,1,2207955260627526481,te_extinction,176,36,state-001-001-0000150.gz,20812142,1500,compact_numpy_v1,ee6a78f884798442b70624bf215292b2aadfdf8d,/scratch/skremer/TE_World2-pilot/TE-Interaction-Experiments/LLLLLHL-LL/provenance-001-001.json,2026-08-30T13:32:54.340824+00:00
LLLLLHL-LL,2,11002293225365626117,host_extinction,7,0,state-002-001-0000000.gz,20812142,1501,compact_numpy_v1,ee6a78f884798442b70624bf215292b2aadfdf8d,/scratch/skremer/TE_World2-pilot/TE-Interaction-Experiments/LLLLLHL-LL/provenance-002-001.json,2026-08-30T13:32:54.346454+00:00
LLLLLHL-LL,3,8697360247833493962,host_extinction,10,0,state-003-001-0000000.gz,20812142,1502,compact_numpy_v1,ee6a78f884798442b70624bf215292b2aadfdf8d,/scratch/skremer/TE_World2-pilot/TE-Interaction-Experiments/LLLLLHL-LL/provenance-003-001.json,2026-08-30T13:32:54.350777+00:00
LLLLLLH-HH,1,17273835163730066744,te_extinction,1014,296,state-001-001-0001000.gz,20812142,1521,compact_numpy_v1,ee6a78f884798442b70624bf215292b2aadfdf8d,/scratch/skremer/TE_World2-pilot/TE-Interaction-Experiments/LLLLLLH-HH/provenance-001-001.json,2026-08-30T13:32:54.462485+00:00
LLLLLLH-HH,2,7080269842922142098,te_extinction,358,297,state-002-001-0000350.gz,20812142,1522,compact_numpy_v1,ee6a78f884798442b70624bf215292b2aadfdf8d,/scratch/skremer/TE_World2-pilot/TE-Interaction-Experiments/LLLLLLH-HH/provenance-002-001.json,2026-08-30T13:32:54.473331+00:00
LLLLLLH-HH,3,15282288809037695463,host_extinction,31,0,state-003-001-0000000.gz,20812142,1523,compact_numpy_v1,ee6a78f884798442b70624bf215292b2aadfdf8d,/scratch/skremer/TE_World2-pilot/TE-Interaction-Experiments/LLLLLLH-HH/provenance-003-001.json,2026-08-30T13:32:54.478217+00:00
LLLLLLH-HL,1,9867300207065403505,te_extinction,337,287,state-001-001-0000300.gz,20812142,1518,compact_numpy_v1,ee6a78f884798442b70624bf215292b2aadfdf8d,/scratch/skremer/TE_World2-pilot/TE-Interaction-Experiments/LLLLLLH-HL/provenance-001-001.json,2026-08-30T13:32:54.440978+00:00
LLLLLLH-HL,2,9521888606246095984,host_extinction,20,0,state-002-001-0000000.gz,20812142,1519,compact_numpy_v1,ee6a78f884798442b70624bf215292b2aadfdf8d,/scratch/skremer/TE_World2-pilot/TE-Interaction-Experiments/LLLLLLH-HL/provenance-002-001.json,2026-08-30T13:32:54.447317+00:00
LLLLLLH-HL,3,10694192227050610083,te_extinction,892,271,state-003-001-0000850.gz,20812142,1520,compact_numpy_v1,ee6a78f884798442b70624bf215292b2aadfdf8d,/scratch/skremer/TE_World2-pilot/TE-Interaction-Experiments/LLLLLLH-HL/provenance-003-001.json,2026-08-30T13:32:54.451126+00:00
LLLLLLH-LH,1,8063989408397452972,te_extinction,670,322,state-001-001-0000650.gz,20812142,1515,compact_numpy_v1,ee6a78f884798442b70624bf215292b2aadfdf8d,/scratch/skremer/TE_World2-pilot/TE-Interaction-Experiments/LLLLLLH-LH/provenance-001-001.json,2026-08-30T13:32:54.418534+00:00
LLLLLLH-LH,2,5448472737550063620,te_extinction,675,316,state-002-001-0000650.gz,20812142,1516,compact_numpy_v1,ee6a78f884798442b70624bf215292b2aadfdf8d,/scratch/skremer/TE_World2-pilot/TE-Interaction-Experiments/LLLLLLH-LH/provenance-002-001.json,2026-08-30T13:32:54.426345+00:00
LLLLLLH-LH,3,6996509400861251978,te_extinction,409,298,state-003-001-0000400.gz,20812142,1517,compact_numpy_v1,ee6a78f884798442b70624bf215292b2aadfdf8d,/scratch/skremer/TE_World2-pilot/TE-Interaction-Experiments/LLLLLLH-LH/provenance-003-001.json,2026-08-30T13:32:54.433850+00:00
LLLLLLH-LL,1,11163027165640632498,te_extinction,425,311,state-001-001-0000400.gz,20812142,1512,compact_numpy_v1,ee6a78f884798442b70624bf215292b2aadfdf8d,/scratch/skremer/TE_World2-pilot/TE-Interaction-Experiments/LLLLLLH-LL/provenance-001-001.json,2026-08-30T13:32:54.400464+00:00
LLLLLLH-LL,2,779228203367477408,te_extinction,272,318,state-002-001-0000250.gz,20812142,1513,compact_numpy_v1,ee6a78f884798442b70624bf215292b2aadfdf8d,/scratch/skremer/TE_World2-pilot/TE-Interaction-Experiments/LLLLLLH-LL/provenance-002-001.json,2026-08-30T13:32:54.407311+00:00
LLLLLLH-LL,3,5584130989673306144,te_extinction,357,320,state-003-001-0000350.gz,20812142,1514,compact_numpy_v1,ee6a78f884798442b70624bf215292b2aadfdf8d,/scratch/skremer/TE_World2-pilot/TE-Interaction-Experiments/LLLLLLH-LL/provenance-003-001.json,2026-08-30T13:32:54.413003+00:00
LLLLLLL-HH,1,17347102804801482917,host_extinction,12,0,state-001-001-0000000.gz,20812142,1533,compact_numpy_v1,ee6a78f884798442b70624bf215292b2aadfdf8d,/scratch/skremer/TE_World2-pilot/TE-Interaction-Experiments/LLLLLLL-HH/provenance-001-001.json,2026-08-30T13:32:54.525195+00:00
LLLLLLL-HH,2,10342231942393743203,te_extinction,649,34,state-002-001-0000600.gz,20812142,1534,compact_numpy_v1,ee6a78f884798442b70624bf215292b2aadfdf8d,/scratch/skremer/TE_World2-pilot/TE-Interaction-Experiments/LLLLLLL-HH/provenance-002-001.json,2026-08-30T13:32:54.529822+00:00
LLLLLLL-HH,3,17799630826639617421,host_extinction,10,0,state-003-001-0000000.gz,20812142,1535,compact_numpy_v1,ee6a78f884798442b70624bf215292b2aadfdf8d,/scratch/skremer/TE_World2-pilot/TE-Interaction-Experiments/LLLLLLL-HH/provenance-003-001.json,2026-08-30T13:32:54.537677+00:00
LLLLLLL-HL,1,3440242813350890376,host_extinction,9,0,state-001-001-0000000.gz,20812142,1530,compact_numpy_v1,ee6a78f884798442b70624bf215292b2aadfdf8d,/scratch/skremer/TE_World2-pilot/TE-Interaction-Experiments/LLLLLLL-HL/provenance-001-001.json,2026-08-30T13:32:54.513915+00:00
LLLLLLL-HL,2,10607673984522876990,host_extinction,9,0,state-002-001-0000000.gz,20812142,1531,compact_numpy_v1,ee6a78f884798442b70624bf215292b2aadfdf8d,/scratch/skremer/TE_World2-pilot/TE-Interaction-Experiments/LLLLLLL-HL/provenance-002-001.json,2026-08-30T13:32:54.517993+00:00
LLLLLLL-HL,3,13479209435177757335,te_extinction,190,25,state-003-001-0000150.gz,20812142,1532,compact_numpy_v1,ee6a78f884798442b70624bf215292b2aadfdf8d,/scratch/skremer/TE_World2-pilot/TE-Interaction-Experiments/LLLLLLL-HL/provenance-003-001.json,2026-08-30T13:32:54.520180+00:00
LLLLLLL-LH,1,9055602386165753007,host_extinction,8,0,state-001-001-0000000.gz,20812142,1527,compact_numpy_v1,ee6a78f884798442b70624bf215292b2aadfdf8d,/scratch/skremer/TE_World2-pilot/TE-Interaction-Experiments/LLLLLLL-LH/provenance-001-001.json,2026-08-30T13:32:54.498514+00:00
LLLLLLL-LH,2,8785242693774318024,host_extinction,8,0,state-002-001-0000000.gz,20812142,1528,compact_numpy_v1,ee6a78f884798442b70624bf215292b2aadfdf8d,/scratch/skremer/TE_World2-pilot/TE-Interaction-Experiments/LLLLLLL-LH/provenance-002-001.json,2026-08-30T13:32:54.503064+00:00
LLLLLLL-LH,3,18242702833504766648,te_extinction,267,34,state-003-001-0000250.gz,20812142,1529,compact_numpy_v1,ee6a78f884798442b70624bf215292b2aadfdf8d,/scratch/skremer/TE_World2-pilot/TE-Interaction-Experiments/LLLLLLL-LH/provenance-003-001.json,2026-08-30T13:32:54.506732+00:00
LLLLLLL-LL,1,4809301421241072623,te_extinction,120,23,state-001-001-0000100.gz,20812142,1524,compact_numpy_v1,ee6a78f884798442b70624bf215292b2aadfdf8d,/scratch/skremer/TE_World2-pilot/TE-Interaction-Experiments/LLLLLLL-LL/provenance-001-001.json,2026-08-30T13:32:54.483835+00:00
LLLLLLL-LL,2,7761563350328410142,host_extinction,7,0,state-002-001-0000000.gz,20812142,1525,compact_numpy_v1,ee6a78f884798442b70624bf215292b2aadfdf8d,/scratch/skremer/TE_World2-pilot/TE-Interaction-Experiments/LLLLLLL-LL/provenance-002-001.json,2026-08-30T13:32:54.488504+00:00
LLLLLLL-LL,3,536458159493525600,host_extinction,9,0,state-003-001-0000000.gz,20812142,1526,compact_numpy_v1,ee6a78f884798442b70624bf215292b2aadfdf8d,/scratch/skremer/TE_World2-pilot/TE-Interaction-Experiments/LLLLLLL-LL/provenance-003-001.json,2026-08-30T13:32:54.491538+00:00
